UrunKodu;Kategori;UrunAciklamasi;UrunAciklamasiEn;BirimFiyat;MaliyetFiyati;EklenmeTarihi;FiyatTL;FiyatUSD;FiyatEUR
LT-G0200;Belli Değil;"Laboratuar Etüvü, 30 litre kapasiteli, 
ortam sıcaklığı ile 200°C  ±2°C arasında, PID dijital kontrol sistemli, Güvenlik termostatlı, Dahili Hava Sirkülasyon Sistemli, İç Yüzey Yapısı : Paslanmaz Çelik İç Hazne, Dış Yüzey Yapısı : Elektrostatik Toz Boyalı Çelik, 2 adet ayarlanabilir raf ile birlikte verilmektedir. 220 V, 50-60 Hz, 1 ph";Laboratory oven, 30 L capacity, ambient to 200°C ±2°C, PID digital control system, equipped of a dual safety thermostat, fan circulated, stainless steel interior, electrostatic painted exterior,  2 adjustable shelves. 220 V, 50-60 Hz, 1 ph;0,00;0,00;2025-09-04 15:23:18.020;0,00;870,00;810,00
LT-G0201;Belli Değil;"Laboratuar Etüvü, 50 litre kapasiteli, 
ortam sıcaklığı ile 200°C  ±2°C arasında, PID dijital kontrol sistemli, Güvenlik termostatlı, Dahili Hava Sirkülasyon Sistemli, İç Yüzey Yapısı : Paslanmaz Çelik İç Hazne, Dış Yüzey Yapısı : Elektrostatik Toz Boyalı Çelik, 2 adet ayarlanabilir raf ile birlikte verilmektedir. 220 V, 50-60 Hz, 1 ph";Laboratory oven, 50 L capacity, ambient to 200°C ±2°C, PID digital control system, equipped of a dual safety thermostat, fan circulated, stainless steel interior, electrostatic painted exterior,  2 adjustable shelves. 220 V, 50-60 Hz, 1 ph;0,00;33810,00;2025-09-04 15:23:18.021;0,00;930,00;861,00
LT-G0202;Belli Değil;"Laboratuar Etüvü, 120 litre kapasiteli, 
ortam sıcaklığı ile 200°C  ±2°C arasında, PID dijital kontrol sistemli, Güvenlik termostatlı, Dahili Hava Sirkülasyon Sistemli, İç Yüzey Yapısı : Paslanmaz Çelik İç Hazne, Dış Yüzey Yapısı : Elektrostatik Toz Boyalı Çelik, 2 adet ayarlanabilir raf ile birlikte verilmektedir. 
220 V, 50-60 Hz, 1 ph";"Laboratory oven, 120 L capacity, ambient to 200°C ±2°C, PID digital control system, equipped of a dual safety thermostat, fan circulated, stainless steel interior, electrostatic painted exterior,  2 adjustable shelves. 
220 V, 50-60 Hz, 1 ph";0,00;18284,50;2025-09-04 15:23:18.022;0,00;1020,00;945,00
LT-G0202/H;Belli Değil;"Laboratuar Etüvü, 120 litre kapasiteli, 
ortam sıcaklığı ile 300°C  ±2°C arasında, PID dijital kontrol sistemli, Güvenlik termostatlı, Dahili Hava Sirkülasyon Sistemli, İç Yüzey Yapısı : Paslanmaz Çelik İç Hazne, Dış Yüzey Yapısı : Elektrostatik Toz Boyalı Çelik, 2 adet ayarlanabilir raf ile birlikte verilmektedir. 220 V, 50-60 Hz, 1 ph";Laboratory oven, 120 L capacity, ambient to 300°C ±2°C, PID digital control system, equipped of a dual safety thermostat, fan circulated, stainless steel interior, electrostatic painted exterior,  2 adjustable shelves. 220 V, 50-60 Hz, 1 ph;0,00;18284,50;2025-09-04 15:23:18.023;0,00;1200,00;1112,00
LT-G0203;Belli Değil;"Laboratuar Etüvü, 250 litre kapasiteli, 
ortam sıcaklığı ile 200°C  ±2°C arasında, PID dijital kontrol sistemli, Güvenlik termostatlı, Dahili Hava Sirkülasyon Sistemli, İç Yüzey Yapısı : Paslanmaz Çelik İç Hazne, Dış Yüzey Yapısı : Elektrostatik Toz Boyalı Çelik, 3 adet ayarlanabilir raf ile birlikte verilmektedir. 220 V, 50-60 Hz, 1 ph";Laboratory oven, 250 L capacity, ambient to 200°C ±2°C, PID digital control system, equipped of a dual safety thermostat, fan circulated, stainless steel interior, electrostatic painted exterior,  3 adjustable shelves. 220 V, 50-60 Hz, 1 ph;0,00;23379,89;2025-09-04 15:23:18.024;0,00;1500,00;1500,00
LT-G0203/H;Belli Değil;"Laboratuar Etüvü, 250 litre kapasiteli, 
ortam sıcaklığı ile 300°C  ±2°C arasında, PID dijital kontrol sistemli, Güvenlik termostatlı, Dahili Hava Sirkülasyon Sistemli, İç Yüzey Yapısı : Paslanmaz Çelik İç Hazne, Dış Yüzey Yapısı : Elektrostatik Toz Boyalı Çelik, 3 adet ayarlanabilir raf ile birlikte verilmektedir. 220 V, 50-60 Hz, 1 ph";Laboratory oven, 250 L capacity, ambient to 300°C ±2°C, PID digital control system, equipped of a dual safety thermostat, fan circulated, stainless steel interior, electrostatic painted exterior,  3 adjustable shelves. 220 V, 50-60 Hz, 1 ph;0,00;23379,89;2025-09-04 15:23:18.025;0,00;1562,00;1550,00
LT-G0204;Belli Değil;"Laboratuar Etüvü, 500 litre kapasiteli, 
ortam sıcaklığı ile 200°C  ±2°C arasında, PID dijital kontrol sistemli, Güvenlik termostatlı, Dahili Hava Sirkülasyon Sistemli, İç Yüzey Yapısı : Paslanmaz Çelik İç Hazne, Dış Yüzey Yapısı : Elektrostatik Toz Boyalı Çelik, 4 adet ayarlanabilir raf ile birlikte verilmektedir. 380 V, 50-60 Hz, 3 ph";Laboratory oven, 500 L capacity, ambient to 200°C ±2°C, PID digital control system, equipped of a dual safety thermostat, fan circulated, stainless steel interior, electrostatic painted exterior,  4 adjustable shelves. 380 V, 50-60 Hz, 3 ph;0,00;35220,50;2025-09-04 15:23:18.026;0,00;2062,00;1812,00
LT-G0204/H;Belli Değil;"Laboratuar Etüvü, 500 litre kapasiteli, 
ortam sıcaklığı ile 300°C  ±2°C arasında, PID dijital kontrol sistemli, Güvenlik termostatlı, Dahili Hava Sirkülasyon Sistemli, İç Yüzey Yapısı : Paslanmaz Çelik İç Hazne, Dış Yüzey Yapısı : Elektrostatik Toz Boyalı Çelik, 4 adet ayarlanabilir raf ile birlikte verilmektedir. 380 V, 50-60 Hz, 3 ph";Laboratory oven, 500 L capacity, ambient to 300°C ±2°C, PID digital control system, equipped of a dual safety thermostat, fan circulated, stainless steel interior, electrostatic painted exterior,  4 adjustable shelves. 380 V, 50-60 Hz, 3 ph;0,00;35220,50;2025-09-04 15:23:18.027;0,00;2312,00;1944,00
LT-G0205;Belli Değil;"Laboratuar Etüvü, 700 litre kapasiteli, 
ortam sıcaklığı ile 200°C  ±2°C arasında, PID dijital kontrol sistemli, Güvenlik termostatlı, Dahili Hava Sirkülasyon Sistemli, İç Yüzey Yapısı : Paslanmaz Çelik İç Hazne, Dış Yüzey Yapısı : Elektrostatik Toz Boyalı Çelik, 4 adet ayarlanabilir raf ile birlikte verilmektedir. 380 V, 50-60 Hz, 3 ph";Laboratory oven, 700 L capacity, ambient to 200°C ±2°C, PID digital control system, equipped of a dual safety thermostat, fan circulated, stainless steel interior, electrostatic painted exterior,  4 adjustable shelves. 380 V, 50-60 Hz, 3 ph;0,00;59000,00;2025-09-04 15:23:18.028;0,00;2375,00;2166,00
LT-G0205/H;Belli Değil;"Laboratuar Etüvü, 700 litre kapasiteli, 
ortam sıcaklığı ile 300°C  ±2°C arasında, PID dijital kontrol sistemli, Güvenlik termostatlı, Dahili Hava Sirkülasyon Sistemli, İç Yüzey Yapısı : Paslanmaz Çelik İç Hazne, Dış Yüzey Yapısı : Elektrostatik Toz Boyalı Çelik, 4 adet ayarlanabilir raf ile birlikte verilmektedir. 380 V, 50-60 Hz, 3 ph";Laboratory oven, 700 L capacity, ambient to 300°C ±2°C, PID digital control system, equipped of a dual safety thermostat, fan circulated, stainless steel interior, electrostatic painted exterior,  4 adjustable shelves. 380 V, 50-60 Hz, 3 ph;0,00;59000,00;2025-09-04 15:23:18.029;0,00;2450,00;2361,00
LT-G0206;Belli Değil;"Laboratuar Etüvü, 1000 litre kapasiteli, 
ortam sıcaklığı ile 200°C  ±2°C arasında, PID dijital kontrol sistemli, Güvenlik termostatlı, Dahili Hava Sirkülasyon Sistemli, İç Yüzey Yapısı : Paslanmaz Çelik İç Hazne, Dış Yüzey Yapısı : Elektrostatik Toz Boyalı Çelik, 5 adet ayarlanabilir raf ile birlikte verilmektedir. 380 V, 50-60 Hz, 3 ph";Laboratory oven, 1000 L capacity, ambient to 200°C ±2°C, PID digital control system, equipped of a dual safety thermostat, fan circulated, stainless steel interior, electrostatic painted exterior,  4 adjustable shelves. 380 V, 50-60 Hz, 3 ph;0,00;64000,00;2025-09-04 15:23:18.030;0,00;4250,00;4100,00
LT-G4600;Belli Değil;"Laboratuar Etüvü, 4600 litre kapasiteli, 
ortam sıcaklığı ile 200°C  ±2°C arasında, PID dijital kontrol sistemli, Güvenlik termostatlı, Dahili Hava Sirkülasyon Sistemli, İç Yüzey Yapısı : Paslanmaz Çelik İç Hazne, Dış Yüzey Yapısı : Elektrostatik Toz Boyalı Çelik, 2 adet etüv arabası ile birlikte verilmektedir. 380 V, 50-60 Hz, 3 ph";Laboratory oven, 4600 L capacity, ambient to 200°C ±2°C, PID digital control system, equipped of a dual safety thermostat, fan circulated, stainless steel interior, electrostatic painted exterior,  2  trolley. 380 V, 50-60 Hz, 3 ph;0,00;88000,00;2025-09-04 15:23:18.031;0,00;4250,00;4100,00
LT-G0207;Belli Değil;Etüv Resiztans;Resistance ;750,00;200,00;2025-09-04 15:23:18.032;750,00;22,00;21,00
LT-G0208;Belli Değil;Etüv Fan Motoru;Laboratory oven Fan;0,00;300,00;2025-09-04 15:23:18.033;0,00;15,00;14,00
LT-G0275;Belli Değil;"Kül Fırını;
Kullanılır hacim: 4 litre
Sıcaklık Çalısma Aralığı : 1100 ºC
Kontrol Sistemi : PID & MP
Sıcaklık Hassasiyeti : ± 2 ºC
İç yüzey Yapısı : Fiber Plaka ve Ates Tuğlası
Dış Yüzey Yapısı : Elektrostatik Toz Boyalı Çelik
220 V, 50-60 Hz, 1 ph";"Muffle furnace, 
Capacity: 4 L,
Max. Temperature: 1100°C 
Control System: PID & MP, 
Temperature Sensitivity: ± 2 ºC
Internal Surface Material: Fiber plate and Fire Brick,
Ext. Surface Material: Steel with Electrostatic Powder Paint
220 V, 50-60 Hz, 1 ph
";0,00;53130,00;2025-09-04 15:23:18.034;0,00;2010,00;0,00
LT-G0276;Belli Değil;"Kül Fırını;
Kullanılır hacim: 7 litre
Sıcaklık Çalısma Aralığı : 1100 ºC
Kontrol Sistemi : PID & MP
Sıcaklık Hassasiyeti : ± 2 ºC
İç yüzey Yapısı : Fiber Plaka ve Ates Tuğlası
Dış Yüzey Yapısı : Elektrostatik Toz Boyalı Çelik
220 V, 50-60 Hz, 1 ph";"Muffle furnace, 
Capacity: 7 L,
Max. Temperature: 1100°C 
Control System: PID & MP, 
Temperature Sensitivity: ± 2 ºC
Internal Surface Material: Fiber plate and Fire Brick,
Ext. Surface Material: Steel with Electrostatic Powder Paint
220 V, 50-60 Hz, 1 ph
";0,00;66000,00;2025-09-04 15:23:18.035;0,00;2310,00;0,00
LT-G0277;Belli Değil;"Kül Fırını;
Kullanılır hacim: 10 litre
Sıcaklık Çalısma Aralığı : 1100 ºC
Kontrol Sistemi : PID & MP
Sıcaklık Hassasiyeti : ± 2 ºC
İç yüzey Yapısı : Fiber Plaka ve Ates Tuğlası
Dış Yüzey Yapısı : Elektrostatik Toz Boyalı Çelik
380 V, 50-60 Hz, 3 ph";"Muffle furnace, 
Capacity: 10 L,
Max. Temperature: 1100°C 
Control System: PID & MP, 
Temperature Sensitivity: ± 2 ºC
Internal Surface Material: Fiber plate and Fire Brick,
Ext. Surface Material: Steel with Electrostatic Powder Paint
380 V, 50-60 Hz, 3 ph
";0,00;80000,00;2025-09-04 15:23:18.036;0,00;3195,00;0,00
LT-G0278;Belli Değil;"Kül Fırını;
Kullanılır hacim: 20 litre
Sıcaklık Çalısma Aralığı : 1100 ºC
Kontrol Sistemi : PID & MP
Sıcaklık Hassasiyeti : ± 2 ºC
İç yüzey Yapısı : Fiber Plaka ve Ates Tuğlası
Dış Yüzey Yapısı : Elektrostatik Toz Boyalı Çelik
380 V, 50-60 Hz, 3 ph";"Muffle furnace, 
Capacity: 20 L,
Max. Temperature: 1100°C 
Control System: PID & MP, 
Temperature Sensitivity: ± 2 ºC
Internal Surface Material: Fiber plate and Fire Brick,
Ext. Surface Material: Steel with Electrostatic Powder Paint
380 V, 50-60 Hz, 3 ph
";0,00;96600,00;2025-09-04 15:23:18.037;0,00;0,00;0,00
LT-G0283;Belli Değil;"Kül Fırını;
Kullanılır hacim: 45 litre
Sıcaklık Çalısma Aralığı : 1100 ºC
Kontrol Sistemi : PID & MP
Sıcaklık Hassasiyeti : ± 2 ºC
İç yüzey Yapısı : Fiber Plaka ve Ates Tuğlası
Dış Yüzey Yapısı : Elektrostatik Toz Boyalı Çelik
380 V, 50-60 Hz, 3 ph";"Muffle furnace, 
Capacity: 45 L,
Max. Temperature: 1100°C 
Control System: PID & MP, 
Temperature Sensitivity: ± 2 ºC
Internal Surface Material: Fiber plate and Fire Brick,
Ext. Surface Material: Steel with Electrostatic Powder Paint
380 V, 50-60 Hz, 3 ph
";0,00;140000,00;2025-09-04 15:23:18.038;0,00;0,00;0,00
LT-G0279;Belli Değil;"Kül Fırını;
Kullanılır hacim: 4 litre
Sıcaklık Çalısma Aralığı : 1200 ºC
Kontrol Sistemi : PID & MP
Sıcaklık Hassasiyeti : ± 2 ºC
İç yüzey Yapısı : Fiber Plaka ve Ates Tuğlası
Dış Yüzey Yapısı : Elektrostatik Toz Boyalı Çelik
220 V, 50-60 Hz, 1 ph";"Muffle furnace, 
Capacity: 4 L,
Max. Temperature: 1200°C 
Control System: PID & MP, 
Temperature Sensitivity: ± 2 ºC
Internal Surface Material: Fiber plate and Fire Brick,
Ext. Surface Material: Steel with Electrostatic Powder Paint
220 V, 50-60 Hz, 1 ph";0,00;53130,00;2025-09-04 15:23:18.039;0,00;2490,00;0,00
LT-G0280;Belli Değil;"Kül Fırını;
Kullanılır hacim: 7 litre
Sıcaklık Çalısma Aralığı : 1200 ºC
Kontrol Sistemi : PID & MP
Sıcaklık Hassasiyeti : ± 2 ºC
İç yüzey Yapısı : Fiber Plaka ve Ates Tuğlası
Dış Yüzey Yapısı : Elektrostatik Toz Boyalı Çelik
220 V, 50-60 Hz, 1 ph";"Muffle furnace, 
Capacity: 7 L,
Max. Temperature: 1200°C 
Control System: PID & MP, 
Temperature Sensitivity: ± 2 ºC
Internal Surface Material: Fiber plate and Fire Brick,
Ext. Surface Material: Steel with Electrostatic Powder Paint
220 V, 50-60 Hz, 1 ph";0,00;66000,00;2025-09-04 15:23:18.040;0,00;2730,00;0,00
LT-G0281;Belli Değil;"Kül Fırını;
Kullanılır hacim: 10 litre
Sıcaklık Çalısma Aralığı : 1200 ºC
Kontrol Sistemi : PID & MP
Sıcaklık Hassasiyeti : ± 2 ºC
İç yüzey Yapısı : Fiber Plaka ve Ates Tuğlası
Dış Yüzey Yapısı : Elektrostatik Toz Boyalı Çelik
220 V, 50-60 Hz, 1 ph";"Muffle furnace, 
Capacity: 10 L,
Max. Temperature: 1200°C 
Control System: PID & MP, 
Temperature Sensitivity: ± 2 ºC
Internal Surface Material: Fiber plate and Fire Brick,
Ext. Surface Material: Steel with Electrostatic Powder Paint
220 V, 50-60 Hz, 1 ph";0,00;80000,00;2025-09-04 15:23:18.041;0,00;2730,00;0,00
LT-G0282;Belli Değil;"Kül Fırını;
Kullanılır hacim: 20 litre
Sıcaklık Çalısma Aralığı : 1200 ºC
Kontrol Sistemi : PID & MP
Sıcaklık Hassasiyeti : ± 2 ºC
İç yüzey Yapısı : Fiber Plaka ve Ates Tuğlası
Dış Yüzey Yapısı : Elektrostatik Toz Boyalı Çelik
220 V, 50-60 Hz, 1 ph";"Muffle furnace, 
Capacity: 20 L,
Max. Temperature: 1200°C 
Control System: PID & MP, 
Temperature Sensitivity: ± 2 ºC
Internal Surface Material: Fiber plate and Fire Brick,
Ext. Surface Material: Steel with Electrostatic Powder Paint
220 V, 50-60 Hz, 1 ph";0,00;96600,00;2025-09-04 15:23:18.042;0,00;2730,00;0,00
LT-G0284;Belli Değil;"Kül Fırını;
Kullanılır hacim: 45 litre
Sıcaklık Çalısma Aralığı : 1200 ºC
Kontrol Sistemi : PID & MP
Sıcaklık Hassasiyeti : ± 2 ºC
İç yüzey Yapısı : Fiber Plaka ve Ates Tuğlası
Dış Yüzey Yapısı : Elektrostatik Toz Boyalı Çelik
380 V, 50-60 Hz, 3 ph";"Muffle furnace, 
Capacity: 45 L,
Max. Temperature: 1200°C 
Control System: PID & MP, 
Temperature Sensitivity: ± 2 ºC
Internal Surface Material: Fiber plate and Fire Brick,
Ext. Surface Material: Steel with Electrostatic Powder Paint
380 V, 50-60 Hz, 3 ph
";0,00;140000,00;2025-09-04 15:23:18.043;0,00;0,00;0,00
LT-G0241;Belli Değil;"Dijital Elektrikli Ocak– Hot Plate
Dış Yüzey Ölçüleri : 30x30
Sıcaklık Çalışma Aralığı : Ortam sıcaklıgı ile 350°C
Kontrol Sistemi : PID Dijital Termostat
Sıcaklık Hassasiyeti : ± 2 ºC
Isıtma Tablası : Döküm / Kumlama Sac
Dış Yüzey Yapısı : Elektrostatik Toz Boyalı Çelik
Güç Değerleri : 220 V, 50 Hz, 1 ph";"Digital Electrical Hot Plate
Dimensions : 30x30
Temperature Range is ambient to 350°C.
Controller System : PID Digital Thermostat
Heater Table made from Cast / Sand Blasting Sheet Iron.
Power Supply : 220 V, 50 Hz, 1 ph";0,00;9500,00;2025-09-04 15:23:18.044;0,00;591,00;550,00
LT-G0242;Belli Değil;"Dijital Elektrikli Ocak– Hot Plate
Dış Yüzey Ölçüleri : 30x60
Sıcaklık Çalışma Aralığı : Ortam sıcaklıgı ile 350°C
Kontrol Sistemi : PID Dijital Termostat
Sıcaklık Hassasiyeti : ± 2 ºC
Isıtma Tablası : Döküm / Kumlama Sac
Dış Yüzey Yapısı : Elektrostatik Toz Boyalı Çelik
Güç Değerleri : 220 V, 50 Hz, 1 ph";"Digital Electrical Hot Plate
Dimensions : 30x60
Temperature Range is ambient to 350°C.
Controller System : PID Digital Thermostat
Heater Table made from Cast / Sand Blasting Sheet Iron.
Power Supply : 220 V, 50 Hz, 1 ph";0,00;0,00;2025-09-04 15:23:18.045;0,00;591,00;550,00
LT-G0243;Belli Değil;"Dijital Elektrikli Ocak– Hot Plate
Dış Yüzey Ölçüleri : 40x40
Sıcaklık Çalışma Aralığı : Ortam sıcaklıgı ile 350°C
Kontrol Sistemi : PID Dijital Termostat
Sıcaklık Hassasiyeti : ± 2 ºC
Isıtma Tablası : Döküm / Kumlama Sac
Dış Yüzey Yapısı : Elektrostatik Toz Boyalı Çelik
Güç Değerleri : 220 V, 50 Hz, 1 ph";"Digital Electrical Hot Plate
Dimensions : 40x40
Temperature Range is ambient to 350°C.
Controller System : PID Digital Thermostat
Heater Table made from Cast / Sand Blasting Sheet Iron.
Power Supply : 220 V, 50 Hz, 1 ph";0,00;10000,00;2025-09-04 15:23:18.046;0,00;711,00;740,00
LT-G0244;Belli Değil;Tekli Elektrikli Ocak, 1500 Watt, Analog Termostatlı;Single Hot Plate. 1500 Watt. Analog Thermostat.;0,00;800,00;2025-09-04 15:23:18.047;0,00;72,00;0,00
LT-G0245;Belli Değil;Çift Gözlü Elektrikli Ocak, 1000+1500 Watt, Analog Termostatlı;Double Hot Plate. 1000+1500 Watt. Analog Thermostat.;0,00;1800,00;2025-09-04 15:23:18.048;0,00;84,00;0,00
LT-G0246;Belli Değil;"Analog Isıtıcılı Manyetik Karıştırıcı. 
380°C'ye kadar ısıtma özelliği, 80-1500 devir/dakika hız. 20 litre karıştırma kapasiteli, Hız ve Sıcaklık Ayarı Analog. Seramik kaplı tabla, 190 x 190 mm tabla boyutu, , 600 W, 2 adet manyetik balık ile birlikte.";Analog Hot plate with magnetic stirrer, ambient to 380 °C temperature range, 80-1500 rpm stirring speed, 20 lt stirring capacity, Ceramic table, 180x180 mm hot plate. 220-240V, 50-60Hz, 1ph;0,00;12000,00;2025-09-04 15:23:18.049;0,00;720,00;0,00
LT-G0247;Belli Değil;"Dijital Isıtıcılı Manyetik Karıştırıcı. 
380°C'ye kadar ısıtma özelliği, 80-1500 devir/dakika hız. 20 litre karıştırma kapasiteli, Hız ve Sıcaklık Ayarı Analog. Seramik kaplı tabla, 190 x 190 mm tabla boyutu, , 600 W, 2 adet manyetik balık ile birlikte.";Digital Hot plate with magnetic stirrer, ambient to 380 °C temperature range, 80-1500 rpm stirring speed, 20 lt stirring capacity, Ceramic table, 180x180 mm hot plate. 220-240V, 50-60Hz, 1ph;0,00;16000,00;2025-09-04 15:23:18.050;0,00;900,00;0,00
LT-G0248;Belli Değil;ÇEKER OCAK ;Fume Hood;0,00;80000,00;2025-09-04 15:23:18.051;0,00;7500,00;
LT-G0250;Belli Değil;Kurutma Makinası, 220 V, 50-60 Hz, 1 ph;Warm-Air Drier, 220 V, 50-60 Hz, 1 ph;0,00;600,00;2025-09-04 15:23:18.052;0,00;78,00;0,00
LT-G0255;Belli Değil;"Sıcak Hava Tabancası, 250/500 lt/dak - 350/550°C 
230 V, 50-60 Hz, 1 ph";"Hot Air Gun, 250/500 L/min - 350/550°C .
220 V, 50-60 Hz, 1 ph";0,00;2000,00;2025-09-04 15:23:18.053;0,00;111,00;0,00
LT-G0260;Belli Değil;Mikrodalga Fırın, 17 L kapasiteli, max 250 °C, 100 dakikaya ayarlanabilir mekanik program saati, döner cam tepsi ve döner destek aparatı. 220 V, 50-60 Hz, 1 ph;Microwave Oven, 17 L capacity, max 250 °C,  100 min program timer, turntable system, 220 V, 50-60 Hz, 1 ph;0,00;2700,00;2025-09-04 15:23:18.054;0,00;192,00;0,00
LT-A0072;Belli Değil;Hızlı Nem Tayin Cihazı(Speedy Moisture Test), Arazi koşullarında toz, karışım ve hamur haldeki toprak, kum, kil, agrega ve diğer granüler malzemelerin nem içeriklerini hızlı ve doğru tespit eder. Kapasite: 20 gr. Hassas Terazisi, ölçüm kaşığı ve kabı, 1 kutu kalsiyum karpit tepkileyici, temizleme fırçası, ahşap muhafazası ile birlikte set olarak verilmektedir.;Speedy Moisture Test, used to determine moisture content in soils, sand and fine aggregates. 20 gr sample can be used. Precision Scale, measuring spoons and cups, 1 box of calcium carbide reagent, cleaning brush, wooden enclosure wit a complete set as.;0,00;1200,00;2025-09-04 15:23:18.055;0,00;1250,00;0,00
LT-G0097;Belli Değil;"Desikatör; 210 mm çapında";Non-Vacuum Dessicator Ø 210 mm;0,00;1956,80;2025-09-04 15:23:18.056;0,00;90,00;0,00
LT-G0098;Belli Değil;"Desikatör; 240 mm çapında";Non-Vacuum Dessicator Ø 240 mm;0,00;2480,90;2025-09-04 15:23:18.057;0,00;132,00;0,00
LT-G0099;Belli Değil;"Desikatör; 300 mm çapında";Non-Vacuum Dessicator Ø 300 mm;0,00;4197,85;2025-09-04 15:23:18.058;0,00;180,00;0,00
LT-G0100;Belli Değil;"Desikatör; 210 mm çapında, vakum tip";Vacuum Dessicator Ø 210 mm;0,00;2672,94;2025-09-04 15:23:18.059;0,00;114,00;0,00
LT-G0101;Belli Değil;"Desikatör; 240 mm çapında, vakum tip";Vacuum Dessicator Ø 240 mm;0,00;3960,13;2025-09-04 15:23:18.060;0,00;168,00;0,00
LT-G0102;Belli Değil;"Desikatör; 300 mm çapında, vakum tip";Vacuum Dessicator Ø 300 mm;0,00;5295,54;2025-09-04 15:23:18.061;0,00;225,00;0,00
LT-G0355;Belli Değil;Dijital Agrega Rutubet Ölçer. 1 m ölçüm probu. Ölçüm Süresi: 2 saniye, Sıcaklık Aralığı: -20 to 60 C. Sıcaklık Kararlılığı: 0.1°C, Sıcaklık Hassasiyeti: <0.5°C, Nem Aralığı:  0-25%, Nem Kararlılığı: ±0.1%, Nem Hassasiyeti:  Okumanın ±0.5%,'i. Batarya: 4x1.5V AA alkali pil. Ağırlık: 1500 g;"Digital Aggregate Moisture Tester. 1 m measuring probe. Temperature range: -20 to 60 C. Moisture Range:  0-25%, 
Battery: 4 x 1.5 V AA alkaline cells (or equivalent). Weight: 1500 gr";0,00;7420,00;2025-09-04 15:23:18.062;0,00;4200,00;0,00
LT-A0012/S;Belli Değil;Tel Çubuklu Yassılık Elek Seti,  EN 933-3 standardında, sac çerçeve, paslanmaz çelik çubuklu, çubuklar arası 2,50, 3,15, 4,00, 5,00, 6,30, 8,00, 10,00, 12,50, 16,00, 20,00, 25,00, 31,50, 40,00 mm açıklık;Grid Sieve Set, conforming EN 933-3 standard, sheet metal frame, stainless steel bars, 13 units of sieves with 2.50, 3.15, 4.00, 5.00, 6.30, 8.00, 10.00, 12.50, 16.00, 20.00, 25.00, 31.50, 40.00 mm apertures;0,00;17500,00;2025-09-04 15:23:18.063;0,00;936,00;0,00
LT-A0012;Belli Değil;Tel Çubuklu Yassılık Eleği , metal çerçeve, çelik çubuklu 2,5 mm açıklığında;Grid Sieve  , 2,5 mm ;0,00;1440,50;2025-09-04 15:23:18.064;0,00;72,00;0,00
LT-A0013;Belli Değil;Tel Çubuklu Yassılık Eleği , metal çerçeve, çelik çubuklu 3,15 mm açıklığında;Grid Sieve  , 3,15 mm ;0,00;1440,50;2025-09-04 15:23:18.065;0,00;72,00;0,00
LT-A0014;Belli Değil;Tel Çubuklu Yassılık Eleği , metal çerçeve, çelik çubuklu 4 mm açıklığında;Grid Sieve  , 4 mm ;0,00;1427,00;2025-09-04 15:23:18.066;0,00;72,00;0,00
LT-A0015;Belli Değil;Tel Çubuklu Yassılık Eleği , metal çerçeve, çelik çubuklu 5 mm açıklığında;Grid Sieve  , 5 mm ;0,00;1413,50;2025-09-04 15:23:18.067;0,00;72,00;0,00
LT-A0016;Belli Değil;Tel Çubuklu Yassılık Eleği , metal çerçeve, çelik çubuklu 6,3 mm açıklığında;Grid Sieve  , 6,3 mm ;0,00;1400,00;2025-09-04 15:23:18.068;0,00;72,00;0,00
LT-A0017;Belli Değil;Tel Çubuklu Yassılık Eleği , metal çerçeve, çelik çubuklu 8 mm açıklığında;Grid Sieve  , 8 mm ;0,00;1359,50;2025-09-04 15:23:18.069;0,00;72,00;0,00
LT-A0018;Belli Değil;Tel Çubuklu Yassılık Eleği , metal çerçeve, çelik çubuklu 10 mm açıklığında;Grid Sieve  , 10 mm ;0,00;1336,55;2025-09-04 15:23:18.070;0,00;72,00;0,00
LT-A0019;Belli Değil;Tel Çubuklu Yassılık Eleği , metal çerçeve, çelik çubuklu 12,5 mm açıklığında;Grid Sieve  , 12,5 mm ;0,00;1325,75;2025-09-04 15:23:18.071;0,00;72,00;0,00
LT-A0020;Belli Değil;Tel Çubuklu Yassılık Eleği , metal çerçeve, çelik çubuklu 16 mm açıklığında;Grid Sieve  , 16 mm ;0,00;1302,80;2025-09-04 15:23:18.072;0,00;72,00;0,00
LT-A0021;Belli Değil;Tel Çubuklu Yassılık Eleği , metal çerçeve, çelik çubuklu 20 mm açıklığında ;Grid Sieve  , 20 mm  ;0,00;1296,05;2025-09-04 15:23:18.073;0,00;72,00;0,00
LT-A0022;Belli Değil;Tel Çubuklu Yassılık Eleği , metal çerçeve, çelik çubuklu 25 mm açıklığında ;Grid Sieve  , 25 mm  ;0,00;1292,00;2025-09-04 15:23:18.074;0,00;72,00;0,00
LT-A0023;Belli Değil;Tel Çubuklu Yassılık Eleği , metal çerçeve, çelik çubuklu 31,5 mm açıklığında;Grid Sieve  , 31,5 mm ;0,00;1270,50;2025-09-04 15:23:18.075;0,00;72,00;0,00
LT-A0024;Belli Değil;Tel Çubuklu Yassılık Eleği , metal çerçeve, çelik çubuklu 40 mm açıklığında;Grid Sieve  , 40 mm ;0,00;1265,10;2025-09-04 15:23:18.076;0,00;72,00;0,00
LT-A0025;Belli Değil;Tel Çubuklu Yassılık Eleği , metal çerçeve, çelik çubuklu 50 mm açıklığında;Grid Sieve  , 50 mm ;0,00;1265,10;2025-09-04 15:23:18.077;0,00;72,00;0,00
LT-A0005/S;Belli Değil;Yassılık Elek Seti, BS 812 standardında, dikdörtgen tepsi şekilli, 4,9x30, 7,2x40, 10,2x50 , 14,4x60, 19,7x70,  26,3x80, 33,9x100 mm. yarıklı ölçülerden oluşan 7 adet elek;Flakiness Sieve Set, 4,9x30, 7,2x40, 10,2x50 , 14,4x60, 19,7x70,  26,3x80, 33,9x100 mm;0,00;400,00;2025-09-04 15:23:18.078;0,00;357,00;0,00
LT-A0005;Belli Değil;Yassılık Eleği 4,9x30mm göz açıklığında;Flakiness Sieve 4,9x30mm ;0,00;55,00;2025-09-04 15:23:18.079;0,00;51,00;0,00
LT-A0006;Belli Değil;Yassılık Eleği 7,2x40mm göz açıklığında;Flakiness Sieve 7,2x40mm ;0,00;55,00;2025-09-04 15:23:18.080;0,00;51,00;0,00
LT-A0007;Belli Değil;Yassılık Eleği 10,2x50mm göz açıklığında;Flakiness Sieve 10,2x50mm ;0,00;55,00;2025-09-04 15:23:18.081;0,00;51,00;0,00
LT-A0008;Belli Değil;Yassılık Eleği 14,4x60mm göz açıklığında;Flakiness Sieve 14,4x60mm ;0,00;55,00;2025-09-04 15:23:18.082;0,00;51,00;0,00
LT-A0009;Belli Değil;Yassılık Eleği 19,7x70mm göz açıklığında;Flakiness Sieve 19,7x70mm ;0,00;55,00;2025-09-04 15:23:18.083;0,00;51,00;0,00
LT-A0010;Belli Değil;Yassılık Eleği 26,3x80mm göz açıklığında;Flakiness Sieve 26,3x80mm ;0,00;55,00;2025-09-04 15:23:18.084;0,00;51,00;0,00
LT-A0011;Belli Değil;Yassılık Eleği 33,9x100mm göz açıklığında;Flakiness Sieve 33,9x100mm ;0,00;55,00;2025-09-04 15:23:18.085;0,00;51,00;0,00
LT-G5007;Belli Değil;Yıkama Eleği, Ø200x100mm derinlik, paslanmaz çelik kasnak ve elek teli, örgü tel, 6.3 mm göz açıklığı;Wet Washing Sieve, Ø200x100mm deep, stainless steel frame and mesh, woven cloth, 6.3 mm aperture;0,00;1184,40;2025-09-04 15:23:18.086;0,00;66,00;0,00
LT-G5008;Belli Değil;Yıkama Eleği, Ø200x100mm derinlik, paslanmaz çelik kasnak ve elek teli, örgü tel, 4,75 mm (#4) göz açıklığı;Wet Washing Sieve, Ø200x100mm deep, stainless steel frame and mesh, woven cloth, 4,75 mm aperture;0,00;1184,40;2025-09-04 15:23:18.087;0,00;66,00;0,00
LT-G5009;Belli Değil;Yıkama Eleği, Ø200x100mm derinlik, paslanmaz çelik kasnak ve elek teli, örgü tel, 2 mm (#10) göz açıklığı;Wet Washing Sieve, Ø200x100mm deep, stainless steel frame and mesh, woven cloth, 2 mm aperture;0,00;1184,40;2025-09-04 15:23:18.088;0,00;66,00;0,00
LT-G5010;Belli Değil;Yıkama Eleği, Ø200x100mm derinlik, paslanmaz çelik kasnak ve elek teli, örgü tel, 425µm (#40) göz açıklığı;Wet Washing Sieve, Ø200x100mm deep, stainless steel frame and mesh, woven cloth, 425 µm mm aperture;0,00;1184,40;2025-09-04 15:23:18.089;0,00;66,00;0,00
LT-G5011;Belli Değil;Yıkama Eleği, Ø200x100mm derinlik, paslanmaz çelik kasnak ve elek teli, örgü tel, 75µm (#200) göz açıklığı;Wet Washing Sieve, Ø200x100mm deep, stainless steel frame and mesh, woven cloth, 75µm (#200) aperture;0,00;1184,40;2025-09-04 15:23:18.090;0,00;66,00;0,00
LT-G5012;Belli Değil;Yıkama Eleği, Ø200x100mm derinlik, paslanmaz çelik kasnak ve elek teli, örgü tel, 63µm (#230) göz açıklığı;Wet Washing Sieve, Ø200x100mm deep, stainless steel frame and mesh, woven cloth, 63µm (#230) aperture;0,00;1184,40;2025-09-04 15:23:18.091;0,00;66,00;0,00
LT-G6007;Belli Değil;Yıkama Eleği, Ø300x100mm derinlik, paslanmaz çelik kasnak ve elek teli, örgü tel, 6.3 mm göz açıklığı;Wet Washing Sieve, Ø300x100mm deep, stainless steel frame and mesh, woven cloth, 6.3 mm aperture;0,00;1628,55;2025-09-04 15:23:18.092;0,00;81,00;0,00
LT-G6008;Belli Değil;Yıkama Eleği, Ø300x100mm derinlik, paslanmaz çelik kasnak ve elek teli, örgü tel, 4,75 mm (#4) göz açıklığı;Wet Washing Sieve, Ø300x100mm deep, stainless steel frame and mesh, woven cloth, 4,75 mm aperture;0,00;1628,55;2025-09-04 15:23:18.093;0,00;81,00;0,00
LT-G6009;Belli Değil;Yıkama Eleği, Ø300x100mm derinlik, paslanmaz çelik kasnak ve elek teli, örgü tel, 2 mm (#10) göz açıklığı;Wet Washing Sieve, Ø300x100mm deep, stainless steel frame and mesh, woven cloth, 2 mm aperture;0,00;1628,55;2025-09-04 15:23:18.094;0,00;81,00;0,00
LT-G6010;Belli Değil;Yıkama Eleği, Ø300x100mm derinlik, paslanmaz çelik kasnak ve elek teli, örgü tel, 425µm (#40) göz açıklığı;Wet Washing Sieve, Ø300x100mm deep, stainless steel frame and mesh, woven cloth, 425 µm mm aperture;0,00;1628,55;2025-09-04 15:23:18.095;0,00;81,00;0,00
LT-G6011;Belli Değil;Yıkama Eleği, Ø300x100mm derinlik, paslanmaz çelik kasnak ve elek teli, örgü tel, 75µm (#200) göz açıklığı;Wet Washing Sieve, Ø300x100mm deep, stainless steel frame and mesh, woven cloth, 75µm (#200) aperture;0,00;1628,55;2025-09-04 15:23:18.096;0,00;81,00;0,00
LT-G6012;Belli Değil;Yıkama Eleği, Ø300x100mm derinlik, paslanmaz çelik kasnak ve elek teli, örgü tel, 63µm (#230) göz açıklığı;Wet Washing Sieve, Ø300x100mm deep, stainless steel frame and mesh, woven cloth, 63µm (#230) aperture;0,00;1628,55;2025-09-04 15:23:18.097;0,00;81,00;0,00
LT-G1001;Belli Değil;Elek, Ø200x50mm derinlik, paslanmaz çelik kasnak ve elek teli, örgü tel, 125mm göz açıklığı;Sieve, Ø200x50mm , stainless steel , 125mm ;0,00;1036,35;2025-09-04 15:23:18.098;0,00;54,00;0,00
LT-G1002;Belli Değil;"Elek, Ø200x50mm derinlik, paslanmaz çelik kasnak ve elek teli, örgü tel, 100mm (4"") göz açıklığı";"Sieve, Ø200x50mm , stainless steel , 100mm (4"") ";0,00;1036,35;2025-09-04 15:23:18.099;0,00;54,00;0,00
LT-G1003;Belli Değil;"Elek, Ø200x50mm derinlik, paslanmaz çelik kasnak ve elek teli, örgü tel, 90mm (3-½"") göz açıklığı";"Sieve, Ø200x50mm , stainless steel , 90mm (3-½"") ";0,00;1036,35;2025-09-04 15:23:18.100;0,00;54,00;0,00
LT-G1004;Belli Değil;Elek, Ø200x50mm derinlik, paslanmaz çelik kasnak ve elek teli, örgü tel, 80mm göz açıklığı;Sieve, Ø200x50mm , stainless steel , 80mm ;0,00;1036,35;2025-09-04 15:23:18.101;0,00;54,00;0,00
LT-G1005;Belli Değil;"Elek, Ø200x50mm derinlik, paslanmaz çelik kasnak ve elek teli, örgü tel, 75mm (3"") göz açıklığı";"Sieve, Ø200x50mm , stainless steel , 75mm (3"") ";0,00;1036,35;2025-09-04 15:23:18.102;0,00;54,00;0,00
LT-G1006;Belli Değil;"Elek, Ø200x50mm derinlik, paslanmaz çelik kasnak ve elek teli, örgü tel, 63mm (2-½"") göz açıklığı";"Sieve, Ø200x50mm , stainless steel , 63mm (2-½"") ";0,00;1036,35;2025-09-04 15:23:18.103;0,00;54,00;0,00
LT-G1007;Belli Değil;Elek, Ø200x50mm derinlik, paslanmaz çelik kasnak ve elek teli, örgü tel, 56mm göz açıklığı;Sieve, Ø200x50mm , stainless steel , 56mm ;0,00;1036,35;2025-09-04 15:23:18.104;0,00;54,00;0,00
LT-G1008;Belli Değil;"Elek, Ø200x50mm derinlik, paslanmaz çelik kasnak ve elek teli, örgü tel, 53mm (2.12"") göz açıklığı";"Sieve, Ø200x50mm , stainless steel , 53mm (2.12"") ";0,00;1036,35;2025-09-04 15:23:18.105;0,00;54,00;0,00
LT-G1009;Belli Değil;"Elek, Ø200x50mm derinlik, paslanmaz çelik kasnak ve elek teli, örgü tel, 50mm (2"") göz açıklığı";"Sieve, Ø200x50mm , stainless steel , 50mm (2"") ";0,00;1036,35;2025-09-04 15:23:18.106;0,00;54,00;0,00
LT-G1010;Belli Değil;"Elek, Ø200x50mm derinlik, paslanmaz çelik kasnak ve elek teli, örgü tel, 45mm (1-¾"") göz açıklığı";"Sieve, Ø200x50mm , stainless steel , 45mm (1-¾"") ";0,00;1036,35;2025-09-04 15:23:18.107;0,00;54,00;0,00
LT-G1011;Belli Değil;Elek, Ø200x50mm derinlik, paslanmaz çelik kasnak ve elek teli, örgü tel, 40mm göz açıklığı;Sieve, Ø200x50mm , stainless steel , 40mm ;0,00;1036,35;2025-09-04 15:23:18.108;0,00;54,00;0,00
LT-G1012;Belli Değil;"Elek, Ø200x50mm derinlik, paslanmaz çelik kasnak ve elek teli, örgü tel, 37,5mm (1-½"") göz açıklığı";"Sieve, Ø200x50mm , stainless steel , 37,5mm (1-½"") ";0,00;1036,35;2025-09-04 15:23:18.109;0,00;54,00;0,00
LT-G1013;Belli Değil;"Elek, Ø200x50mm derinlik, paslanmaz çelik kasnak ve elek teli, örgü tel, 31,5mm (1-¼"") göz açıklığı";"Sieve, Ø200x50mm , stainless steel , 31,5mm (1-¼"") ";0,00;1036,35;2025-09-04 15:23:18.110;0,00;54,00;0,00
LT-G1014;Belli Değil;"Elek, Ø200x50mm derinlik, paslanmaz çelik kasnak ve elek teli, örgü tel, 26,5mm (1.06"") göz açıklığı";"Sieve, Ø200x50mm , stainless steel , 26,5mm (1.06"") ";0,00;1036,35;2025-09-04 15:23:18.111;0,00;54,00;0,00
LT-G1015;Belli Değil;"Elek, Ø200x50mm derinlik, paslanmaz çelik kasnak ve elek teli, örgü tel, 25mm (1"") göz açıklığı";"Sieve, Ø200x50mm , stainless steel , 25mm (1"") ";0,00;1036,35;2025-09-04 15:23:18.112;0,00;54,00;0,00
LT-G1016;Belli Değil;"Elek, Ø200x50mm derinlik, paslanmaz çelik kasnak ve elek teli, örgü tel, 22,4mm (7/8"") göz açıklığı";"Sieve, Ø200x50mm , stainless steel , 22,4mm (7/8"") ";0,00;1036,35;2025-09-04 15:23:18.113;0,00;54,00;0,00
LT-G1017;Belli Değil;Elek, Ø200x50mm derinlik, paslanmaz çelik kasnak ve elek teli, örgü tel, 20mm göz açıklığı;Sieve, Ø200x50mm , stainless steel , 20mm ;0,00;1036,35;2025-09-04 15:23:18.114;0,00;54,00;0,00
LT-G1018;Belli Değil;"Elek, Ø200x50mm derinlik, paslanmaz çelik kasnak ve elek teli, örgü tel, 19mm (¾"") göz açıklığı";"Sieve, Ø200x50mm , stainless steel , 19mm (¾"") ";0,00;1036,35;2025-09-04 15:23:18.115;0,00;54,00;0,00
LT-G1019;Belli Değil;"Elek, Ø200x50mm derinlik, paslanmaz çelik kasnak ve elek teli, örgü tel, 16mm (5/8"") göz açıklığı";"Sieve, Ø200x50mm , stainless steel , 16mm (5/8"") ";0,00;1036,35;2025-09-04 15:23:18.116;0,00;54,00;0,00
LT-G1020;Belli Değil;"Elek, Ø200x50mm derinlik, paslanmaz çelik kasnak ve elek teli, örgü tel, 13,2mm (.530"") göz açıklığı";"Sieve, Ø200x50mm , stainless steel , 13,2mm (.530"") ";0,00;1036,35;2025-09-04 15:23:18.117;0,00;54,00;0,00
LT-G1021;Belli Değil;"Elek, Ø200x50mm derinlik, paslanmaz çelik kasnak ve elek teli, örgü tel, 12,5mm (½"") göz açıklığı";"Sieve, Ø200x50mm , stainless steel , 12,5mm (½"") ";0,00;1036,35;2025-09-04 15:23:18.118;0,00;54,00;0,00
LT-G1022;Belli Değil;"Elek, Ø200x50mm derinlik, paslanmaz çelik kasnak ve elek teli, örgü tel, 11,2mm (7/16"") göz açıklığı";"Sieve, Ø200x50mm , stainless steel , 11,2mm (7/16"") ";0,00;1036,35;2025-09-04 15:23:18.119;0,00;54,00;0,00
LT-G1023;Belli Değil;Elek, Ø200x50mm derinlik, paslanmaz çelik kasnak ve elek teli, örgü tel, 10mm göz açıklığı;Sieve, Ø200x50mm , stainless steel , 10mm ;0,00;1036,35;2025-09-04 15:23:18.120;0,00;54,00;0,00
LT-G1024;Belli Değil;"Elek, Ø200x50mm derinlik, paslanmaz çelik kasnak ve elek teli, örgü tel, 9,5mm (3/8"") göz açıklığı";"Sieve, Ø200x50mm , stainless steel , 9,5mm (3/8"") ";0,00;1036,35;2025-09-04 15:23:18.121;0,00;54,00;0,00
LT-G1025;Belli Değil;"Elek, Ø200x50mm derinlik, paslanmaz çelik kasnak ve elek teli, örgü tel, 8mm (5/16"") göz açıklığı";"Sieve, Ø200x50mm , stainless steel , 8mm (5/16"") ";0,00;1036,35;2025-09-04 15:23:18.122;0,00;54,00;0,00
LT-G1026;Belli Değil;"Elek, Ø200x50mm derinlik, paslanmaz çelik kasnak ve elek teli, örgü tel, 6,7mm (.265"") göz açıklığı";"Sieve, Ø200x50mm , stainless steel , 6,7mm (.265"") ";0,00;1036,35;2025-09-04 15:23:18.123;0,00;54,00;0,00
LT-G1027;Belli Değil;"Elek, Ø200x50mm derinlik, paslanmaz çelik kasnak ve elek teli, örgü tel, 6,3mm (¼"") göz açıklığı";"Sieve, Ø200x50mm , stainless steel , 6,3mm (¼"") ";0,00;1036,35;2025-09-04 15:23:18.124;0,00;54,00;0,00
LT-G1028;Belli Değil;Elek, Ø200x50mm derinlik, paslanmaz çelik kasnak ve elek teli, örgü tel, 5,6mm (#3-½) göz açıklığı;Sieve, Ø200x50mm , stainless steel , 5,6mm (#3-½) ;0,00;1036,35;2025-09-04 15:23:18.125;0,00;54,00;0,00
LT-G1029;Belli Değil;Elek, Ø200x50mm derinlik, paslanmaz çelik kasnak ve elek teli, örgü tel, 5mm göz açıklığı;Sieve, Ø200x50mm , stainless steel , 5mm ;0,00;1036,35;2025-09-04 15:23:18.126;0,00;54,00;0,00
LT-G1030;Belli Değil;Elek, Ø200x50mm derinlik, paslanmaz çelik kasnak ve elek teli, örgü tel, 4,75mm (#4) göz açıklığı;Sieve, Ø200x50mm , stainless steel , 4,75mm (#4) ;0,00;1036,35;2025-09-04 15:23:18.127;0,00;54,00;0,00
LT-G1031;Belli Değil;Elek, Ø200x50mm derinlik, paslanmaz çelik kasnak ve elek teli, örgü tel, 4mm (#5) göz açıklığı;Sieve, Ø200x50mm , stainless steel , 4mm (#5) ;0,00;1036,35;2025-09-04 15:23:18.128;0,00;54,00;0,00
LT-G1032;Belli Değil;Elek, Ø200x50mm derinlik, paslanmaz çelik kasnak ve elek teli, örgü tel, 3,35mm (#6) göz açıklığı;Sieve, Ø200x50mm , stainless steel , 3,35mm (#6) ;0,00;1036,35;2025-09-04 15:23:18.129;0,00;54,00;0,00
LT-G1033;Belli Değil;Elek, Ø200x50mm derinlik, paslanmaz çelik kasnak ve elek teli, örgü tel, 3,15mm  göz açıklığı;Sieve, Ø200x50mm , stainless steel , 3,15mm  ;0,00;1036,35;2025-09-04 15:23:18.130;0,00;54,00;0,00
LT-G1034;Belli Değil;Elek, Ø200x50mm derinlik, paslanmaz çelik kasnak ve elek teli, örgü tel, 2,8mm (#7) göz açıklığı;Sieve, Ø200x50mm , stainless steel , 2,8mm (#7) ;0,00;1036,35;2025-09-04 15:23:18.131;0,00;54,00;0,00
LT-G1035;Belli Değil;Elek, Ø200x50mm derinlik, paslanmaz çelik kasnak ve elek teli, örgü tel, 2,5mm göz açıklığı;Sieve, Ø200x50mm , stainless steel , 2,5mm ;0,00;1036,35;2025-09-04 15:23:18.132;0,00;54,00;0,00
LT-G1036;Belli Değil;Elek, Ø200x50mm derinlik, paslanmaz çelik kasnak ve elek teli, örgü tel, 2,36mm (#8) göz açıklığı;Sieve, Ø200x50mm , stainless steel , 2,36mm (#8) ;0,00;1036,35;2025-09-04 15:23:18.133;0,00;54,00;0,00
LT-G1037;Belli Değil;Elek, Ø200x50mm derinlik, paslanmaz çelik kasnak ve elek teli, örgü tel, 2mm (#10) göz açıklığı;Sieve, Ø200x50mm , stainless steel , 2mm (#10) ;0,00;1036,35;2025-09-04 15:23:18.134;0,00;54,00;0,00
LT-G1038;Belli Değil;Elek, Ø200x50mm derinlik, paslanmaz çelik kasnak ve elek teli, örgü tel, 1,7mm (#12) göz açıklığı;Sieve, Ø200x50mm , stainless steel , 1,7mm (#12) ;0,00;1036,35;2025-09-04 15:23:18.135;0,00;54,00;0,00
LT-G1039;Belli Değil;Elek, Ø200x50mm derinlik, paslanmaz çelik kasnak ve elek teli, örgü tel, 1,6mm göz açıklığı;Sieve, Ø200x50mm , stainless steel , 1,6mm ;0,00;1036,35;2025-09-04 15:23:18.136;0,00;54,00;0,00
LT-G1040;Belli Değil;Elek, Ø200x50mm derinlik, paslanmaz çelik kasnak ve elek teli, örgü tel, 1,4mm (#14) göz açıklığı;Sieve, Ø200x50mm , stainless steel , 1,4mm (#14) ;0,00;1036,35;2025-09-04 15:23:18.137;0,00;54,00;0,00
LT-G1041;Belli Değil;Elek, Ø200x50mm derinlik, paslanmaz çelik kasnak ve elek teli, örgü tel, 1,25mm göz açıklığı;Sieve, Ø200x50mm , stainless steel , 1,25mm ;0,00;1036,35;2025-09-04 15:23:18.138;0,00;54,00;0,00
LT-G1042;Belli Değil;Elek, Ø200x50mm derinlik, paslanmaz çelik kasnak ve elek teli, örgü tel, 1,18mm (#16) göz açıklığı;Sieve, Ø200x50mm , stainless steel , 1,18mm (#16) ;0,00;1036,35;2025-09-04 15:23:18.139;0,00;54,00;0,00
LT-G1043;Belli Değil;Elek, Ø200x50mm derinlik, paslanmaz çelik kasnak ve elek teli, örgü tel, 1mm (#18) göz açıklığı;Sieve, Ø200x50mm , stainless steel , 1mm (#18) ;0,00;1036,35;2025-09-04 15:23:18.140;0,00;54,00;0,00
LT-G1044;Belli Değil;Elek, Ø200x50mm derinlik, paslanmaz çelik kasnak ve elek teli, örgü tel, 850µm (#20) göz açıklığı;Sieve, Ø200x50mm , stainless steel , 850µm (#20) ;0,00;1036,35;2025-09-04 15:23:18.141;0,00;54,00;0,00
LT-G1045;Belli Değil;Elek, Ø200x50mm derinlik, paslanmaz çelik kasnak ve elek teli, örgü tel, 800µm  göz açıklığı;Sieve, Ø200x50mm , stainless steel , 800µm  ;0,00;1036,35;2025-09-04 15:23:18.142;0,00;54,00;0,00
LT-G1046;Belli Değil;Elek, Ø200x50mm derinlik, paslanmaz çelik kasnak ve elek teli, örgü tel, 710µm (#25) göz açıklığı;Sieve, Ø200x50mm , stainless steel , 710µm (#25) ;0,00;1036,35;2025-09-04 15:23:18.143;0,00;54,00;0,00
LT-G1047;Belli Değil;Elek, Ø200x50mm derinlik, paslanmaz çelik kasnak ve elek teli, örgü tel, 630µm  göz açıklığı;Sieve, Ø200x50mm , stainless steel , 630µm  ;0,00;1036,35;2025-09-04 15:23:18.144;0,00;54,00;0,00
LT-G1048;Belli Değil;Elek, Ø200x50mm derinlik, paslanmaz çelik kasnak ve elek teli, örgü tel, 600µm (#30) göz açıklığı;Sieve, Ø200x50mm , stainless steel , 600µm (#30) ;0,00;1036,35;2025-09-04 15:23:18.145;0,00;54,00;0,00
LT-G1049;Belli Değil;Elek, Ø200x50mm derinlik, paslanmaz çelik kasnak ve elek teli, örgü tel, 500µm (#35) göz açıklığı;Sieve, Ø200x50mm , stainless steel , 500µm (#35) ;0,00;1036,35;2025-09-04 15:23:18.146;0,00;54,00;0,00
LT-G1050;Belli Değil;Elek, Ø200x50mm derinlik, paslanmaz çelik kasnak ve elek teli, örgü tel, 425µm (#40) göz açıklığı;Sieve, Ø200x50mm , stainless steel , 425µm (#40) ;0,00;1036,35;2025-09-04 15:23:18.147;0,00;54,00;0,00
LT-G1051;Belli Değil;Elek, Ø200x50mm derinlik, paslanmaz çelik kasnak ve elek teli, örgü tel, 400µm  göz açıklığı;Sieve, Ø200x50mm , stainless steel , 400µm  ;0,00;1036,35;2025-09-04 15:23:18.148;0,00;54,00;0,00
LT-G1052;Belli Değil;Elek, Ø200x50mm derinlik, paslanmaz çelik kasnak ve elek teli, örgü tel, 355µm (#45) göz açıklığı;Sieve, Ø200x50mm , stainless steel , 355µm (#45) ;0,00;1036,35;2025-09-04 15:23:18.149;0,00;54,00;0,00
LT-G1053;Belli Değil;Elek, Ø200x50mm derinlik, paslanmaz çelik kasnak ve elek teli, örgü tel, 315µm  göz açıklığı;Sieve, Ø200x50mm , stainless steel , 315µm  ;0,00;1036,35;2025-09-04 15:23:18.150;0,00;54,00;0,00
LT-G1054;Belli Değil;Elek, Ø200x50mm derinlik, paslanmaz çelik kasnak ve elek teli, örgü tel, 300µm (#50) göz açıklığı;Sieve, Ø200x50mm , stainless steel , 300µm (#50) ;0,00;1036,35;2025-09-04 15:23:18.151;0,00;54,00;0,00
LT-G1055;Belli Değil;Elek, Ø200x50mm derinlik, paslanmaz çelik kasnak ve elek teli, örgü tel, 250µm (#60) göz açıklığı;Sieve, Ø200x50mm , stainless steel , 250µm (#60) ;0,00;1036,35;2025-09-04 15:23:18.152;0,00;54,00;0,00
LT-G1056;Belli Değil;Elek, Ø200x50mm derinlik, paslanmaz çelik kasnak ve elek teli, örgü tel, 212µm (#70) göz açıklığı;Sieve, Ø200x50mm , stainless steel , 212µm (#70) ;0,00;1036,35;2025-09-04 15:23:18.153;0,00;54,00;0,00
LT-G1057;Belli Değil;Elek, Ø200x50mm derinlik, paslanmaz çelik kasnak ve elek teli, örgü tel, 200µm  göz açıklığı;Sieve, Ø200x50mm , stainless steel , 200µm  ;0,00;1036,35;2025-09-04 15:23:18.154;0,00;54,00;0,00
LT-G1058;Belli Değil;Elek, Ø200x50mm derinlik, paslanmaz çelik kasnak ve elek teli, örgü tel, 180µm (#80) göz açıklığı;Sieve, Ø200x50mm , stainless steel , 180µm (#80) ;0,00;1036,35;2025-09-04 15:23:18.155;0,00;54,00;0,00
LT-G1059;Belli Değil;Elek, Ø200x50mm derinlik, paslanmaz çelik kasnak ve elek teli, örgü tel, 160µm  göz açıklığı;Sieve, Ø200x50mm , stainless steel , 160µm  ;0,00;1036,35;2025-09-04 15:23:18.156;0,00;54,00;0,00
LT-G1060;Belli Değil;Elek, Ø200x50mm derinlik, paslanmaz çelik kasnak ve elek teli, örgü tel, 150µm (#100) göz açıklığı;Sieve, Ø200x50mm , stainless steel , 150µm (#100) ;0,00;1036,35;2025-09-04 15:23:18.157;0,00;54,00;0,00
LT-G1061;Belli Değil;Elek, Ø200x50mm derinlik, paslanmaz çelik kasnak ve elek teli, örgü tel, 125µm (#120) göz açıklığı;Sieve, Ø200x50mm , stainless steel , 125µm (#120) ;0,00;1036,35;2025-09-04 15:23:18.158;0,00;54,00;0,00
LT-G1062;Belli Değil;Elek, Ø200x50mm derinlik, paslanmaz çelik kasnak ve elek teli, örgü tel, 106µm (#140) göz açıklığı;Sieve, Ø200x50mm , stainless steel , 106µm (#140) ;0,00;1036,35;2025-09-04 15:23:18.159;0,00;54,00;0,00
LT-G1063;Belli Değil;Elek, Ø200x50mm derinlik, paslanmaz çelik kasnak ve elek teli, örgü tel, 100µm  göz açıklığı;Sieve, Ø200x50mm , stainless steel , 100µm  ;0,00;1036,35;2025-09-04 15:23:18.160;0,00;54,00;0,00
LT-G1064;Belli Değil;Elek, Ø200x50mm derinlik, paslanmaz çelik kasnak ve elek teli, örgü tel, 90µm (#170) göz açıklığı;Sieve, Ø200x50mm , stainless steel , 90µm (#170) ;0,00;1036,35;2025-09-04 15:23:18.161;0,00;54,00;0,00
LT-G1065;Belli Değil;Elek, Ø200x50mm derinlik, paslanmaz çelik kasnak ve elek teli, örgü tel, 80µm  göz açıklığı;Sieve, Ø200x50mm , stainless steel , 80µm  ;0,00;1036,35;2025-09-04 15:23:18.162;0,00;54,00;0,00
LT-G1066;Belli Değil;Elek, Ø200x50mm derinlik, paslanmaz çelik kasnak ve elek teli, örgü tel, 75µm (#200) göz açıklığı;Sieve, Ø200x50mm , stainless steel , 75µm (#200) ;0,00;1036,35;2025-09-04 15:23:18.163;0,00;54,00;0,00
LT-G1067;Belli Değil;Elek, Ø200x50mm derinlik, paslanmaz çelik kasnak ve elek teli, örgü tel, 63µm (#230) göz açıklığı;Sieve, Ø200x50mm , stainless steel , 63µm (#230) ;0,00;1036,35;2025-09-04 15:23:18.164;0,00;54,00;0,00
LT-G1068;Belli Değil;Elek, Ø200x50mm derinlik, paslanmaz çelik kasnak ve elek teli, örgü tel, 53µm (#270) göz açıklığı;Sieve, Ø200x50mm , stainless steel , 53µm (#270) ;0,00;1036,35;2025-09-04 15:23:18.165;0,00;54,00;0,00
LT-G1069;Belli Değil;Elek, Ø200x50mm derinlik, paslanmaz çelik kasnak ve elek teli, örgü tel, 50µm  göz açıklığı;Sieve, Ø200x50mm , stainless steel , 50µm  ;0,00;1036,35;2025-09-04 15:23:18.166;0,00;54,00;0,00
LT-G1070;Belli Değil;Elek, Ø200x50mm derinlik, paslanmaz çelik kasnak ve elek teli, örgü tel, 45µm (#325) göz açıklığı;Sieve, Ø200x50mm , stainless steel , 45µm (#325) ;0,00;1036,35;2025-09-04 15:23:18.167;0,00;54,00;0,00
LT-G1071;Belli Değil;Elek, Ø200x50mm derinlik, paslanmaz çelik kasnak ve elek teli, örgü tel, 40µm  göz açıklığı;Sieve, Ø200x50mm , stainless steel , 40µm  ;0,00;1036,35;2025-09-04 15:23:18.168;0,00;54,00;0,00
LT-G1072;Belli Değil;Elek, Ø200x50mm derinlik, paslanmaz çelik kasnak ve elek teli, örgü tel, 38µm (#400) göz açıklığı;Sieve, Ø200x50mm , stainless steel , 38µm (#400) ;0,00;1036,35;2025-09-04 15:23:18.169;0,00;54,00;0,00
LT-G1073;Belli Değil;Elek, Ø200x50mm derinlik, paslanmaz çelik kasnak ve elek teli, örgü tel, 25µm göz açıklığı;Sieve, Ø200x50mm , stainless steel , 25µm ;0,00;1036,35;2025-09-04 15:23:18.170;0,00;54,00;0,00
LT-G2101;Belli Değil;Toplama Kabı, Ø200x50mm  paslanmaz çelik;Receiver, Ø200x50mm  stainless steel;0,00;518,18;2025-09-04 15:23:18.171;0,00;27,00;0,00
LT-G2102;Belli Değil;Kapak, Ø200mm paslanmaz çelik;Lid, Ø200mm stainless steel;0,00;518,18;2025-09-04 15:23:18.172;0,00;27,00;0,00
LT-G2103;Belli Değil;Toplama Kabı ve Kapağı, Ø200x50mm  paslanmaz çelik toplama kabı ve paslanmaz çelik kapak;Lid and Receiver, Ø200x50mm  stainless steel;0,00;1480,50;2025-09-04 15:23:18.173;0,00;54,00;0,00
LT-G3001;Belli Değil;Elek, Ø300x75mm derinlik, paslanmaz çelik kasnak ve elek teli, örgü tel, 125mm göz açıklığı;Sieve, Ø300x75mm , stainless steel, woven wire, 125mm ;0,00;1480,50;2025-09-04 15:23:18.174;0,00;60,00;0,00
LT-G3002;Belli Değil;"Elek, Ø300x75mm derinlik, paslanmaz çelik kasnak ve elek teli, örgü tel, 100mm (4"") göz açıklığı";"Sieve, Ø300x75mm , stainless steel, woven wire, 100mm (4"") ";0,00;1480,50;2025-09-04 15:23:18.175;0,00;60,00;0,00
LT-G3003;Belli Değil;"Elek, Ø300x75mm derinlik, paslanmaz çelik kasnak ve elek teli, örgü tel, 90mm (3-½"") göz açıklığı";"Sieve, Ø300x75mm , stainless steel, woven wire, 90mm (3-½"") ";0,00;1480,50;2025-09-04 15:23:18.176;0,00;60,00;0,00
LT-G3004;Belli Değil;Elek, Ø300x75mm derinlik, paslanmaz çelik kasnak ve elek teli, örgü tel, 80mm göz açıklığı;Sieve, Ø300x75mm , stainless steel, woven wire, 80mm ;0,00;1480,50;2025-09-04 15:23:18.177;0,00;60,00;0,00
LT-G3005;Belli Değil;"Elek, Ø300x75mm derinlik, paslanmaz çelik kasnak ve elek teli, örgü tel, 75mm (3"") göz açıklığı";"Sieve, Ø300x75mm , stainless steel, woven wire,  75mm (3"") ";0,00;1480,50;2025-09-04 15:23:18.178;0,00;60,00;0,00
LT-G3006;Belli Değil;"Elek, Ø300x75mm derinlik, paslanmaz çelik kasnak ve elek teli, örgü tel, 63mm (2-½"") göz açıklığı";"Sieve, Ø300x75mm , stainless steel, woven wire,  63mm (2-½"") ";0,00;1480,50;2025-09-04 15:23:18.179;0,00;60,00;0,00
LT-G3007;Belli Değil;Elek, Ø300x75mm derinlik, paslanmaz çelik kasnak ve elek teli, örgü tel, 56mm göz açıklığı;Sieve, Ø300x75mm , stainless steel, woven wire,  56mm ;0,00;1480,50;2025-09-04 15:23:18.180;0,00;60,00;0,00
LT-G3008;Belli Değil;"Elek, Ø300x75mm derinlik, paslanmaz çelik kasnak ve elek teli, örgü tel, 53mm (2.12"") göz açıklığı";"Sieve, Ø300x75mm , stainless steel, woven wire,  53mm (2.12"") ";0,00;1480,50;2025-09-04 15:23:18.181;0,00;60,00;0,00
LT-G3009;Belli Değil;"Elek, Ø300x75mm derinlik, paslanmaz çelik kasnak ve elek teli, örgü tel, 50mm (2"") göz açıklığı";"Sieve, Ø300x75mm , stainless steel, woven wire,  50mm (2"") ";0,00;1480,50;2025-09-04 15:23:18.182;0,00;60,00;0,00
LT-G3010;Belli Değil;"Elek, Ø300x75mm derinlik, paslanmaz çelik kasnak ve elek teli, örgü tel, 45mm (1-¾"") göz açıklığı";"Sieve, Ø300x75mm , stainless steel, woven wire,  45mm (1-¾"") ";0,00;1480,50;2025-09-04 15:23:18.183;0,00;60,00;0,00
LT-G3011;Belli Değil;Elek, Ø300x75mm derinlik, paslanmaz çelik kasnak ve elek teli, örgü tel, 40mm göz açıklığı;Sieve, Ø300x75mm , stainless steel, woven wire,  40mm ;0,00;1480,50;2025-09-04 15:23:18.184;0,00;60,00;0,00
LT-G3012;Belli Değil;"Elek, Ø300x75mm derinlik, paslanmaz çelik kasnak ve elek teli, örgü tel, 37,5mm (1-½"") göz açıklığı";"Sieve, Ø300x75mm , stainless steel, woven wire,  37,5mm (1-½"") ";0,00;1480,50;2025-09-04 15:23:18.185;0,00;60,00;0,00
LT-G3013;Belli Değil;"Elek, Ø300x75mm derinlik, paslanmaz çelik kasnak ve elek teli, örgü tel, 31,5mm (1-¼"") göz açıklığı";"Sieve, Ø300x75mm , stainless steel, woven wire,  31,5mm (1-¼"") ";0,00;1480,50;2025-09-04 15:23:18.186;0,00;60,00;0,00
LT-G3014;Belli Değil;"Elek, Ø300x75mm derinlik, paslanmaz çelik kasnak ve elek teli, örgü tel, 26,5mm (1.06"") göz açıklığı";"Sieve, Ø300x75mm , stainless steel, woven wire,  26,5mm (1.06"") ";0,00;1480,50;2025-09-04 15:23:18.187;0,00;60,00;0,00
LT-G3015;Belli Değil;"Elek, Ø300x75mm derinlik, paslanmaz çelik kasnak ve elek teli, örgü tel, 25mm (1"") göz açıklığı";"Sieve, Ø300x75mm , stainless steel, woven wire,  25mm (1"") ";0,00;1480,50;2025-09-04 15:23:18.188;0,00;60,00;0,00
LT-G3016;Belli Değil;"Elek, Ø300x75mm derinlik, paslanmaz çelik kasnak ve elek teli, örgü tel, 22,4mm (7/8"") göz açıklığı";"Sieve, Ø300x75mm , stainless steel, woven wire,  22,4mm (7/8"") ";0,00;1480,50;2025-09-04 15:23:18.189;0,00;60,00;0,00
LT-G3018;Belli Değil;"Elek, Ø300x75mm derinlik, paslanmaz çelik kasnak ve elek teli, örgü tel, 19mm (¾"") göz açıklığı";"Sieve, Ø300x75mm , stainless steel, woven wire,  19mm (¾"") ";0,00;1480,50;2025-09-04 15:23:18.190;0,00;60,00;0,00
LT-G3019;Belli Değil;"Elek, Ø300x75mm derinlik, paslanmaz çelik kasnak ve elek teli, örgü tel, 16mm (5/8"") göz açıklığı";"Sieve, Ø300x75mm , stainless steel, woven wire,  16mm (5/8"") ";0,00;1480,50;2025-09-04 15:23:18.191;0,00;60,00;0,00
LT-G3020;Belli Değil;"Elek, Ø300x75mm derinlik, paslanmaz çelik kasnak ve elek teli, örgü tel, 13,2mm (.530"") göz açıklığı";"Sieve, Ø300x75mm , stainless steel, woven wire,  13,2mm (.530"") ";0,00;1480,50;2025-09-04 15:23:18.192;0,00;60,00;0,00
LT-G3021;Belli Değil;"Elek, Ø300x75mm derinlik, paslanmaz çelik kasnak ve elek teli, örgü tel, 12,5mm (½"") göz açıklığı";"Sieve, Ø300x75mm , stainless steel, woven wire,  12,5mm (½"") ";0,00;1480,50;2025-09-04 15:23:18.193;0,00;60,00;0,00
LT-G3022;Belli Değil;"Elek, Ø300x75mm derinlik, paslanmaz çelik kasnak ve elek teli, örgü tel, 11,2mm (7/16"") göz açıklığı";"Sieve, Ø300x75mm , stainless steel, woven wire,  11,2mm (7/16"") ";0,00;1480,50;2025-09-04 15:23:18.194;0,00;60,00;0,00
LT-G3023;Belli Değil;Elek, Ø300x75mm derinlik, paslanmaz çelik kasnak ve elek teli, örgü tel, 10mm göz açıklığı;Sieve, Ø300x75mm , stainless steel, woven wire,  10mm ;0,00;1480,50;2025-09-04 15:23:18.195;0,00;60,00;0,00
LT-G3024;Belli Değil;"Elek, Ø300x75mm derinlik, paslanmaz çelik kasnak ve elek teli, örgü tel, 9,5mm (3/8"") göz açıklığı";"Sieve, Ø300x75mm , stainless steel, woven wire,  9,5mm (3/8"") ";0,00;1480,50;2025-09-04 15:23:18.196;0,00;60,00;0,00
LT-G3025;Belli Değil;"Elek, Ø300x75mm derinlik, paslanmaz çelik kasnak ve elek teli, örgü tel, 8mm (5/16"") göz açıklığı";"Sieve, Ø300x75mm , stainless steel, woven wire,  8mm (5/16"") ";0,00;1480,50;2025-09-04 15:23:18.197;0,00;60,00;0,00
LT-G3026;Belli Değil;"Elek, Ø300x75mm derinlik, paslanmaz çelik kasnak ve elek teli, örgü tel, 6,7mm (.265"") göz açıklığı";"Sieve, Ø300x75mm , stainless steel, woven wire,  6,7mm (.265"") ";0,00;1480,50;2025-09-04 15:23:18.198;0,00;60,00;0,00
LT-G3027;Belli Değil;"Elek, Ø300x75mm derinlik, paslanmaz çelik kasnak ve elek teli, örgü tel, 6,3mm (¼"") göz açıklığı";"Sieve, Ø300x75mm , stainless steel, woven wire,  6,3mm (¼"") ";0,00;1480,50;2025-09-04 15:23:18.199;0,00;60,00;0,00
LT-G3028;Belli Değil;Elek, Ø300x75mm derinlik, paslanmaz çelik kasnak ve elek teli, örgü tel, 5,6mm (#3-½) göz açıklığı;Sieve, Ø300x75mm , stainless steel, woven wire,  5,6mm (#3-½) ;0,00;1480,50;2025-09-04 15:23:18.200;0,00;60,00;0,00
LT-G3029;Belli Değil;Elek, Ø300x75mm derinlik, paslanmaz çelik kasnak ve elek teli, örgü tel, 5mm göz açıklığı;Sieve, Ø300x75mm , stainless steel, woven wire,  5mm ;0,00;1480,50;2025-09-04 15:23:18.201;0,00;60,00;0,00
LT-G3030;Belli Değil;Elek, Ø300x75mm derinlik, paslanmaz çelik kasnak ve elek teli, örgü tel, 4,75mm (#4) göz açıklığı;Sieve, Ø300x75mm , stainless steel, woven wire,  4,75mm (#4) ;0,00;1480,50;2025-09-04 15:23:18.202;0,00;60,00;0,00
LT-G3031;Belli Değil;Elek, Ø300x75mm derinlik, paslanmaz çelik kasnak ve elek teli, örgü tel, 4mm (#5) göz açıklığı;Sieve, Ø300x75mm , stainless steel, woven wire,  4mm (#5) ;0,00;1480,50;2025-09-04 15:23:18.203;0,00;60,00;0,00
LT-G3032;Belli Değil;Elek, Ø300x75mm derinlik, paslanmaz çelik kasnak ve elek teli, örgü tel, 3,35mm (#6) göz açıklığı;Sieve, Ø300x75mm , stainless steel, woven wire,  3,35mm (#6) ;0,00;1480,50;2025-09-04 15:23:18.204;0,00;60,00;0,00
LT-G3033;Belli Değil;Elek, Ø300x75mm derinlik, paslanmaz çelik kasnak ve elek teli, örgü tel, 3,2mm  göz açıklığı;Sieve, Ø300x75mm , stainless steel, woven wire,  3,2mm  ;0,00;1480,50;2025-09-04 15:23:18.205;0,00;60,00;0,00
LT-G3034;Belli Değil;Elek, Ø300x75mm derinlik, paslanmaz çelik kasnak ve elek teli, örgü tel, 2,8mm (#7) göz açıklığı;Sieve, Ø300x75mm , stainless steel, woven wire,  2,8mm (#7) ;0,00;1480,50;2025-09-04 15:23:18.206;0,00;60,00;0,00
LT-G3035;Belli Değil;Elek, Ø300x75mm derinlik, paslanmaz çelik kasnak ve elek teli, örgü tel, 2,5mm göz açıklığı;Sieve, Ø300x75mm , stainless steel, woven wire,  2,5mm ;0,00;1480,50;2025-09-04 15:23:18.207;0,00;60,00;0,00
LT-G3036;Belli Değil;Elek, Ø300x75mm derinlik, paslanmaz çelik kasnak ve elek teli, örgü tel, 2,36mm (#8) göz açıklığı;Sieve, Ø300x75mm , stainless steel, woven wire,  2,36mm (#8) ;0,00;1480,50;2025-09-04 15:23:18.208;0,00;60,00;0,00
LT-G3037;Belli Değil;Elek, Ø300x75mm derinlik, paslanmaz çelik kasnak ve elek teli, örgü tel, 2mm (#10) göz açıklığı;Sieve, Ø300x75mm , stainless steel, woven wire,  2mm (#10) ;0,00;1480,50;2025-09-04 15:23:18.209;0,00;60,00;0,00
LT-G3038;Belli Değil;Elek, Ø300x75mm derinlik, paslanmaz çelik kasnak ve elek teli, örgü tel, 1,7mm (#12) göz açıklığı;Sieve, Ø300x75mm , stainless steel, woven wire,  1,7mm (#12) ;0,00;1480,50;2025-09-04 15:23:18.210;0,00;60,00;0,00
LT-G3039;Belli Değil;Elek, Ø300x75mm derinlik, paslanmaz çelik kasnak ve elek teli, örgü tel, 1,6mm göz açıklığı;Sieve, Ø300x75mm , stainless steel, woven wire,  1,6mm ;0,00;1480,50;2025-09-04 15:23:18.211;0,00;60,00;0,00
LT-G3040;Belli Değil;Elek, Ø300x75mm derinlik, paslanmaz çelik kasnak ve elek teli, örgü tel, 1,4mm (#14) göz açıklığı;Sieve, Ø300x75mm , stainless steel, woven wire,  1,4mm (#14) ;0,00;1480,50;2025-09-04 15:23:18.212;0,00;60,00;0,00
LT-G3041;Belli Değil;Elek, Ø300x75mm derinlik, paslanmaz çelik kasnak ve elek teli, örgü tel, 1,25mm göz açıklığı;Sieve, Ø300x75mm , stainless steel, woven wire,  1,25mm ;0,00;1480,50;2025-09-04 15:23:18.213;0,00;60,00;0,00
LT-G3042;Belli Değil;Elek, Ø300x75mm derinlik, paslanmaz çelik kasnak ve elek teli, örgü tel, 1,18mm (#16) göz açıklığı;Sieve, Ø300x75mm , stainless steel, woven wire,  1,18mm (#16) ;0,00;1480,50;2025-09-04 15:23:18.214;0,00;60,00;0,00
LT-G3043;Belli Değil;Elek, Ø300x75mm derinlik, paslanmaz çelik kasnak ve elek teli, örgü tel, 1mm (#18) göz açıklığı;Sieve, Ø300x75mm , stainless steel, woven wire,  1mm (#18) ;0,00;1480,50;2025-09-04 15:23:18.215;0,00;60,00;0,00
LT-G3044;Belli Değil;Elek, Ø300x75mm derinlik, paslanmaz çelik kasnak ve elek teli, örgü tel, 850µm (#20) göz açıklığı;Sieve, Ø300x75mm , stainless steel, woven wire,  850µm (#20) ;0,00;1480,50;2025-09-04 15:23:18.216;0,00;60,00;0,00
LT-G3045;Belli Değil;Elek, Ø300x75mm derinlik, paslanmaz çelik kasnak ve elek teli, örgü tel, 800µm  göz açıklığı;Sieve, Ø300x75mm , stainless steel, woven wire,  800µm  ;0,00;1480,50;2025-09-04 15:23:18.217;0,00;60,00;0,00
LT-G3046;Belli Değil;Elek, Ø300x75mm derinlik, paslanmaz çelik kasnak ve elek teli, örgü tel, 710µm (#25) göz açıklığı;Sieve, Ø300x75mm , stainless steel, woven wire,  710µm (#25) ;0,00;1480,50;2025-09-04 15:23:18.218;0,00;60,00;0,00
LT-G3047;Belli Değil;Elek, Ø300x75mm derinlik, paslanmaz çelik kasnak ve elek teli, örgü tel, 630µm  göz açıklığı;Sieve, Ø300x75mm , stainless steel, woven wire,  630µm  ;0,00;1480,50;2025-09-04 15:23:18.219;0,00;60,00;0,00
LT-G3048;Belli Değil;Elek, Ø300x75mm derinlik, paslanmaz çelik kasnak ve elek teli, örgü tel, 600µm (#30) göz açıklığı;Sieve, Ø300x75mm , stainless steel, woven wire,  600µm (#30) ;0,00;1480,50;2025-09-04 15:23:18.220;0,00;60,00;0,00
LT-G3049;Belli Değil;Elek, Ø300x75mm derinlik, paslanmaz çelik kasnak ve elek teli, örgü tel, 500µm (#35) göz açıklığı;Sieve, Ø300x75mm , stainless steel, woven wire,  500µm (#35) ;0,00;1480,50;2025-09-04 15:23:18.221;0,00;60,00;0,00
LT-G3050;Belli Değil;Elek, Ø300x75mm derinlik, paslanmaz çelik kasnak ve elek teli, örgü tel, 425µm (#40) göz açıklığı;Sieve, Ø300x75mm , stainless steel, woven wire,  425µm (#40) ;0,00;1480,50;2025-09-04 15:23:18.222;0,00;60,00;0,00
LT-G3051;Belli Değil;Elek, Ø300x75mm derinlik, paslanmaz çelik kasnak ve elek teli, örgü tel, 400µm  göz açıklığı;Sieve, Ø300x75mm , stainless steel, woven wire,  400µm  ;0,00;1480,50;2025-09-04 15:23:18.223;0,00;60,00;0,00
LT-G3052;Belli Değil;Elek, Ø300x75mm derinlik, paslanmaz çelik kasnak ve elek teli, örgü tel, 355µm (#45) göz açıklığı;Sieve, Ø300x75mm , stainless steel, woven wire,  355µm (#45) ;0,00;1480,50;2025-09-04 15:23:18.224;0,00;60,00;0,00
LT-G3053;Belli Değil;Elek, Ø300x75mm derinlik, paslanmaz çelik kasnak ve elek teli, örgü tel, 315µm  göz açıklığı;Sieve, Ø300x75mm , stainless steel, woven wire,  315µm  ;0,00;1480,50;2025-09-04 15:23:18.225;0,00;60,00;0,00
LT-G3054;Belli Değil;Elek, Ø300x75mm derinlik, paslanmaz çelik kasnak ve elek teli, örgü tel, 300µm (#50) göz açıklığı;Sieve, Ø300x75mm , stainless steel, woven wire,  300µm (#50) ;0,00;1480,50;2025-09-04 15:23:18.226;0,00;60,00;0,00
LT-G3055;Belli Değil;Elek, Ø300x75mm derinlik, paslanmaz çelik kasnak ve elek teli, örgü tel, 250µm (#60) göz açıklığı;Sieve, Ø300x75mm , stainless steel, woven wire,  250µm (#60) ;0,00;1480,50;2025-09-04 15:23:18.227;0,00;60,00;0,00
LT-G3056;Belli Değil;Elek, Ø300x75mm derinlik, paslanmaz çelik kasnak ve elek teli, örgü tel, 212µm (#70) göz açıklığı;Sieve, Ø300x75mm , stainless steel, woven wire,  212µm (#70) ;0,00;1480,50;2025-09-04 15:23:18.228;0,00;60,00;0,00
LT-G3057;Belli Değil;Elek, Ø300x75mm derinlik, paslanmaz çelik kasnak ve elek teli, örgü tel, 200µm  göz açıklığı;Sieve, Ø300x75mm , stainless steel, woven wire,  200µm  ;0,00;1480,50;2025-09-04 15:23:18.229;0,00;60,00;0,00
LT-G3058;Belli Değil;Elek, Ø300x75mm derinlik, paslanmaz çelik kasnak ve elek teli, örgü tel, 180µm (#80) göz açıklığı;Sieve, Ø300x75mm , stainless steel, woven wire,  180µm (#80) ;0,00;1480,50;2025-09-04 15:23:18.230;0,00;60,00;0,00
LT-G3059;Belli Değil;Elek, Ø300x75mm derinlik, paslanmaz çelik kasnak ve elek teli, örgü tel, 160µm  göz açıklığı;Sieve, Ø300x75mm , stainless steel, woven wire,  160µm  ;0,00;1480,50;2025-09-04 15:23:18.231;0,00;60,00;0,00
LT-G3060;Belli Değil;Elek, Ø300x75mm derinlik, paslanmaz çelik kasnak ve elek teli, örgü tel, 150µm (#100) göz açıklığı;Sieve, Ø300x75mm , stainless steel, woven wire,  150µm (#100) ;0,00;1480,50;2025-09-04 15:23:18.232;0,00;60,00;0,00
LT-G3061;Belli Değil;Elek, Ø300x75mm derinlik, paslanmaz çelik kasnak ve elek teli, örgü tel, 125µm (#120) göz açıklığı;Sieve, Ø300x75mm , stainless steel, woven wire,  125µm (#120) ;0,00;1480,50;2025-09-04 15:23:18.233;0,00;60,00;0,00
LT-G3062;Belli Değil;Elek, Ø300x75mm derinlik, paslanmaz çelik kasnak ve elek teli, örgü tel, 106µm (#140) göz açıklığı;Sieve, Ø300x75mm , stainless steel, woven wire,  106µm (#140) ;0,00;1480,50;2025-09-04 15:23:18.234;0,00;60,00;0,00
LT-G3063;Belli Değil;Elek, Ø300x75mm derinlik, paslanmaz çelik kasnak ve elek teli, örgü tel, 100µm  göz açıklığı;Sieve, Ø300x75mm , stainless steel, woven wire,  100µm  ;0,00;1480,50;2025-09-04 15:23:18.235;0,00;60,00;0,00
LT-G3064;Belli Değil;Elek, Ø300x75mm derinlik, paslanmaz çelik kasnak ve elek teli, örgü tel, 90µm (#170) göz açıklığı;Sieve, Ø300x75mm , stainless steel, woven wire,  90µm (#170) ;0,00;1480,50;2025-09-04 15:23:18.236;0,00;60,00;0,00
LT-G3065;Belli Değil;Elek, Ø300x75mm derinlik, paslanmaz çelik kasnak ve elek teli, örgü tel, 80µm  göz açıklığı;Sieve, Ø300x75mm , stainless steel, woven wire,  80µm  ;0,00;1480,50;2025-09-04 15:23:18.237;0,00;60,00;0,00
LT-G3066;Belli Değil;Elek, Ø300x75mm derinlik, paslanmaz çelik kasnak ve elek teli, örgü tel, 75µm (#200) göz açıklığı;Sieve, Ø300x75mm , stainless steel, woven wire,  75µm (#200) ;0,00;1480,50;2025-09-04 15:23:18.238;0,00;60,00;0,00
LT-G3067;Belli Değil;Elek, Ø300x75mm derinlik, paslanmaz çelik kasnak ve elek teli, örgü tel, 63µm (#230) göz açıklığı;Sieve, Ø300x75mm , stainless steel, woven wire,  63µm (#230) ;0,00;1480,50;2025-09-04 15:23:18.239;0,00;60,00;0,00
LT-G3068;Belli Değil;Elek, Ø300x75mm derinlik, paslanmaz çelik kasnak ve elek teli, örgü tel, 53µm (#270) göz açıklığı;Sieve, Ø300x75mm , stainless steel, woven wire,  53µm (#270) ;0,00;1480,50;2025-09-04 15:23:18.240;0,00;60,00;0,00
LT-G3069;Belli Değil;Elek, Ø300x75mm derinlik, paslanmaz çelik kasnak ve elek teli, örgü tel, 50µm  göz açıklığı;Sieve, Ø300x75mm , stainless steel, woven wire,  50µm  ;0,00;1480,50;2025-09-04 15:23:18.241;0,00;60,00;0,00
LT-G3070;Belli Değil;Elek, Ø300x75mm derinlik, paslanmaz çelik kasnak ve elek teli, örgü tel, 45µm (#325) göz açıklığı;Sieve, Ø300x75mm , stainless steel, woven wire,  45µm (#325) ;0,00;1480,50;2025-09-04 15:23:18.242;0,00;60,00;0,00
LT-G3071;Belli Değil;Elek, Ø300x75mm derinlik, paslanmaz çelik kasnak ve elek teli, örgü tel, 40µm  göz açıklığı;Sieve, Ø300x75mm , stainless steel, woven wire,  40µm  ;0,00;1480,50;2025-09-04 15:23:18.243;0,00;60,00;0,00
LT-G3072;Belli Değil;Elek, Ø300x75mm derinlik, paslanmaz çelik kasnak ve elek teli, örgü tel, 38µm (#400) göz açıklığı;Sieve, Ø300x75mm , stainless steel, woven wire,  38µm (#400) ;0,00;1480,50;2025-09-04 15:23:18.244;0,00;60,00;0,00
LT-G3073;Belli Değil;Elek, Ø300x75mm derinlik, paslanmaz çelik kasnak ve elek teli, örgü tel, 25µm  göz açıklığı;Sieve, Ø300x75mm , stainless steel, woven wire,  25µm;0,00;1480,50;2025-09-04 15:23:18.245;0,00;60,00;0,00
LT-G3101;Belli Değil;Toplama Kabı, Ø300x75mm  paslanmaz çelik;Receiver, Ø300x75mm  stainless steel;0,00;740,25;2025-09-04 15:23:18.246;0,00;30,00;0,00
LT-G3102;Belli Değil;Kapak, Ø300mm paslanmaz çelik, tutamaklı;Lid, Ø300mm stainless steel;0,00;740,25;2025-09-04 15:23:18.247;0,00;30,00;0,00
LT-G3103;Belli Değil;Toplama Kabı ve Kapağı, Ø300x75mm  paslanmaz çelik toplama kabı ve paslanmaz çelik kapak;Lid and Receiver, Ø300x75mm  stainless steel;0,00;1480,50;2025-09-04 15:23:18.248;0,00;60,00;0,00
LT-G2001;Belli Değil;Elek, Ø400x50mm derinlik, paslanmaz çelik kasnak ve elek teli, örgü tel, 125mm göz açıklığı;Sieve, Ø400x50mm , stainless steel , 125mm ;0,00;2072,00;2025-09-04 15:23:18.249;0,00;54,00;0,00
LT-G2002;Belli Değil;"Elek, Ø400x50mm derinlik, paslanmaz çelik kasnak ve elek teli, örgü tel, 100mm (4"") göz açıklığı";"Sieve, Ø400x50mm , stainless steel , 100mm (4"") ";0,00;2072,00;2025-09-04 15:23:18.250;0,00;54,00;0,00
LT-G2003;Belli Değil;"Elek, Ø400x50mm derinlik, paslanmaz çelik kasnak ve elek teli, örgü tel, 90mm (3-½"") göz açıklığı";"Sieve, Ø400x50mm , stainless steel , 90mm (3-½"") ";0,00;2072,00;2025-09-04 15:23:18.251;0,00;54,00;0,00
LT-G2004;Belli Değil;Elek, Ø400x50mm derinlik, paslanmaz çelik kasnak ve elek teli, örgü tel, 80mm göz açıklığı;Sieve, Ø400x50mm , stainless steel , 80mm ;0,00;2072,00;2025-09-04 15:23:18.252;0,00;54,00;0,00
LT-G2005;Belli Değil;"Elek, Ø400x50mm derinlik, paslanmaz çelik kasnak ve elek teli, örgü tel, 75mm (3"") göz açıklığı";"Sieve, Ø400x50mm , stainless steel , 75mm (3"") ";0,00;2072,00;2025-09-04 15:23:18.253;0,00;54,00;0,00
LT-G2006;Belli Değil;"Elek, Ø400x50mm derinlik, paslanmaz çelik kasnak ve elek teli, örgü tel, 63mm (2-½"") göz açıklığı";"Sieve, Ø400x50mm , stainless steel , 63mm (2-½"") ";0,00;2072,00;2025-09-04 15:23:18.254;0,00;54,00;0,00
LT-G2007;Belli Değil;Elek, Ø400x50mm derinlik, paslanmaz çelik kasnak ve elek teli, örgü tel, 56mm göz açıklığı;Sieve, Ø400x50mm , stainless steel , 56mm ;0,00;2072,00;2025-09-04 15:23:18.255;0,00;54,00;0,00
LT-G2008;Belli Değil;"Elek, Ø400x50mm derinlik, paslanmaz çelik kasnak ve elek teli, örgü tel, 53mm (2.12"") göz açıklığı";"Sieve, Ø400x50mm , stainless steel , 53mm (2.12"") ";0,00;2072,00;2025-09-04 15:23:18.256;0,00;54,00;0,00
LT-G2009;Belli Değil;"Elek, Ø400x50mm derinlik, paslanmaz çelik kasnak ve elek teli, örgü tel, 50mm (2"") göz açıklığı";"Sieve, Ø400x50mm , stainless steel , 50mm (2"") ";0,00;2072,00;2025-09-04 15:23:18.257;0,00;54,00;0,00
LT-G2010;Belli Değil;"Elek, Ø400x50mm derinlik, paslanmaz çelik kasnak ve elek teli, örgü tel, 45mm (1-¾"") göz açıklığı";"Sieve, Ø400x50mm , stainless steel , 45mm (1-¾"") ";0,00;2072,00;2025-09-04 15:23:18.258;0,00;54,00;0,00
LT-G2011;Belli Değil;Elek, Ø400x50mm derinlik, paslanmaz çelik kasnak ve elek teli, örgü tel, 40mm göz açıklığı;Sieve, Ø400x50mm , stainless steel , 40mm ;0,00;2072,00;2025-09-04 15:23:18.259;0,00;54,00;0,00
LT-G2012;Belli Değil;"Elek, Ø400x50mm derinlik, paslanmaz çelik kasnak ve elek teli, örgü tel, 37,5mm (1-½"") göz açıklığı";"Sieve, Ø400x50mm , stainless steel , 37,5mm (1-½"") ";0,00;2072,00;2025-09-04 15:23:18.260;0,00;54,00;0,00
LT-G2013;Belli Değil;"Elek, Ø400x50mm derinlik, paslanmaz çelik kasnak ve elek teli, örgü tel, 31,5mm (1-¼"") göz açıklığı";"Sieve, Ø400x50mm , stainless steel , 31,5mm (1-¼"") ";0,00;2072,00;2025-09-04 15:23:18.261;0,00;54,00;0,00
LT-G2014;Belli Değil;"Elek, Ø400x50mm derinlik, paslanmaz çelik kasnak ve elek teli, örgü tel, 26,5mm (1.06"") göz açıklığı";"Sieve, Ø400x50mm , stainless steel , 26,5mm (1.06"") ";0,00;2072,00;2025-09-04 15:23:18.262;0,00;54,00;0,00
LT-G2015;Belli Değil;"Elek, Ø400x50mm derinlik, paslanmaz çelik kasnak ve elek teli, örgü tel, 25mm (1"") göz açıklığı";"Sieve, Ø400x50mm , stainless steel , 25mm (1"") ";0,00;2072,00;2025-09-04 15:23:18.263;0,00;54,00;0,00
LT-G2016;Belli Değil;"Elek, Ø400x50mm derinlik, paslanmaz çelik kasnak ve elek teli, örgü tel, 22,4mm (7/8"") göz açıklığı";"Sieve, Ø400x50mm , stainless steel , 22,4mm (7/8"") ";0,00;2072,00;2025-09-04 15:23:18.264;0,00;54,00;0,00
LT-G2017;Belli Değil;Elek, Ø400x50mm derinlik, paslanmaz çelik kasnak ve elek teli, örgü tel, 20mm göz açıklığı;Sieve, Ø400x50mm , stainless steel , 20mm ;0,00;2072,00;2025-09-04 15:23:18.265;0,00;54,00;0,00
LT-G2018;Belli Değil;"Elek, Ø400x50mm derinlik, paslanmaz çelik kasnak ve elek teli, örgü tel, 19mm (¾"") göz açıklığı";"Sieve, Ø400x50mm , stainless steel , 19mm (¾"") ";0,00;2072,00;2025-09-04 15:23:18.266;0,00;54,00;0,00
LT-G2019;Belli Değil;"Elek, Ø400x50mm derinlik, paslanmaz çelik kasnak ve elek teli, örgü tel, 16mm (5/8"") göz açıklığı";"Sieve, Ø400x50mm , stainless steel , 16mm (5/8"") ";0,00;2072,00;2025-09-04 15:23:18.267;0,00;54,00;0,00
LT-G2020;Belli Değil;"Elek, Ø400x50mm derinlik, paslanmaz çelik kasnak ve elek teli, örgü tel, 13,2mm (.530"") göz açıklığı";"Sieve, Ø400x50mm , stainless steel , 13,2mm (.530"") ";0,00;2072,00;2025-09-04 15:23:18.268;0,00;54,00;0,00
LT-G2021;Belli Değil;"Elek, Ø400x50mm derinlik, paslanmaz çelik kasnak ve elek teli, örgü tel, 12,5mm (½"") göz açıklığı";"Sieve, Ø400x50mm , stainless steel , 12,5mm (½"") ";0,00;2072,00;2025-09-04 15:23:18.269;0,00;54,00;0,00
LT-G2022;Belli Değil;"Elek, Ø400x50mm derinlik, paslanmaz çelik kasnak ve elek teli, örgü tel, 11,2mm (7/16"") göz açıklığı";"Sieve, Ø400x50mm , stainless steel , 11,2mm (7/16"") ";0,00;2072,00;2025-09-04 15:23:18.270;0,00;54,00;0,00
LT-G2023;Belli Değil;Elek, Ø400x50mm derinlik, paslanmaz çelik kasnak ve elek teli, örgü tel, 10mm göz açıklığı;Sieve, Ø400x50mm , stainless steel , 10mm ;0,00;2072,00;2025-09-04 15:23:18.271;0,00;54,00;0,00
LT-G2024;Belli Değil;"Elek, Ø400x50mm derinlik, paslanmaz çelik kasnak ve elek teli, örgü tel, 9,5mm (3/8"") göz açıklığı";"Sieve, Ø400x50mm , stainless steel , 9,5mm (3/8"") ";0,00;2072,00;2025-09-04 15:23:18.272;0,00;54,00;0,00
LT-G2025;Belli Değil;"Elek, Ø400x50mm derinlik, paslanmaz çelik kasnak ve elek teli, örgü tel, 8mm (5/16"") göz açıklığı";"Sieve, Ø400x50mm , stainless steel , 8mm (5/16"") ";0,00;2072,00;2025-09-04 15:23:18.273;0,00;54,00;0,00
LT-G2026;Belli Değil;"Elek, Ø400x50mm derinlik, paslanmaz çelik kasnak ve elek teli, örgü tel, 6,7mm (.265"") göz açıklığı";"Sieve, Ø400x50mm , stainless steel , 6,7mm (.265"") ";0,00;2072,00;2025-09-04 15:23:18.274;0,00;54,00;0,00
LT-G2027;Belli Değil;"Elek, Ø400x50mm derinlik, paslanmaz çelik kasnak ve elek teli, örgü tel, 6,3mm (¼"") göz açıklığı";"Sieve, Ø400x50mm , stainless steel , 6,3mm (¼"") ";0,00;2072,00;2025-09-04 15:23:18.275;0,00;54,00;0,00
LT-G2028;Belli Değil;Elek, Ø400x50mm derinlik, paslanmaz çelik kasnak ve elek teli, örgü tel, 5,6mm (#3-½) göz açıklığı;Sieve, Ø400x50mm , stainless steel , 5,6mm (#3-½) ;0,00;2072,00;2025-09-04 15:23:18.276;0,00;54,00;0,00
LT-G2029;Belli Değil;Elek, Ø400x50mm derinlik, paslanmaz çelik kasnak ve elek teli, örgü tel, 5mm göz açıklığı;Sieve, Ø400x50mm , stainless steel , 5mm ;0,00;2072,00;2025-09-04 15:23:18.277;0,00;54,00;0,00
LT-G2030;Belli Değil;Elek, Ø400x50mm derinlik, paslanmaz çelik kasnak ve elek teli, örgü tel, 4,75mm (#4) göz açıklığı;Sieve, Ø400x50mm , stainless steel , 4,75mm (#4) ;0,00;2072,00;2025-09-04 15:23:18.278;0,00;54,00;0,00
LT-G2031;Belli Değil;Elek, Ø400x50mm derinlik, paslanmaz çelik kasnak ve elek teli, örgü tel, 4mm (#5) göz açıklığı;Sieve, Ø400x50mm , stainless steel , 4mm (#5) ;0,00;2072,00;2025-09-04 15:23:18.279;0,00;54,00;0,00
LT-G2032;Belli Değil;Elek, Ø400x50mm derinlik, paslanmaz çelik kasnak ve elek teli, örgü tel, 3,35mm (#6) göz açıklığı;Sieve, Ø400x50mm , stainless steel , 3,35mm (#6) ;0,00;2072,00;2025-09-04 15:23:18.280;0,00;54,00;0,00
LT-G2033;Belli Değil;Elek, Ø400x50mm derinlik, paslanmaz çelik kasnak ve elek teli, örgü tel, 3,15mm  göz açıklığı;Sieve, Ø400x50mm , stainless steel , 3,15mm  ;0,00;2072,00;2025-09-04 15:23:18.281;0,00;54,00;0,00
LT-G2034;Belli Değil;Elek, Ø400x50mm derinlik, paslanmaz çelik kasnak ve elek teli, örgü tel, 2,8mm (#7) göz açıklığı;Sieve, Ø400x50mm , stainless steel , 2,8mm (#7) ;0,00;2072,00;2025-09-04 15:23:18.282;0,00;54,00;0,00
LT-G2035;Belli Değil;Elek, Ø400x50mm derinlik, paslanmaz çelik kasnak ve elek teli, örgü tel, 2,5mm göz açıklığı;Sieve, Ø400x50mm , stainless steel , 2,5mm ;0,00;2072,00;2025-09-04 15:23:18.283;0,00;54,00;0,00
LT-G2036;Belli Değil;Elek, Ø400x50mm derinlik, paslanmaz çelik kasnak ve elek teli, örgü tel, 2,36mm (#8) göz açıklığı;Sieve, Ø400x50mm , stainless steel , 2,36mm (#8) ;0,00;2072,00;2025-09-04 15:23:18.284;0,00;54,00;0,00
LT-G2037;Belli Değil;Elek, Ø400x50mm derinlik, paslanmaz çelik kasnak ve elek teli, örgü tel, 2mm (#10) göz açıklığı;Sieve, Ø400x50mm , stainless steel , 2mm (#10) ;0,00;2072,00;2025-09-04 15:23:18.285;0,00;54,00;0,00
LT-G2038;Belli Değil;Elek, Ø400x50mm derinlik, paslanmaz çelik kasnak ve elek teli, örgü tel, 1,7mm (#12) göz açıklığı;Sieve, Ø400x50mm , stainless steel , 1,7mm (#12) ;0,00;2072,00;2025-09-04 15:23:18.286;0,00;54,00;0,00
LT-G2039;Belli Değil;Elek, Ø400x50mm derinlik, paslanmaz çelik kasnak ve elek teli, örgü tel, 1,6mm göz açıklığı;Sieve, Ø400x50mm , stainless steel , 1,6mm ;0,00;2072,00;2025-09-04 15:23:18.287;0,00;54,00;0,00
LT-G2040;Belli Değil;Elek, Ø400x50mm derinlik, paslanmaz çelik kasnak ve elek teli, örgü tel, 1,4mm (#14) göz açıklığı;Sieve, Ø400x50mm , stainless steel , 1,4mm (#14) ;0,00;2072,00;2025-09-04 15:23:18.288;0,00;54,00;0,00
LT-G2041;Belli Değil;Elek, Ø400x50mm derinlik, paslanmaz çelik kasnak ve elek teli, örgü tel, 1,25mm göz açıklığı;Sieve, Ø400x50mm , stainless steel , 1,25mm ;0,00;2072,00;2025-09-04 15:23:18.289;0,00;54,00;0,00
LT-G2042;Belli Değil;Elek, Ø400x50mm derinlik, paslanmaz çelik kasnak ve elek teli, örgü tel, 1,18mm (#16) göz açıklığı;Sieve, Ø400x50mm , stainless steel , 1,18mm (#16) ;0,00;2072,00;2025-09-04 15:23:18.290;0,00;54,00;0,00
LT-G2043;Belli Değil;Elek, Ø400x50mm derinlik, paslanmaz çelik kasnak ve elek teli, örgü tel, 1mm (#18) göz açıklığı;Sieve, Ø400x50mm , stainless steel , 1mm (#18) ;0,00;2072,00;2025-09-04 15:23:18.291;0,00;54,00;0,00
LT-G2044;Belli Değil;Elek, Ø400x50mm derinlik, paslanmaz çelik kasnak ve elek teli, örgü tel, 850µm (#20) göz açıklığı;Sieve, Ø400x50mm , stainless steel , 850µm (#20) ;0,00;2072,00;2025-09-04 15:23:18.292;0,00;54,00;0,00
LT-G2045;Belli Değil;Elek, Ø400x50mm derinlik, paslanmaz çelik kasnak ve elek teli, örgü tel, 800µm  göz açıklığı;Sieve, Ø400x50mm , stainless steel , 800µm  ;0,00;2072,00;2025-09-04 15:23:18.293;0,00;54,00;0,00
LT-G2046;Belli Değil;Elek, Ø400x50mm derinlik, paslanmaz çelik kasnak ve elek teli, örgü tel, 710µm (#25) göz açıklığı;Sieve, Ø400x50mm , stainless steel , 710µm (#25) ;0,00;2072,00;2025-09-04 15:23:18.294;0,00;54,00;0,00
LT-G2047;Belli Değil;Elek, Ø400x50mm derinlik, paslanmaz çelik kasnak ve elek teli, örgü tel, 630µm  göz açıklığı;Sieve, Ø400x50mm , stainless steel , 630µm  ;0,00;2072,00;2025-09-04 15:23:18.295;0,00;54,00;0,00
LT-G2048;Belli Değil;Elek, Ø400x50mm derinlik, paslanmaz çelik kasnak ve elek teli, örgü tel, 600µm (#30) göz açıklığı;Sieve, Ø400x50mm , stainless steel , 600µm (#30) ;0,00;2072,00;2025-09-04 15:23:18.296;0,00;54,00;0,00
LT-G2049;Belli Değil;Elek, Ø400x50mm derinlik, paslanmaz çelik kasnak ve elek teli, örgü tel, 500µm (#35) göz açıklığı;Sieve, Ø400x50mm , stainless steel , 500µm (#35) ;0,00;2072,00;2025-09-04 15:23:18.297;0,00;54,00;0,00
LT-G2050;Belli Değil;Elek, Ø400x50mm derinlik, paslanmaz çelik kasnak ve elek teli, örgü tel, 425µm (#40) göz açıklığı;Sieve, Ø400x50mm , stainless steel , 425µm (#40) ;0,00;2072,00;2025-09-04 15:23:18.298;0,00;54,00;0,00
LT-G2051;Belli Değil;Elek, Ø400x50mm derinlik, paslanmaz çelik kasnak ve elek teli, örgü tel, 400µm  göz açıklığı;Sieve, Ø400x50mm , stainless steel , 400µm  ;0,00;2072,00;2025-09-04 15:23:18.299;0,00;54,00;0,00
LT-G2052;Belli Değil;Elek, Ø400x50mm derinlik, paslanmaz çelik kasnak ve elek teli, örgü tel, 355µm (#45) göz açıklığı;Sieve, Ø400x50mm , stainless steel , 355µm (#45) ;0,00;2072,00;2025-09-04 15:23:18.300;0,00;54,00;0,00
LT-G2053;Belli Değil;Elek, Ø400x50mm derinlik, paslanmaz çelik kasnak ve elek teli, örgü tel, 315µm  göz açıklığı;Sieve, Ø400x50mm , stainless steel , 315µm  ;0,00;2072,00;2025-09-04 15:23:18.301;0,00;54,00;0,00
LT-G2054;Belli Değil;Elek, Ø400x50mm derinlik, paslanmaz çelik kasnak ve elek teli, örgü tel, 300µm (#50) göz açıklığı;Sieve, Ø400x50mm , stainless steel , 300µm (#50) ;0,00;2072,00;2025-09-04 15:23:18.302;0,00;54,00;0,00
LT-G2055;Belli Değil;Elek, Ø400x50mm derinlik, paslanmaz çelik kasnak ve elek teli, örgü tel, 250µm (#60) göz açıklığı;Sieve, Ø400x50mm , stainless steel , 250µm (#60) ;0,00;2072,00;2025-09-04 15:23:18.303;0,00;54,00;0,00
LT-G2056;Belli Değil;Elek, Ø400x50mm derinlik, paslanmaz çelik kasnak ve elek teli, örgü tel, 212µm (#70) göz açıklığı;Sieve, Ø400x50mm , stainless steel , 212µm (#70) ;0,00;2072,00;2025-09-04 15:23:18.304;0,00;54,00;0,00
LT-G2057;Belli Değil;Elek, Ø400x50mm derinlik, paslanmaz çelik kasnak ve elek teli, örgü tel, 200µm  göz açıklığı;Sieve, Ø400x50mm , stainless steel , 200µm  ;0,00;2072,00;2025-09-04 15:23:18.305;0,00;54,00;0,00
LT-G2058;Belli Değil;Elek, Ø400x50mm derinlik, paslanmaz çelik kasnak ve elek teli, örgü tel, 180µm (#80) göz açıklığı;Sieve, Ø400x50mm , stainless steel , 180µm (#80) ;0,00;2072,00;2025-09-04 15:23:18.306;0,00;54,00;0,00
LT-G2059;Belli Değil;Elek, Ø400x50mm derinlik, paslanmaz çelik kasnak ve elek teli, örgü tel, 160µm  göz açıklığı;Sieve, Ø400x50mm , stainless steel , 160µm  ;0,00;2072,00;2025-09-04 15:23:18.307;0,00;54,00;0,00
LT-G2060;Belli Değil;Elek, Ø400x50mm derinlik, paslanmaz çelik kasnak ve elek teli, örgü tel, 150µm (#100) göz açıklığı;Sieve, Ø400x50mm , stainless steel , 150µm (#100) ;0,00;2072,00;2025-09-04 15:23:18.308;0,00;54,00;0,00
LT-G2061;Belli Değil;Elek, Ø400x50mm derinlik, paslanmaz çelik kasnak ve elek teli, örgü tel, 125µm (#120) göz açıklığı;Sieve, Ø400x50mm , stainless steel , 125µm (#120) ;0,00;2072,00;2025-09-04 15:23:18.309;0,00;54,00;0,00
LT-G2062;Belli Değil;Elek, Ø400x50mm derinlik, paslanmaz çelik kasnak ve elek teli, örgü tel, 106µm (#140) göz açıklığı;Sieve, Ø400x50mm , stainless steel , 106µm (#140) ;0,00;2072,00;2025-09-04 15:23:18.310;0,00;54,00;0,00
LT-G2063;Belli Değil;Elek, Ø400x50mm derinlik, paslanmaz çelik kasnak ve elek teli, örgü tel, 100µm  göz açıklığı;Sieve, Ø400x50mm , stainless steel , 100µm  ;0,00;2072,00;2025-09-04 15:23:18.311;0,00;54,00;0,00
LT-G2064;Belli Değil;Elek, Ø400x50mm derinlik, paslanmaz çelik kasnak ve elek teli, örgü tel, 90µm (#170) göz açıklığı;Sieve, Ø400x50mm , stainless steel , 90µm (#170) ;0,00;2072,00;2025-09-04 15:23:18.312;0,00;54,00;0,00
LT-G2065;Belli Değil;Elek, Ø400x50mm derinlik, paslanmaz çelik kasnak ve elek teli, örgü tel, 80µm  göz açıklığı;Sieve, Ø400x50mm , stainless steel , 80µm  ;0,00;2072,00;2025-09-04 15:23:18.313;0,00;54,00;0,00
LT-G2066;Belli Değil;Elek, Ø400x50mm derinlik, paslanmaz çelik kasnak ve elek teli, örgü tel, 75µm (#200) göz açıklığı;Sieve, Ø400x50mm , stainless steel , 75µm (#200) ;0,00;2072,00;2025-09-04 15:23:18.314;0,00;54,00;0,00
LT-G2067;Belli Değil;Elek, Ø400x50mm derinlik, paslanmaz çelik kasnak ve elek teli, örgü tel, 63µm (#230) göz açıklığı;Sieve, Ø400x50mm , stainless steel , 63µm (#230) ;0,00;2072,00;2025-09-04 15:23:18.315;0,00;54,00;0,00
LT-G2068;Belli Değil;Elek, Ø400x50mm derinlik, paslanmaz çelik kasnak ve elek teli, örgü tel, 53µm (#270) göz açıklığı;Sieve, Ø400x50mm , stainless steel , 53µm (#270) ;0,00;2072,00;2025-09-04 15:23:18.316;0,00;54,00;0,00
LT-G2069;Belli Değil;Elek, Ø400x50mm derinlik, paslanmaz çelik kasnak ve elek teli, örgü tel, 50µm  göz açıklığı;Sieve, Ø400x50mm , stainless steel , 50µm  ;0,00;2072,00;2025-09-04 15:23:18.317;0,00;54,00;0,00
LT-G2070;Belli Değil;Elek, Ø400x50mm derinlik, paslanmaz çelik kasnak ve elek teli, örgü tel, 45µm (#325) göz açıklığı;Sieve, Ø400x50mm , stainless steel , 45µm (#325) ;0,00;2072,00;2025-09-04 15:23:18.318;0,00;54,00;0,00
LT-G2071;Belli Değil;Elek, Ø400x50mm derinlik, paslanmaz çelik kasnak ve elek teli, örgü tel, 40µm  göz açıklığı;Sieve, Ø400x50mm , stainless steel , 40µm  ;0,00;2072,00;2025-09-04 15:23:18.319;0,00;54,00;0,00
LT-G2072;Belli Değil;Elek, Ø400x50mm derinlik, paslanmaz çelik kasnak ve elek teli, örgü tel, 38µm (#400) göz açıklığı;Sieve, Ø400x50mm , stainless steel , 38µm (#400) ;0,00;2072,00;2025-09-04 15:23:18.320;0,00;54,00;0,00
LT-G2073;Belli Değil;Elek, Ø400x50mm derinlik, paslanmaz çelik kasnak ve elek teli, örgü tel, 25µm göz açıklığı;Sieve, Ø400x50mm , stainless steel , 25µm ;0,00;2072,00;2025-09-04 15:23:18.321;0,00;54,00;0,00
LT-G2101;Belli Değil;Toplama Kabı, Ø400x50mm  paslanmaz çelik;Receiver, Ø400x50mm  stainless steel;0,00;1036,00;2025-09-04 15:23:18.322;0,00;27,00;0,00
LT-G2102;Belli Değil;Kapak, Ø400mm paslanmaz çelik;Lid, Ø400mm stainless steel;0,00;1036,00;2025-09-04 15:23:18.323;0,00;27,00;0,00
LT-G7001;Belli Değil;Elek, Ø450x50mm derinlik, paslanmaz çelik kasnak ve elek teli, örgü tel, 125mm göz açıklığı;Sieve, Ø450x50mm , stainless steel , 125mm ;0,00;2369,00;2025-09-04 15:23:18.324;0,00;54,00;0,00
LT-G7002;Belli Değil;"Elek, Ø450x50mm derinlik, paslanmaz çelik kasnak ve elek teli, örgü tel, 100mm (4"") göz açıklığı";"Sieve, Ø450x50mm , stainless steel , 100mm (4"") ";0,00;2369,00;2025-09-04 15:23:18.325;0,00;54,00;0,00
LT-G7003;Belli Değil;"Elek, Ø450x50mm derinlik, paslanmaz çelik kasnak ve elek teli, örgü tel, 90mm (3-½"") göz açıklığı";"Sieve, Ø450x50mm , stainless steel , 90mm (3-½"") ";0,00;2369,00;2025-09-04 15:23:18.326;0,00;54,00;0,00
LT-G7004;Belli Değil;Elek, Ø450x50mm derinlik, paslanmaz çelik kasnak ve elek teli, örgü tel, 80mm göz açıklığı;Sieve, Ø450x50mm , stainless steel , 80mm ;0,00;2369,00;2025-09-04 15:23:18.327;0,00;54,00;0,00
LT-G7005;Belli Değil;"Elek, Ø450x50mm derinlik, paslanmaz çelik kasnak ve elek teli, örgü tel, 75mm (3"") göz açıklığı";"Sieve, Ø450x50mm , stainless steel , 75mm (3"") ";0,00;2369,00;2025-09-04 15:23:18.328;0,00;54,00;0,00
LT-G7006;Belli Değil;"Elek, Ø450x50mm derinlik, paslanmaz çelik kasnak ve elek teli, örgü tel, 63mm (2-½"") göz açıklığı";"Sieve, Ø450x50mm , stainless steel , 63mm (2-½"") ";0,00;2369,00;2025-09-04 15:23:18.329;0,00;54,00;0,00
LT-G7007;Belli Değil;Elek, Ø450x50mm derinlik, paslanmaz çelik kasnak ve elek teli, örgü tel, 56mm göz açıklığı;Sieve, Ø450x50mm , stainless steel , 56mm ;0,00;2369,00;2025-09-04 15:23:18.330;0,00;54,00;0,00
LT-G7008;Belli Değil;"Elek, Ø450x50mm derinlik, paslanmaz çelik kasnak ve elek teli, örgü tel, 53mm (2.12"") göz açıklığı";"Sieve, Ø450x50mm , stainless steel , 53mm (2.12"") ";0,00;2369,00;2025-09-04 15:23:18.331;0,00;54,00;0,00
LT-G7009;Belli Değil;"Elek, Ø450x50mm derinlik, paslanmaz çelik kasnak ve elek teli, örgü tel, 50mm (2"") göz açıklığı";"Sieve, Ø450x50mm , stainless steel , 50mm (2"") ";0,00;2369,00;2025-09-04 15:23:18.332;0,00;54,00;0,00
LT-G7010;Belli Değil;"Elek, Ø450x50mm derinlik, paslanmaz çelik kasnak ve elek teli, örgü tel, 45mm (1-¾"") göz açıklığı";"Sieve, Ø450x50mm , stainless steel , 45mm (1-¾"") ";0,00;2369,00;2025-09-04 15:23:18.333;0,00;54,00;0,00
LT-G7011;Belli Değil;Elek, Ø450x50mm derinlik, paslanmaz çelik kasnak ve elek teli, örgü tel, 40mm göz açıklığı;Sieve, Ø450x50mm , stainless steel , 40mm ;0,00;2369,00;2025-09-04 15:23:18.334;0,00;54,00;0,00
LT-G7012;Belli Değil;"Elek, Ø450x50mm derinlik, paslanmaz çelik kasnak ve elek teli, örgü tel, 37,5mm (1-½"") göz açıklığı";"Sieve, Ø450x50mm , stainless steel , 37,5mm (1-½"") ";0,00;2369,00;2025-09-04 15:23:18.335;0,00;54,00;0,00
LT-G7013;Belli Değil;"Elek, Ø450x50mm derinlik, paslanmaz çelik kasnak ve elek teli, örgü tel, 31,5mm (1-¼"") göz açıklığı";"Sieve, Ø450x50mm , stainless steel , 31,5mm (1-¼"") ";0,00;2369,00;2025-09-04 15:23:18.336;0,00;54,00;0,00
LT-G7014;Belli Değil;"Elek, Ø450x50mm derinlik, paslanmaz çelik kasnak ve elek teli, örgü tel, 26,5mm (1.06"") göz açıklığı";"Sieve, Ø450x50mm , stainless steel , 26,5mm (1.06"") ";0,00;2369,00;2025-09-04 15:23:18.337;0,00;54,00;0,00
LT-G7015;Belli Değil;"Elek, Ø450x50mm derinlik, paslanmaz çelik kasnak ve elek teli, örgü tel, 25mm (1"") göz açıklığı";"Sieve, Ø450x50mm , stainless steel , 25mm (1"") ";0,00;2369,00;2025-09-04 15:23:18.338;0,00;54,00;0,00
LT-G7016;Belli Değil;"Elek, Ø450x50mm derinlik, paslanmaz çelik kasnak ve elek teli, örgü tel, 22,4mm (7/8"") göz açıklığı";"Sieve, Ø450x50mm , stainless steel , 22,4mm (7/8"") ";0,00;2369,00;2025-09-04 15:23:18.339;0,00;54,00;0,00
LT-G7017;Belli Değil;Elek, Ø450x50mm derinlik, paslanmaz çelik kasnak ve elek teli, örgü tel, 20mm göz açıklığı;Sieve, Ø450x50mm , stainless steel , 20mm ;0,00;2369,00;2025-09-04 15:23:18.340;0,00;54,00;0,00
LT-G7018;Belli Değil;"Elek, Ø450x50mm derinlik, paslanmaz çelik kasnak ve elek teli, örgü tel, 19mm (¾"") göz açıklığı";"Sieve, Ø450x50mm , stainless steel , 19mm (¾"") ";0,00;2369,00;2025-09-04 15:23:18.341;0,00;54,00;0,00
LT-G7019;Belli Değil;"Elek, Ø450x50mm derinlik, paslanmaz çelik kasnak ve elek teli, örgü tel, 16mm (5/8"") göz açıklığı";"Sieve, Ø450x50mm , stainless steel , 16mm (5/8"") ";0,00;2369,00;2025-09-04 15:23:18.342;0,00;54,00;0,00
LT-G7020;Belli Değil;"Elek, Ø450x50mm derinlik, paslanmaz çelik kasnak ve elek teli, örgü tel, 13,2mm (.530"") göz açıklığı";"Sieve, Ø450x50mm , stainless steel , 13,2mm (.530"") ";0,00;2369,00;2025-09-04 15:23:18.343;0,00;54,00;0,00
LT-G7021;Belli Değil;"Elek, Ø450x50mm derinlik, paslanmaz çelik kasnak ve elek teli, örgü tel, 12,5mm (½"") göz açıklığı";"Sieve, Ø450x50mm , stainless steel , 12,5mm (½"") ";0,00;2369,00;2025-09-04 15:23:18.344;0,00;54,00;0,00
LT-G7022;Belli Değil;"Elek, Ø450x50mm derinlik, paslanmaz çelik kasnak ve elek teli, örgü tel, 11,2mm (7/16"") göz açıklığı";"Sieve, Ø450x50mm , stainless steel , 11,2mm (7/16"") ";0,00;2369,00;2025-09-04 15:23:18.345;0,00;54,00;0,00
LT-G7023;Belli Değil;Elek, Ø450x50mm derinlik, paslanmaz çelik kasnak ve elek teli, örgü tel, 10mm göz açıklığı;Sieve, Ø450x50mm , stainless steel , 10mm ;0,00;2369,00;2025-09-04 15:23:18.346;0,00;54,00;0,00
LT-G7024;Belli Değil;"Elek, Ø450x50mm derinlik, paslanmaz çelik kasnak ve elek teli, örgü tel, 9,5mm (3/8"") göz açıklığı";"Sieve, Ø450x50mm , stainless steel , 9,5mm (3/8"") ";0,00;2369,00;2025-09-04 15:23:18.347;0,00;54,00;0,00
LT-G7025;Belli Değil;"Elek, Ø450x50mm derinlik, paslanmaz çelik kasnak ve elek teli, örgü tel, 8mm (5/16"") göz açıklığı";"Sieve, Ø450x50mm , stainless steel , 8mm (5/16"") ";0,00;2369,00;2025-09-04 15:23:18.348;0,00;54,00;0,00
LT-G7026;Belli Değil;"Elek, Ø450x50mm derinlik, paslanmaz çelik kasnak ve elek teli, örgü tel, 6,7mm (.265"") göz açıklığı";"Sieve, Ø450x50mm , stainless steel , 6,7mm (.265"") ";0,00;2369,00;2025-09-04 15:23:18.349;0,00;54,00;0,00
LT-G7027;Belli Değil;"Elek, Ø450x50mm derinlik, paslanmaz çelik kasnak ve elek teli, örgü tel, 6,3mm (¼"") göz açıklığı";"Sieve, Ø450x50mm , stainless steel , 6,3mm (¼"") ";0,00;2369,00;2025-09-04 15:23:18.350;0,00;54,00;0,00
LT-G7028;Belli Değil;Elek, Ø450x50mm derinlik, paslanmaz çelik kasnak ve elek teli, örgü tel, 5,6mm (#3-½) göz açıklığı;Sieve, Ø450x50mm , stainless steel , 5,6mm (#3-½) ;0,00;2369,00;2025-09-04 15:23:18.351;0,00;54,00;0,00
LT-G7029;Belli Değil;Elek, Ø450x50mm derinlik, paslanmaz çelik kasnak ve elek teli, örgü tel, 5mm göz açıklığı;Sieve, Ø450x50mm , stainless steel , 5mm ;0,00;2369,00;2025-09-04 15:23:18.352;0,00;54,00;0,00
LT-G7030;Belli Değil;Elek, Ø450x50mm derinlik, paslanmaz çelik kasnak ve elek teli, örgü tel, 4,75mm (#4) göz açıklığı;Sieve, Ø450x50mm , stainless steel , 4,75mm (#4) ;0,00;2369,00;2025-09-04 15:23:18.353;0,00;54,00;0,00
LT-G7031;Belli Değil;Elek, Ø450x50mm derinlik, paslanmaz çelik kasnak ve elek teli, örgü tel, 4mm (#5) göz açıklığı;Sieve, Ø450x50mm , stainless steel , 4mm (#5) ;0,00;2369,00;2025-09-04 15:23:18.354;0,00;54,00;0,00
LT-G7032;Belli Değil;Elek, Ø450x50mm derinlik, paslanmaz çelik kasnak ve elek teli, örgü tel, 3,35mm (#6) göz açıklığı;Sieve, Ø450x50mm , stainless steel , 3,35mm (#6) ;0,00;2369,00;2025-09-04 15:23:18.355;0,00;54,00;0,00
LT-G7033;Belli Değil;Elek, Ø450x50mm derinlik, paslanmaz çelik kasnak ve elek teli, örgü tel, 3,15mm  göz açıklığı;Sieve, Ø450x50mm , stainless steel , 3,15mm  ;0,00;2369,00;2025-09-04 15:23:18.356;0,00;54,00;0,00
LT-G7034;Belli Değil;Elek, Ø450x50mm derinlik, paslanmaz çelik kasnak ve elek teli, örgü tel, 2,8mm (#7) göz açıklığı;Sieve, Ø450x50mm , stainless steel , 2,8mm (#7) ;0,00;2369,00;2025-09-04 15:23:18.357;0,00;54,00;0,00
LT-G7035;Belli Değil;Elek, Ø450x50mm derinlik, paslanmaz çelik kasnak ve elek teli, örgü tel, 2,5mm göz açıklığı;Sieve, Ø450x50mm , stainless steel , 2,5mm ;0,00;2369,00;2025-09-04 15:23:18.358;0,00;54,00;0,00
LT-G7036;Belli Değil;Elek, Ø450x50mm derinlik, paslanmaz çelik kasnak ve elek teli, örgü tel, 2,36mm (#8) göz açıklığı;Sieve, Ø450x50mm , stainless steel , 2,36mm (#8) ;0,00;2369,00;2025-09-04 15:23:18.359;0,00;54,00;0,00
LT-G7037;Belli Değil;Elek, Ø450x50mm derinlik, paslanmaz çelik kasnak ve elek teli, örgü tel, 2mm (#10) göz açıklığı;Sieve, Ø450x50mm , stainless steel , 2mm (#10) ;0,00;2369,00;2025-09-04 15:23:18.360;0,00;54,00;0,00
LT-G7038;Belli Değil;Elek, Ø450x50mm derinlik, paslanmaz çelik kasnak ve elek teli, örgü tel, 1,7mm (#12) göz açıklığı;Sieve, Ø450x50mm , stainless steel , 1,7mm (#12) ;0,00;2369,00;2025-09-04 15:23:18.361;0,00;54,00;0,00
LT-G7039;Belli Değil;Elek, Ø450x50mm derinlik, paslanmaz çelik kasnak ve elek teli, örgü tel, 1,6mm göz açıklığı;Sieve, Ø450x50mm , stainless steel , 1,6mm ;0,00;2369,00;2025-09-04 15:23:18.362;0,00;54,00;0,00
LT-G7040;Belli Değil;Elek, Ø450x50mm derinlik, paslanmaz çelik kasnak ve elek teli, örgü tel, 1,4mm (#14) göz açıklığı;Sieve, Ø450x50mm , stainless steel , 1,4mm (#14) ;0,00;2369,00;2025-09-04 15:23:18.363;0,00;54,00;0,00
LT-G7041;Belli Değil;Elek, Ø450x50mm derinlik, paslanmaz çelik kasnak ve elek teli, örgü tel, 1,25mm göz açıklığı;Sieve, Ø450x50mm , stainless steel , 1,25mm ;0,00;2369,00;2025-09-04 15:23:18.364;0,00;54,00;0,00
LT-G7042;Belli Değil;Elek, Ø450x50mm derinlik, paslanmaz çelik kasnak ve elek teli, örgü tel, 1,18mm (#16) göz açıklığı;Sieve, Ø450x50mm , stainless steel , 1,18mm (#16) ;0,00;2369,00;2025-09-04 15:23:18.365;0,00;54,00;0,00
LT-G7043;Belli Değil;Elek, Ø450x50mm derinlik, paslanmaz çelik kasnak ve elek teli, örgü tel, 1mm (#18) göz açıklığı;Sieve, Ø450x50mm , stainless steel , 1mm (#18) ;0,00;2369,00;2025-09-04 15:23:18.366;0,00;54,00;0,00
LT-G7044;Belli Değil;Elek, Ø450x50mm derinlik, paslanmaz çelik kasnak ve elek teli, örgü tel, 850µm (#20) göz açıklığı;Sieve, Ø450x50mm , stainless steel , 850µm (#20) ;0,00;2369,00;2025-09-04 15:23:18.367;0,00;54,00;0,00
LT-G7045;Belli Değil;Elek, Ø450x50mm derinlik, paslanmaz çelik kasnak ve elek teli, örgü tel, 800µm  göz açıklığı;Sieve, Ø450x50mm , stainless steel , 800µm  ;0,00;2369,00;2025-09-04 15:23:18.368;0,00;54,00;0,00
LT-G7046;Belli Değil;Elek, Ø450x50mm derinlik, paslanmaz çelik kasnak ve elek teli, örgü tel, 710µm (#25) göz açıklığı;Sieve, Ø450x50mm , stainless steel , 710µm (#25) ;0,00;2369,00;2025-09-04 15:23:18.369;0,00;54,00;0,00
LT-G7047;Belli Değil;Elek, Ø450x50mm derinlik, paslanmaz çelik kasnak ve elek teli, örgü tel, 630µm  göz açıklığı;Sieve, Ø450x50mm , stainless steel , 630µm  ;0,00;2369,00;2025-09-04 15:23:18.370;0,00;54,00;0,00
LT-G7048;Belli Değil;Elek, Ø450x50mm derinlik, paslanmaz çelik kasnak ve elek teli, örgü tel, 600µm (#30) göz açıklığı;Sieve, Ø450x50mm , stainless steel , 600µm (#30) ;0,00;2369,00;2025-09-04 15:23:18.371;0,00;54,00;0,00
LT-G7049;Belli Değil;Elek, Ø450x50mm derinlik, paslanmaz çelik kasnak ve elek teli, örgü tel, 500µm (#35) göz açıklığı;Sieve, Ø450x50mm , stainless steel , 500µm (#35) ;0,00;2369,00;2025-09-04 15:23:18.372;0,00;54,00;0,00
LT-G7050;Belli Değil;Elek, Ø450x50mm derinlik, paslanmaz çelik kasnak ve elek teli, örgü tel, 425µm (#40) göz açıklığı;Sieve, Ø450x50mm , stainless steel , 425µm (#40) ;0,00;2369,00;2025-09-04 15:23:18.373;0,00;54,00;0,00
LT-G7051;Belli Değil;Elek, Ø450x50mm derinlik, paslanmaz çelik kasnak ve elek teli, örgü tel, 400µm  göz açıklığı;Sieve, Ø450x50mm , stainless steel , 400µm  ;0,00;2369,00;2025-09-04 15:23:18.374;0,00;54,00;0,00
LT-G7052;Belli Değil;Elek, Ø450x50mm derinlik, paslanmaz çelik kasnak ve elek teli, örgü tel, 355µm (#45) göz açıklığı;Sieve, Ø450x50mm , stainless steel , 355µm (#45) ;0,00;2369,00;2025-09-04 15:23:18.375;0,00;54,00;0,00
LT-G7053;Belli Değil;Elek, Ø450x50mm derinlik, paslanmaz çelik kasnak ve elek teli, örgü tel, 315µm  göz açıklığı;Sieve, Ø450x50mm , stainless steel , 315µm  ;0,00;2369,00;2025-09-04 15:23:18.376;0,00;54,00;0,00
LT-G7054;Belli Değil;Elek, Ø450x50mm derinlik, paslanmaz çelik kasnak ve elek teli, örgü tel, 300µm (#50) göz açıklığı;Sieve, Ø450x50mm , stainless steel , 300µm (#50) ;0,00;2369,00;2025-09-04 15:23:18.377;0,00;54,00;0,00
LT-G7055;Belli Değil;Elek, Ø450x50mm derinlik, paslanmaz çelik kasnak ve elek teli, örgü tel, 250µm (#60) göz açıklığı;Sieve, Ø450x50mm , stainless steel , 250µm (#60) ;0,00;2369,00;2025-09-04 15:23:18.378;0,00;54,00;0,00
LT-G7056;Belli Değil;Elek, Ø450x50mm derinlik, paslanmaz çelik kasnak ve elek teli, örgü tel, 212µm (#70) göz açıklığı;Sieve, Ø450x50mm , stainless steel , 212µm (#70) ;0,00;2369,00;2025-09-04 15:23:18.379;0,00;54,00;0,00
LT-G7057;Belli Değil;Elek, Ø450x50mm derinlik, paslanmaz çelik kasnak ve elek teli, örgü tel, 200µm  göz açıklığı;Sieve, Ø450x50mm , stainless steel , 200µm  ;0,00;2369,00;2025-09-04 15:23:18.380;0,00;54,00;0,00
LT-G7058;Belli Değil;Elek, Ø450x50mm derinlik, paslanmaz çelik kasnak ve elek teli, örgü tel, 180µm (#80) göz açıklığı;Sieve, Ø450x50mm , stainless steel , 180µm (#80) ;0,00;2369,00;2025-09-04 15:23:18.381;0,00;54,00;0,00
LT-G7059;Belli Değil;Elek, Ø450x50mm derinlik, paslanmaz çelik kasnak ve elek teli, örgü tel, 160µm  göz açıklığı;Sieve, Ø450x50mm , stainless steel , 160µm  ;0,00;2369,00;2025-09-04 15:23:18.382;0,00;54,00;0,00
LT-G7060;Belli Değil;Elek, Ø450x50mm derinlik, paslanmaz çelik kasnak ve elek teli, örgü tel, 150µm (#100) göz açıklığı;Sieve, Ø450x50mm , stainless steel , 150µm (#100) ;0,00;2369,00;2025-09-04 15:23:18.383;0,00;54,00;0,00
LT-G7061;Belli Değil;Elek, Ø450x50mm derinlik, paslanmaz çelik kasnak ve elek teli, örgü tel, 125µm (#120) göz açıklığı;Sieve, Ø450x50mm , stainless steel , 125µm (#120) ;0,00;2369,00;2025-09-04 15:23:18.384;0,00;54,00;0,00
LT-G7062;Belli Değil;Elek, Ø450x50mm derinlik, paslanmaz çelik kasnak ve elek teli, örgü tel, 106µm (#140) göz açıklığı;Sieve, Ø450x50mm , stainless steel , 106µm (#140) ;0,00;2369,00;2025-09-04 15:23:18.385;0,00;54,00;0,00
LT-G7063;Belli Değil;Elek, Ø450x50mm derinlik, paslanmaz çelik kasnak ve elek teli, örgü tel, 100µm  göz açıklığı;Sieve, Ø450x50mm , stainless steel , 100µm  ;0,00;2369,00;2025-09-04 15:23:18.386;0,00;54,00;0,00
LT-G7064;Belli Değil;Elek, Ø450x50mm derinlik, paslanmaz çelik kasnak ve elek teli, örgü tel, 90µm (#170) göz açıklığı;Sieve, Ø450x50mm , stainless steel , 90µm (#170) ;0,00;2369,00;2025-09-04 15:23:18.387;0,00;54,00;0,00
LT-G7065;Belli Değil;Elek, Ø450x50mm derinlik, paslanmaz çelik kasnak ve elek teli, örgü tel, 80µm  göz açıklığı;Sieve, Ø450x50mm , stainless steel , 80µm  ;0,00;2369,00;2025-09-04 15:23:18.388;0,00;54,00;0,00
LT-G7066;Belli Değil;Elek, Ø450x50mm derinlik, paslanmaz çelik kasnak ve elek teli, örgü tel, 75µm (#200) göz açıklığı;Sieve, Ø450x50mm , stainless steel , 75µm (#200) ;0,00;2369,00;2025-09-04 15:23:18.389;0,00;54,00;0,00
LT-G7067;Belli Değil;Elek, Ø450x50mm derinlik, paslanmaz çelik kasnak ve elek teli, örgü tel, 63µm (#230) göz açıklığı;Sieve, Ø450x50mm , stainless steel , 63µm (#230) ;0,00;2369,00;2025-09-04 15:23:18.390;0,00;54,00;0,00
LT-G7068;Belli Değil;Elek, Ø450x50mm derinlik, paslanmaz çelik kasnak ve elek teli, örgü tel, 53µm (#270) göz açıklığı;Sieve, Ø450x50mm , stainless steel , 53µm (#270) ;0,00;2369,00;2025-09-04 15:23:18.391;0,00;54,00;0,00
LT-G7069;Belli Değil;Elek, Ø450x50mm derinlik, paslanmaz çelik kasnak ve elek teli, örgü tel, 50µm  göz açıklığı;Sieve, Ø450x50mm , stainless steel , 50µm  ;0,00;2369,00;2025-09-04 15:23:18.392;0,00;54,00;0,00
LT-G7070;Belli Değil;Elek, Ø450x50mm derinlik, paslanmaz çelik kasnak ve elek teli, örgü tel, 45µm (#325) göz açıklığı;Sieve, Ø450x50mm , stainless steel , 45µm (#325) ;0,00;2369,00;2025-09-04 15:23:18.393;0,00;54,00;0,00
LT-G7071;Belli Değil;Elek, Ø450x50mm derinlik, paslanmaz çelik kasnak ve elek teli, örgü tel, 40µm  göz açıklığı;Sieve, Ø450x50mm , stainless steel , 40µm  ;0,00;2369,00;2025-09-04 15:23:18.394;0,00;54,00;0,00
LT-G7072;Belli Değil;Elek, Ø450x50mm derinlik, paslanmaz çelik kasnak ve elek teli, örgü tel, 38µm (#400) göz açıklığı;Sieve, Ø450x50mm , stainless steel , 38µm (#400) ;0,00;2369,00;2025-09-04 15:23:18.395;0,00;54,00;0,00
LT-G7073;Belli Değil;Elek, Ø450x50mm derinlik, paslanmaz çelik kasnak ve elek teli, örgü tel, 25µm göz açıklığı;Sieve, Ø450x50mm , stainless steel , 25µm ;0,00;2369,00;2025-09-04 15:23:18.396;0,00;54,00;0,00
LT-G2101;Belli Değil;Toplama Kabı, Ø450x50mm  paslanmaz çelik;Receiver, Ø450x50mm  stainless steel;0,00;1184,00;2025-09-04 15:23:18.397;0,00;27,00;0,00
LT-G2102;Belli Değil;Kapak, Ø450mm paslanmaz çelik;Lid, Ø450mm stainless steel;0,00;1184,00;2025-09-04 15:23:18.398;0,00;27,00;0,00
LT-G1000/C;Belli Değil;"Elek Takımı   (Beton)            
Kasnak çapı 200 mm                    
31,5- 22,4- 16- 11,2- 8- 5,6- 4- 2- 1- 0,5- 0,25- 0,125- 0,063 mm göz açıklıklarında 13 adet analiz eleği, toplama kabı ve kapağı ile birlikte";"Sieve Set (Concrete). 200 mm dia.                   
31,5- 22,4- 16- 11,2- 8- 5,6- 4- 2- 1- 0,5- 0,25- 0,125- 0,063 mm stainless steel frame and mesh, woven cloth, 13 unit sieves, lid and receiver";0,00;14504,00;2025-09-04 15:23:18.399;0,00;54,00;0,00
LT-G1000/S;Belli Değil;"Elek Takımı  (Zemin)             
Kasnak çapı 200 mm                    
75-50-37,5-25-19-9,5-4,75-2-0,850-0,425-0,250-0,106-0,075 mm göz açıklıklarında 13 adet analiz eleği, toplama kabı ve kapağı ile birlikte";"Sieve Set (Soil). 200 mm dia.                   
75-50-37,5-25-19-9,5-4,75-2-0,850-0,425-0,250-0,106-0,075 mm stainless steel frame and mesh, woven cloth, 13 unit sieves, lid and receiver";0,00;14504,00;2025-09-04 15:23:18.400;0,00;54,00;0,00
LT-G1000/AS;Belli Değil;"Elek Takımı (Asfalt)          
Kasnak çapı 200 mm                    
3""- 2 1/2""- 2"" - 1 1/2"" - 1"" - 3/4"" - 1/2"" - 3/8""  
No: 4 - 8 - 10 - 30 - 40 - 50 - 80 - 100 - 200 göz açıklıklarında
17 adet analiz eleği, toplama kabı ve kapağı ile birlikte";"Sieve Set (Asphalt). 200 mm dia.                   
3""- 2 1/2""- 2"" - 1 1/2"" - 1"" - 3/4"" - 1/2"" - 3/8""  
No: 4 - 8 - 10 - 30 - 40 - 50 - 80 - 100 - 200 stainless steel frame and mesh, woven cloth,17 unit sieves, lid and receiver";0,00;14504,00;2025-09-04 15:23:18.401;0,00;54,00;0,00
LT-G3000/C;Belli Değil;"Elek Takımı   (Beton)            
Kasnak çapı 300 mm                    
31,5- 22,4- 16- 11,2- 8- 5,6- 4- 2- 1- 0,5- 0,25- 0,125- 0,063 mm göz açıklıklarında 13 adet analiz eleği, toplama kabı ve kapağı ile birlikte";"Sieve Set (Concrete). 300 mm dia.                   
31,5- 22,4- 16- 11,2- 8- 5,6- 4- 2- 1- 0,5- 0,25- 0,125- 0,063 mm stainless steel frame and mesh, woven cloth, 13 unit sieves, lid and receiver";0,00;20720,00;2025-09-04 15:23:18.402;0,00;60,00;0,00
LT-G3000/S;Belli Değil;"Elek Takımı  (Zemin)             
Kasnak çapı 300 mm                    
75-50-37,5-25-19-9,5-4,75-2-0,850-0,425-0,250-0,106-0,075 mm
göz açıklıklarında 13 adet analiz eleği, toplama kabı ve kapağı ile birlikte";"Sieve Set (Soil). 300 mm dia.                   
75-50-37,5-25-19-9,5-4,75-2-0,850-0,425-0,250-0,106-0,075 mm stainless steel frame and mesh, woven cloth, 13 unit sieves, lid and receiver";0,00;20720,00;2025-09-04 15:23:18.403;0,00;60,00;0,00
LT-G3000/AS;Belli Değil;"Elek Takımı (Asfalt)          
Kasnak çapı 300 mm                    
3""- 2 1/2""- 2"" - 1 1/2"" - 1"" - 3/4"" - 1/2"" - 3/8""  
No: 4 - 8 - 10 - 30 - 40 - 50 - 80 - 100 - 200
göz açıklıklarında 17 adet analiz eleği, toplama kabı ve kapağı ile birlikte";"Sieve Set (Asphalt). 300 mm dia.                   
3""- 2 1/2""- 2"" - 1 1/2"" - 1"" - 3/4"" - 1/2"" - 3/8""  
No: 4 - 8 - 10 - 30 - 40 - 50 - 80 - 100 - 200 stainless steel frame and mesh, woven cloth,17 unit sieves, lid and receiver";0,00;20720,00;2025-09-04 15:23:18.404;0,00;60,00;0,00
LT-G0025;Belli Değil;40x60x7,5 cm Kare Elek, 125 mm;40x60x7,5 cm Sieve, 125 mm;0,00;5100,00;2025-09-04 15:23:18.405;0,00;165,00;0,00
LT-G0026;Belli Değil;40x60x7,5 cm Kare Elek, 100 mm (4'');40x60x7,5 cm Sieve, 100 mm (4'');0,00;5100,00;2025-09-04 15:23:18.406;0,00;165,00;0,00
LT-G0027;Belli Değil;40x60x7,5 cm Kare Elek, 90 mm;40x60x7,5 cm Sieve, 90 mm;0,00;5100,00;2025-09-04 15:23:18.407;0,00;165,00;0,00
LT-G0028;Belli Değil;40x60x7,5 cm Kare Elek, 80 mm;40x60x7,5 cm Sieve, 80 mm;0,00;5100,00;2025-09-04 15:23:18.408;0,00;165,00;0,00
LT-G0029;Belli Değil;40x60x7,5 cm Kare Elek, 75 mm (3'');40x60x7,5 cm Sieve, 75 mm (3'');0,00;5100,00;2025-09-04 15:23:18.409;0,00;165,00;0,00
LT-G0030;Belli Değil;40x60x7,5 cm Kare Elek, 63 mm;40x60x7,5 cm Sieve, 63 mm;0,00;5100,00;2025-09-04 15:23:18.410;0,00;165,00;0,00
LT-G0031;Belli Değil;40x60x7,5 cm Kare Elek, 56 mm;40x60x7,5 cm Sieve, 56 mm;0,00;5100,00;2025-09-04 15:23:18.411;0,00;165,00;0,00
LT-G0032;Belli Değil;40x60x7,5 cm Kare Elek, 53 mm (2.12'');40x60x7,5 cm Sieve, 53 mm (2.12'');0,00;5100,00;2025-09-04 15:23:18.412;0,00;165,00;0,00
LT-G0033;Belli Değil;40x60x7,5 cm Kare Elek, 50 mm (2'');40x60x7,5 cm Sieve, 50 mm (2'');0,00;5100,00;2025-09-04 15:23:18.413;0,00;165,00;0,00
LT-G0034;Belli Değil;40x60x7,5 cm Kare Elek, 45 mm (1-¾);40x60x7,5 cm Sieve, 45 mm (1-¾);0,00;5100,00;2025-09-04 15:23:18.414;0,00;165,00;0,00
LT-G0035;Belli Değil;40x60x7,5 cm Kare Elek, 40 mm ;40x60x7,5 cm Sieve, 40 mm;0,00;5100,00;2025-09-04 15:23:18.415;0,00;165,00;0,00
LT-G0036;Belli Değil;40x60x7,5 cm Kare Elek, 37,5 mm (1-½);40x60x7,5 cm Sieve, 37,5 mm (1-½);0,00;5100,00;2025-09-04 15:23:18.416;0,00;165,00;0,00
LT-G0037;Belli Değil;40x60x7,5 cm Kare Elek, 31,5 mm (1-¼'');40x60x7,5 cm Sieve, 31,5 mm (1-¼'');0,00;5100,00;2025-09-04 15:23:18.417;0,00;165,00;0,00
LT-G0038;Belli Değil;40x60x7,5 cm Kare Elek, 26,5 mm (1.06'');40x60x7,5 cm Sieve, 26,5 mm (1.06'');0,00;5100,00;2025-09-04 15:23:18.418;0,00;165,00;0,00
LT-G0039;Belli Değil;40x60x7,5 cm Kare Elek, 25 mm (1'');40x60x7,5 cm Sieve, 25 mm (1'');0,00;5100,00;2025-09-04 15:23:18.419;0,00;165,00;0,00
LT-G0040;Belli Değil;40x60x7,5 cm Kare Elek, 22,4 mm(7/8'');40x60x7,5 cm Sieve, 22,4 mm (7/8'');0,00;5100,00;2025-09-04 15:23:18.420;0,00;165,00;0,00
LT-G0042;Belli Değil;40x60x7,5 cm Kare Elek, 20 mm ;40x60x7,5 cm Sieve, 20 mm;0,00;5100,00;2025-09-04 15:23:18.421;0,00;165,00;0,00
LT-G0043;Belli Değil;40x60x7,5 cm Kare Elek, 19 mm (¾'');40x60x7,5 cm Sieve, 19 mm (¾'');0,00;5100,00;2025-09-04 15:23:18.422;0,00;165,00;0,00
LT-G0044;Belli Değil;40x60x7,5 cm Kare Elek, 16 mm (5/8'');40x60x7,5 cm Sieve, 16 mm  (5/8'');0,00;5100,00;2025-09-04 15:23:18.423;0,00;165,00;0,00
LT-G0045;Belli Değil;40x60x7,5 cm Kare Elek, 13,2 mm (.530'');40x60x7,5 cm Sieve, 13,2 mm (.530'');0,00;5100,00;2025-09-04 15:23:18.424;0,00;165,00;0,00
LT-G0046;Belli Değil;40x60x7,5 cm Kare Elek, 12,5 mm (½'');40x60x7,5 cm Sieve, 12,5 mm (½'');0,00;5100,00;2025-09-04 15:23:18.425;0,00;165,00;0,00
LT-G0047;Belli Değil;40x60x7,5 cm Kare Elek, 11,2 mm (7/16'');40x60x7,5 cm Sieve, 11,2 mm (7/16'');0,00;5100,00;2025-09-04 15:23:18.426;0,00;165,00;0,00
LT-G0048;Belli Değil;40x60x7,5 cm Kare Elek, 10 mm;40x60x7,5 cm Sieve, 10 mm;0,00;5100,00;2025-09-04 15:23:18.427;0,00;165,00;0,00
LT-G0049;Belli Değil;40x60x7,5 cm Kare Elek, 9,5 mm (3/8'');40x60x7,5 cm Sieve, 9,5 mm (3/8'');0,00;5100,00;2025-09-04 15:23:18.428;0,00;165,00;0,00
LT-G0050;Belli Değil;40x60x7,5 cm Kare Elek, 8 mm (5/16'');40x60x7,5 cm Sieve, 8 mm (5/16'');0,00;5100,00;2025-09-04 15:23:18.429;0,00;165,00;0,00
LT-G0051;Belli Değil;40x60x7,5 cm Kare Elek, 6,7 mm (.265'');40x60x7,5 cm Sieve, 6,7 mm (.265'');0,00;5100,00;2025-09-04 15:23:18.430;0,00;165,00;0,00
LT-G0052;Belli Değil;40x60x7,5 cm Kare Elek, 6,3 mm (¼'');40x60x7,5 cm Sieve, 6,3 mm (¼'');0,00;5100,00;2025-09-04 15:23:18.431;0,00;165,00;0,00
LT-G0053;Belli Değil;40x60x7,5 cm Kare Elek, 5,6 mm (No.3-½);40x60x7,5 cm Sieve, 5,6 mm(No.3-½);0,00;5100,00;2025-09-04 15:23:18.432;0,00;165,00;0,00
LT-G0054;Belli Değil;40x60x7,5 cm Kare Elek, 5 mm;40x60x7,5 cm Sieve, 5 mm;0,00;5100,00;2025-09-04 15:23:18.433;0,00;165,00;0,00
LT-G0055;Belli Değil;40x60x7,5 cm Kare Elek, 4,75 mm (No.4);40x60x7,5 cm Sieve, 4,75 mm (No.4);0,00;5100,00;2025-09-04 15:23:18.434;0,00;165,00;0,00
LT-G0056;Belli Değil;40x60x7,5 cm Kare Elek, 4 mm (No.5);40x60x7,5 cm Sieve, 4 mm (No.5);0,00;5100,00;2025-09-04 15:23:18.435;0,00;165,00;0,00
LT-G0022;Belli Değil;Elek Sallama Cihazı, 200 mm ve 300 mm çapında elekler için, zaman ayarlı, 220-240V 50-60Hz 1Ph;"Sieve Shaker, for 200 mm and 300 mm sieves. The shaker is fitted with digital timer which can be pre-set for any duration up to
99 minutes. 220-240V 50-60Hz 1Ph";0,00;13342,68;2025-09-04 15:23:18.436;0,00;650,00;0,00
LT-G0023;Belli Değil;Elek Sallama Cihazı, 200 mm ve 300 mm çapında elekler için, zaman ayarlı, frekans kontrollü. 220-240V 50-60Hz 1Ph;"Sieve Shaker, for 200 mm and 300 mm sieves. The shaker is fitted with digital timer which can be pre-set for any duration up to
99 minutes. The Model has the additional frequency adjustment/control property. 220-240V 50-60Hz 1Ph";0,00;0,00;2025-09-04 15:23:18.437;0,00;1038,00;0,00
LT-G0024;Belli Değil;"Yüksek kapasiteli hidrolik kıskaçlı elek sallama cihazı, Gilson tipi, 630x420x75 mm ebatlı 6 adet  elek ve 1 adet toplama kabı kapasiteli, 4"" - #200 dane boyu test edilebilir. Elekler ayrıca sipariş edilmelidir.                                                    
220-240V, 50-60Hz, 1ph";"High capacity Hydraulic Screen Shaker, 
has a capacity of about 30 lt (60 ÷ 70 Kg) of sample. For use with 40x60 cm dimension screens. Various sizes of screens are available on request. Capacity is 6 sieves and lid. The shaker is fitted with timer which can be pre-set for any duration up to 60 minutes.
Supplied with dust cup. Sieves should be ordered separately.";0,00;23006,00;2025-09-04 15:23:18.438;0,00;5100,00;0,00
LT-G0024/1;Belli Değil;"Yüksek Kapasiteli Elek SallamaCihazı,Frekans ve Zaman Ayarlı; 630x420x75 mm ebatlı 6 adet  elek ve 1 adet toplama kabı kapasiteli, 4"" - #200 dane boyu test edilebilir. Elekler ayrıca sipariş edilmelidir.                                                    
220-240V, 50-60Hz, 1ph";"High capacity Hydraulic Screen Shaker with time and frequency adjustment.
has a capacity of about 30 lt (60 ÷ 70 Kg) of sample. For use with 40x60 cm dimension screens. Various sizes of screens are available on request. Capacity is 6 sieves and lid. The shaker is fitted with timer which can be pre-set for any duration up to 60 minutes.
Supplied with dust cup. Sieves should be ordered separately.";0,00;0,00;2025-09-04 15:23:18.439;0,00;5750,00;0,00
LT-G0024/2;Belli Değil;"Yüksek Kapasiteli Elek Sallama Cihazı, Zaman Ayarlı,Ses yalıtımlı Güvenlik Kabinli, 630x420x75 mm ebatlı 6 adet  elek ve 1 adet toplama kabı kapasiteli, 4"" - #200 dane boyu test edilebilir. Elekler ayrıca sipariş edilmelidir.                                                    
220-240V, 50-60Hz, 1ph";"High capacity Hydraulic Screen Shaker with time  adjustment and soundproof cabinet.
has a capacity of about 30 lt (60 ÷ 70 Kg) of sample. For use with 40x60 cm dimension screens. Various sizes of screens are available on request. Capacity is 6 sieves and lid. The shaker is fitted with timer which can be pre-set for any duration up to 60 minutes.
Supplied with dust cup. Sieves should be ordered separately.";0,00;0,00;2025-09-04 15:23:18.440;0,00;6500,00;0,00
LT-G0024/3;Belli Değil;"Yüksek Kapasiteli Elek Sallama Cihazı, Zaman Ayarlı,Frekans Kontrollü, Ses Yalıtımlı Güvenlik Kabinli 630x420x75 mm ebatlı 6 adet  elek ve 1 adet toplama kabı kapasiteli, 4"" - #200 dane boyu test edilebilir. Elekler ayrıca sipariş edilmelidir.                                                    
220-240V, 50-60Hz, 1ph";"High capacity Hydraulic Screen Shaker with time and frequency adjustment and soundproof cabinet.
has a capacity of about 30 lt (60 ÷ 70 Kg) of sample. For use with 40x60 cm dimension screens. Various sizes of screens are available on request. Capacity is 6 sieves and lid. The shaker is fitted with timer which can be pre-set for any duration up to 60 minutes.
Supplied with dust cup. Sieves should be ordered separately.";0,00;0,00;2025-09-04 15:23:18.441;0,00;6750,00;0,00
LT-G0024/4;Belli Değil;40x60x7,5 cm Kare Elek;40x60x7,5 cm Sieve;0,00;210,00;2025-09-04 15:23:18.442;0,00;165,00;0,00
LT-G0021 ;Belli Değil;Air Jet Eleme Cihazı;Air jet sieving machine;0,00;90000,00;2025-09-04 15:23:18.443;0,00;;0,00
LT-G0019;Belli Değil;Elek Makinası (Russell Tipi);"Tumble Screening Machine
Material Particle Size from 0,063 mm to 20 mm
Can accommodate up to three circular sieves (Ø 600 mm)
Together with 3 accredited certificated circular sieves (Ø 600 mm) Screen surface per deck approx. 0,25 m2
Integrated with a 50 L feeding hopper and an electro-magnetic vibratory feeder Each deck is equipped with rubber ball cleaning systems in order to keep screen meshes open and clear
The screened fractions are collected in four plastic drums connected tightly to the machine Electrical Motor: 0.25kW, 1400 rpm, 380 V, 3 p, 50 Hz";0,00;0,00;2025-09-04 15:23:18.444;0,00;0,00;0,00
LT-G0020 ;Belli Değil;ULTRASONİK ELEK TEMİZLEME;Ultrasonuic Cleansing Apparatus;0,00;0,00;2025-09-04 15:23:18.445;0,00;0,00;0,00
LT-A1044 ;Belli Değil;SÜRTÜNME PANDÜLÜ;Skid Resistance Tester;0,00;0,00;2025-09-04 15:23:18.446;0,00;5750,00;0,00
LT-A0026;Belli Değil;Bölgeç 7mm, 12 oluklu, 3 adet toplama kabı ile birlikte verilmektedir.;Riffle Box 7mm, width of slots 7mm, 12 slots, supplied with 3 containers.;0,00;3600,00;2025-09-04 15:23:18.447;0,00;106,00;0,00
LT-A0027;Belli Değil;Bölgeç 10mm, 12 oluklu, 3 adet toplama kabı ile birlikte verilmektedir.;Riffle Box 10mm, width of slots 10mm, 12 slots, supplied with 3 containers.;0,00;4640,00;2025-09-04 15:23:18.448;0,00;118,00;0,00
LT-A0028;Belli Değil;Bölgeç 13mm, 12 oluklu, 3 adet toplama kabı ile birlikte verilmektedir.;Riffle Box 13mm, width of slots 13mm, 12 slots, supplied with 3 containers.;0,00;4760,00;2025-09-04 15:23:18.449;0,00;121,00;0,00
LT-A0029;Belli Değil;Bölgeç 15mm, 12 oluklu, 3 adet toplama kabı ile birlikte verilmektedir.;Riffle Box 15mm, width of slots 15mm, 12 slots, supplied with 3 containers.;0,00;5120,00;2025-09-04 15:23:18.450;0,00;127,00;0,00
LT-A0030;Belli Değil;Bölgeç 19mm, 10 oluklu, 3 adet toplama kabı ile birlikte verilmektedir.;Riffle Box 19mm, width of slots 19mm, 10 slots, supplied with 3 containers.;0,00;5280,00;2025-09-04 15:23:18.451;0,00;139,00;0,00
LT-A0031;Belli Değil;Bölgeç 20mm, 10 oluklu, 3 adet toplama kabı ile birlikte verilmektedir.;Riffle Box 20mm, width of slots 20mm, 10 slots, supplied with 3 containers.;0,00;4250,00;2025-09-04 15:23:18.452;0,00;145,00;0,00
LT-A0032;Belli Değil;Bölgeç 25mm, 10 oluklu, 3 adet toplama kabı ile birlikte verilmektedir.;Riffle Box 25mm, width of slots 25mm, 10 slots, supplied with 3 containers.;0,00;5360,00;2025-09-04 15:23:18.453;0,00;151,00;0,00
LT-A0033;Belli Değil;Bölgeç 30mm, 10 oluklu, 3 adet toplama kabı ile birlikte verilmektedir.;Riffle Box 30mm, width of slots 30mm, 10 slots, supplied with 3 containers.;0,00;5480,00;2025-09-04 15:23:18.454;0,00;157,00;0,00
LT-A0034;Belli Değil;Bölgeç 38mm, 8 oluklu, 3 adet toplama kabı ile birlikte verilmektedir.;Riffle Box 38mm, width of slots 38mm, 8 slots, supplied with 3 containers.;0,00;5720,00;2025-09-04 15:23:18.455;0,00;163,00;0,00
LT-A0035;Belli Değil;Bölgeç 45mm, 8 oluklu, 3 adet toplama kabı ile birlikte verilmektedir.;Riffle Box 45mm, width of slots 45mm, 8 slots, supplied with 3 containers.;0,00;6000,00;2025-09-04 15:23:18.456;0,00;178,00;0,00
LT-A0036;Belli Değil;Bölgeç 50mm, 8 oluklu, 3 adet toplama kabı ile birlikte verilmektedir.;Riffle Box 50mm, width of slots 50mm, 8 slots, supplied with 3 containers.;0,00;6120,00;2025-09-04 15:23:18.457;0,00;184,00;0,00
LT-A0037;Belli Değil;Bölgeç 64mm, 8 oluklu, 3 adet toplama kabı ile birlikte verilmektedir.;Riffle Box 64mm, width of slots 64mm, 8 slots, supplied with 3 containers.;0,00;7360,00;2025-09-04 15:23:18.458;0,00;214,00;0,00
LT-A0038;Belli Değil;Bölgeç 75mm, 8 oluklu, 3 adet toplama kabı ile birlikte verilmektedir.;Riffle Box 75mm, width of slots 75mm, 8 slots, supplied with 3 containers.;0,00;7440,00;2025-09-04 15:23:18.459;0,00;250,00;0,00
LT-A0095;Belli Değil;SP1 ÖZEL AYARLI BÖLGEÇ 12,5 MM DEN BAŞLAYAN OLUK;Universal Sample Splitter Sp1 Type;0,00;7500,00;2025-09-04 15:23:18.460;0,00;950,00;850,00
LT-A0096 ;Belli Değil;SP2 MODEL  MASA TİPİ ÖZEL AYARLI BÖLGEÇ; Sp2 Type Large Capacity Sample Splitter;0,00;7500,00;2025-09-04 15:23:18.461;0,00;850,00;800,00
LT-A0053;Belli Değil;Birim Ağırlık Kovası, 1 litre kapasiteli, korozyona dayanıklı metalden yapılmış ve su sızdırmaz özelliktedir. İki adet kulpu bulunmaktadır.;Bulk Density Measure, 1L capacity, with handles, made of electrostatic painted steel;0,00;256,00;2025-09-04 15:23:18.462;0,00;46,00;0,00
LT-A0054;Belli Değil;Birim Ağırlık Kovası, 5 litre kapasiteli, korozyona dayanıklı metalden yapılmış ve su sızdırmaz özelliktedir. İki adet kulpu bulunmaktadır.;Bulk Density Measure, 5L capacity, with handles, made of electrostatic painted steel;0,00;274,50;2025-09-04 15:23:18.463;0,00;58,00;0,00
LT-A0055;Belli Değil;Birim Ağırlık Kovası, 10 litre kapasiteli, korozyona dayanıklı metalden yapılmış ve su sızdırmaz özelliktedir. İki adet kulpu bulunmaktadır.;Bulk Density Measure, 10L capacity, with handles, made of electrostatic painted steel;0,00;400,00;2025-09-04 15:23:18.464;0,00;64,00;0,00
LT-A0056;Belli Değil;Birim Ağırlık Kovası, 20 litre kapasiteli, korozyona dayanıklı metalden yapılmış ve su sızdırmaz özelliktedir. İki adet kulpu bulunmaktadır.;Bulk Density Measure, 20L capacity, with handles, made of electrostatic painted steel;0,00;505,00;2025-09-04 15:23:18.465;0,00;82,00;0,00
LT-A0052;Belli Değil;Abraham Hunisi ve Tokmağı;Sand Absorption Cone and Tamper;0,00;500,00;2025-09-04 15:23:18.466;0,00;45,00;0,00
LT-A0052/1;Belli Değil;Abraham Hunisi;Sand Absorption Cone;0,00;150,00;2025-09-04 15:23:18.467;0,00;15,00;0,00
LT-A0052/2;Belli Değil;Abraham Tokmağı;Tamper Rod;0,00;300,00;2025-09-04 15:23:18.468;0,00;30,00;0,00
LT-A0044;Belli Değil;Yassılık Tayin Aparatı(YASSILIK İNDEKSİ-ŞABLONU);Thickness Gauge (Flakiness Index BS);850,00;450,00;2025-09-04 15:23:18.469;850,00;45,00;0,00
LT-A0045;Belli Değil;Uzunluk Tayin Aparatı;Length Gauge (Elongation Indeks BS);850,00;450,00;2025-09-04 15:23:18.470;850,00;63,00;0,00
LT-A0046;Belli Değil;Şekil Endeksi Kumpası;Shape Index Caliper;0,00;2500,00;2025-09-04 15:23:18.471;0,00;215,00;0,00
LT-A0049;Belli Değil;EFFLUX İNDEKS (İNCE AGREGALARDA AKIŞ KATSAYISI) APARATI;Efflux Index (Flow Coefficient) Apparatus;0,00;500,00;2025-09-04 15:23:18.472;0,00;;0,00
LT-A0060;Belli Değil;"Los Angeles Test Cihazı, Motor, tambura 31 devir/dakika ile 33 devir/dakika arasında dönme hızı uygulayabilmektedir. Devir sayıcısı sayesinde motor ayarlanan sayıda dönerek durur. Deneyden sonra malzeme ve bilya yükünü toplamak için tepsisi bulunmaktadır. 
220 V, 50-60Hz, 1ph";"Los Angeles Abrasion Machine, meets ASTM and proposed European standard, rotates its horizontal axis at 31-33 rpm, digital counter, mechanism to stop machine at required count, supplied with tray for specimen unloading. 
220-240V 50 Hz,1 ph.";0,00;51344,60;2025-09-04 15:23:18.473;0,00;3062,00;0,00
LT-A0061;Belli Değil;"Los Angeles Test Cihazı, Güvenlik Kabinli. Motor, tambura 31 devir/dakika ile 33 devir/dakika arasında dönme hızı uygulayabilmektedir. Devir sayıcısı sayesinde motor ayarlanan sayıda dönerek durur. Deneyden sonra malzeme ve bilya yükünü toplamak için tepsisi bulunmaktadır. 
220 V, 50-60Hz, 1ph, Bilyalar fiyata dahil edilmemiştir.";Los Angeles Abrasion Machine with Safety Cover, meets ASTM and proposed European standard, rotates its horizontal axis at 31-33 rpm, digital counter, mechanism to stop machine at required count, supplied with tray for specimen unloading. 220-240V 50 Hz,1 ph.;0,00;28370,00;2025-09-04 15:23:18.474;0,00;3973,00;0,00
LT-A0062;Belli Değil;Los Angeles Aşındırma Bilya Seti, ASTM/UNI/CNR,  paslanmaz çelik, 12 adet bilya;Los Angeles abrasion charges, ASTM/UNI/CNR, 12 pieces, stainless steel;0,00;2500,00;2025-09-04 15:23:18.475;0,00;372,00;0,00
LT-A0063 ;Belli Değil;Los Angeles Aşındırma Bilya Seti EN, paslanmaz çelik, 11 adet bilya;Los Angeles abrasion charges, EN, 11 pieces, stainless steel;0,00;2000,00;2025-09-04 15:23:18.476;0,00;350,00;0,00
LT-A0067;Belli Değil;Mikro-Deval Cihazı, tamburlarI (100 ± 5) devir/dak sabit dönme hızında döndüren uygun bir motor içermektedir. Otomatik devir sayıcısı sayesinde cihaz ayarlanan sayıda döndükten sonra otomatik olarak durur. Cihaza 4 adet paslanmaz çelik tambur yerleştirilebilmektedir. İç çapı (200 ± 1) mm, taban ile kapağın iç yüzeyi arasındaki iç uzunluğu (154 ± 1) mm olan 2 adet paslanmaz çelik Ø200x154 mm tambur ve 10 kg Ø10 mm aşındrma bilyesi ile set olarak verilmektedir. 220V 50-60Hz, 1 ph;Micro-Deval Apparatus, the drums are rotated at a speed of 100±5 rpm, electronic control unit with digital display, machine stops automatically at the preset number of gyrations,  supplied with two Ø200x154mm stainless steel drum and Ø10mm diameter steel spheres, 25kg pack. 220-240V 50 Hz, 1 ph;0,00;54930,00;2025-09-04 15:23:18.477;0,00;2531,00;0,00
LT-A0067/1;Belli Değil;İç çapı (200 ± 1) mm, taban ile kapağın iç yüzeyi arasındaki iç uzunluğu (154 ± 1) mm olan paslanmaz çelik Ø200x154 mm tambur;Stainless Steel Drum Ø200x154mm long for Micro-Deval Apparatus;0,00;13200,00;2025-09-04 15:23:18.478;0,00;480,00;0,00
LT-A0067/2;Belli Değil;Mikro-Deval Aşındırma Bilya Seti Ø10mm, EN 1097-1 standartına uygun, Ø10mm çapında çelik küreler,  10 Kg pakette. Toplam 6120 adet;Micro-Deval Abrasion Ball Set Ø10mm, conforming to EN 1097-1, Ø10mm diameter steel spheres, 25kg pack.   ;0,00;3000,00;2025-09-04 15:23:18.479;0,00;0,00;0,00
LT-A0200;Belli Değil;Rögar Kapağı Test Cihazı;Manhole Tops and Gully Top Testing Machine;0,00;0,00;2025-09-04 15:23:18.480;0,00;0,00;0,00
LT-A1071;Belli Değil;Nordic Aşınma Cihazı, dijital göstergeli elektronik kontrol ünitesi ve iç çapı 206,5mm, uzunluğu 335mm, et kalınlığı 6mm olan silindir şeklinde paslanmaz çelik bir tamburdan oluşur. Tamburun dönme hızı 90±3 dev/dk'dır. Tambur içerisine yerleştirilen 3 kanat, bilyalar ve agreganın düzgün karıştırılmasını sağlar. Bir adet tambur ve toplam 7 kg ağırlığında 15mm çaplı çelik bilyalarıyla birlikte. 220-240V, 50-60Hz, 1faz;Nordic Abrasion Machine, consists of an electronic control unit with digital display and a rolled stainless steel drum having an inner Ø206.5mm, 335mm inner length and 6mm thickness. The drum is rotated at a speed of 90±3 rpm. 3 wings are installed inside of the drum to allow balls and aggregates to be mixed properly. Supplied completed with 1pcs. drum and 7 kg Ø15mm steel balls 220-240V, 50Hz, 1ph.;0,00;0,00;2025-09-04 15:23:18.481;0,00;0,00;0,00
LT-A0139;Belli Değil;Hızlandırılmış Parlatma Makinası, kayma direnci testi için parlatılmış taş numunesi hazırlanmasında kullanılır.Bir adet kalıp ve kapağı, kütle ayar kapları (bir adet ince ve bir adet kaba zımpara için), bir adet allen anahtar seti ve 2 adet lastik tekerlek ile birlikte verilmektedir.  Kaba Zımpara,  İnce Zımpara, ilave Numune Kalıp ve Kapakları  ve Kontrol Taşı ayrıca sipariş edilmelidir. 220-240V, 50-60Hz, 1faz.;Accelerated Polishing Machine (PSV), used to prepare polished stone samples for skid tester. Supplied complete with 2pcs. container for setting the mass (one for flour and one for corn emery), one specimen mould with a cover, one allen key set and 2pcs.Rubber Tired Wheels.  Corn Emery, Flour Emery, additional  Specimen Mould with a Cover  and PSV Control Stone should be ordered separately. 850 W, 220-240V, 50-60Hz, 1ph.;0,00;0,00;2025-09-04 15:23:18.482;0,00;0,00;0,00
LT-A0066;Belli Değil;"Agrega Darbe Cihazı; Üzerindeki sayaç otomatik olarak darbe sayısını kaydetmektedir. - 100x50 mm çaplı silindir kalıp, 75 mm çaplı ve 50 mm yüksekliğindeki silindir mezür ve çelik şişleme çubuğu set olarak verilmektedir.";Aggregate Impact Value, meets BS 812, this machine is robustly designed to determine aggregate impact value of aggregate which provides a relative measure of the resistance of an aggregate to sudden shock or impact. Supplied with aggregate impact value machine, Ø75mm ID cylindrical measure, and tamping rod.;0,00;7753,66;2025-09-04 15:23:18.483;0,00;585,00;0,00
LT-A0064;Belli Değil;Agrega Kırılma Deney Seti, (10 mm'den küçük agregalar için) 75mm çaplı çelik silindir, piston,metal mezür, taban plakası ve şişleme çubuğu ile birlikte set olarak verilmektedir.;Aggregate Crushing Value, Ø75mm ID cylindrical measure, base plate, plunger, metal measure,  tamping rod;0,00;1620,30;2025-09-04 15:23:18.484;0,00;310,00;0,00
LT-A0064/1;Belli Değil;Çelik Silindir  Ø75 mm;Steel Cylinder Ø75 mm;0,00;0,00;2025-09-04 15:23:18.485;0,00;0,00;0,00
LT-A0064/2;Belli Değil;Taban Plakası;Base Plate;0,00;0,00;2025-09-04 15:23:18.486;0,00;0,00;0,00
LT-A0064/3;Belli Değil;Piston;Piston;0,00;0,00;2025-09-04 15:23:18.487;0,00;0,00;0,00
LT-A0064/4;Belli Değil;Metal Mezür Ø57x90;Metal Measure Ø57x90;0,00;0,00;2025-09-04 15:23:18.488;0,00;0,00;0,00
LT-G0162;Belli Değil;Tamping Rod. Ø 8 x 300 mm;Tamping Rod. Ø 8 x 300 mm;0,00;15,00;2025-09-04 15:23:18.489;0,00;10,13;0,00
LT-A0065;Belli Değil;Aggregate Crushing Value, Ø150mm ID cylindrical measure, base plate, plunger, metal measure, tamping rod;Aggregate Crushing Value, Ø150mm ID cylindrical measure, base plate, plunger, metal measure, tamping rod;0,00;3722,04;2025-09-04 15:23:18.490;0,00;448,00;0,00
LT-A0065/1;Belli Değil;Çelik Silindir  Ø 150 mm;Steel Cylinder Ø 150 mm;0,00;0,00;2025-09-04 15:23:18.491;0,00;0,00;0,00
LT-A0065/2;Belli Değil;Taban Plakası;Base Plate;0,00;0,00;2025-09-04 15:23:18.492;0,00;0,00;0,00
LT-A0065/3;Belli Değil;Piston;Piston;0,00;0,00;2025-09-04 15:23:18.493;0,00;0,00;0,00
LT-A0065/4;Belli Değil;Metal Mezür Ø115x180;Metal Measure Ø115x180;0,00;0,00;2025-09-04 15:23:18.494;0,00;0,00;0,00
LT-G0163;Belli Değil;Şişleme Çubuğu. Ø 16 x 600 mm;Tamping Rod. Ø 16 x 600 mm;0,00;17,50;2025-09-04 15:23:18.495;0,00;16,40;0,00
LT-S0048;Belli Değil;Mekanik Mezür Sallayıcı. 1 lt kapasiteli Cam  Hidrometre Mezürü ve lastik tapa  ile birlikte verilmektedir.;End-over-end Shaker. 1 lt capacity Gas Jar is made of glass and supplied complete with rubber bung and glass cover.;25500,00;12250,00;2025-09-04 15:23:18.496;25500,00;1650,00;0,00
LT-S0048/1;Belli Değil;1 lt kapasiteli Hidrometre Mezürü;1 lt capacity Gas Jar;2150,00;1100,00;2025-09-04 15:23:18.497;2150,00;81,00;0,00
LT-A0001;Belli Değil;"Kum Eşdeğeri Deney Seti. EN Model.                                                   
2 adet mezür, yıkama tüpü, ağırlık, ağırlık askısı, lastik tıpa, plastik huni, lastik hortum, 5 litre kapasiteli plastik bidon, Çelik Cetvel 300x0.1 mm, 55mm çap x 35mm derinlik Numune Kutusu ve taşıma çantası ile birlikte set olarak verilmektedir. (stock solüsyonu hariç)";Sand Equivalent Test Set EN Model, supplied with 2 measuring cylinder, irrigator tube, weight, weight hook, rubber stopper, rubber funnel, rubber hose, 5 lt plastic can, Steel Ruler 300x0.1 mm, Measuring Can. Ø 5,5 x 3,5 cm and carrying case. (except stock solution);0,00;3500,00;2025-09-04 15:23:18.498;0,00;360,00;0,00
LT-A0001/1;Belli Değil;Kum Eşdeğeri İki Ölçü Çizgili Mezür EN;Sand Equivalent Measuring Two Graduated Cylinder, EN;0,00;275,00;2025-09-04 15:23:18.499;0,00;48,00;0,00
LT-A0001/2;Belli Değil;Sifon Takımı (lastik tıpa, lastik hortum, 5 litre kapasiteli plastik bidon, yıkama tüpü);Siphon Assembly (irrigator tube, rubber stopper,  rubber hose, 5 lt plastic can);0,00;;2025-09-04 15:23:18.500;0,00;105,00;0,00
LT-A0001/3;Belli Değil;Daldırma Takımı (ağırlık, ağırlık askısı);Weighted foot Assembly ( weight, weight hook);0,00;;2025-09-04 15:23:18.501;0,00;114,00;0,00
LT-A0002;Belli Değil;"Kum Eşdeğeri Deney Seti. ASTM Model.                                                   
2 adet derecelendirilmiş mezür, yıkama tüpü, ağırlık, ağırlık askısı, lastik tıpa, plastik huni, lastik hortum, 5 litre kapasiteli plastik bidon ve taşıma çantası ile birlikte set olarak verilmektedir. (stock solüsyonu hariç)";Sand Equivalent Test Set ASTM Model, supplied with 2 graduated measuring cylinder, irrigator tube, weight, weight hook, rubber stopper, rubber funnel, rubber hose, 5 lt plastic can, Steel Ruler 300x0.1 mm, Measuring Can. Ø 5,5 x 3,5 cm  and carrying case. (except stock solution);0,00;3500,00;2025-09-04 15:23:18.502;0,00;378,00;0,00
LT-A0002/1;Belli Değil;Kum Eşdeğer Mezürü. ASTM, İç çap 32,0 ± 0,5mm, yükseklik 430,00 ± 0,25mm, 3 mm et kalınlığında cam mezür, tabandan 100,00 ± 0,25mm ve 380,00 ± 0,25mm açıkça işaretlenmiş, açık ağzı cilalanmış ve damlalıksız mezür ve tapası.;Sand Equivalent Measuring Graduated Cylinder, ASTM;0,00;150,00;2025-09-04 15:23:18.503;0,00;57,00;0,00
LT-G0175;Belli Değil;Çelik Cetvel 300x0.1 mm;Steel Ruler 300x0.1 mm;0,00;100,00;2025-09-04 15:23:18.504;0,00;7,20;0,00
LT-G0129;Belli Değil;Plastik Huni, 100 mm;Plastic Funnel, 100 mm;0,00;97,00;2025-09-04 15:23:18.505;0,00;5,40;0,00
LT-G0152;Belli Değil;Numune Kutusu, 55mm çap x 35mm derinlik;Measuring Can. Ø 5,5 x 3,5 cm;0,00;40,00;2025-09-04 15:23:18.506;0,00;3,13;0,00
LT-S0011;Belli Değil;5 lt kapasiteli Plastik Bidon;5 lt Capacity Sand Jar;0,00;;2025-09-04 15:23:18.507;0,00;15,00;0,00
LT-A0001/4;Belli Değil;Taşıma Çantası;Caryying Case;0,00;;2025-09-04 15:23:18.508;0,00;27,90;0,00
LT-A0003;Belli Değil;"Kum Eşdeğer Sallama Cihazı;
Kum Eşdeğer mezürlerini homojen bir şekilde sallamak için kullanılır. 220-240V,50 Hz, 1faz";Sand Equivalent Shaker, used to shake sand eqivalent set graduated cylinders homogeneously. 220-240V,50 Hz, 1 ph;0,00;5940,00;2025-09-04 15:23:18.509;0,00;875,00;0,00
LT-A0004;Belli Değil;"Kum Eşdeğer Sallama Cihazı, Güvenlik kabinli.
Kum Eşdeğer mezürlerini homojen bir şekilde sallamak için kullanılır. 220-240V,50 Hz, 1faz";Sand Equivalent Shaker, with safety cover, used to shake sand eqivalent set graduated cylinders homogeneously. 220-240V,50 Hz, 1 ph;0,00;2500,00;2025-09-04 15:23:18.510;0,00;975,00;0,00
LT-G0660;Belli Değil;Tel Sepet, 3,35 mm (No:6), paslanmaz çelik , 200mm çap, 200mm ;Density Basket, 3,35 mm (No:6), stainless steel , 200mm dia, 200mm ;0,00;1354,00;2025-09-04 15:23:18.511;0,00;54,00;0,00
LT-G0661;Belli Değil;Tel Sepet, 3,35 mm (No:6), paslanmaz çelik , 250mm çap, 250mm ;Density Basket, 3,35 mm (No:6), stainless steel , 250mm dia, 250mm ;0,00;1354,00;2025-09-04 15:23:18.512;0,00;54,00;0,00
LT-G0662;Belli Değil;Tel Sepet, 2,00 mm(No:10) , paslanmaz çelik , 200mm çap,180mm ;Density Basket, 2,00 mm (No:10) , stainless steel , 200mm dia, 180mm ;0,00;1016,00;2025-09-04 15:23:18.513;0,00;54,00;0,00
LT-G0663;Belli Değil;Tel Sepet, 3,35 mm (No:6), paslanmaz çelik , 120mm çap, 160mm ;Density Basket, 3,35 mm (No:6), stainless steel , 120mm dia, 160mm ;0,00;1016,00;2025-09-04 15:23:18.514;0,00;54,00;0,00
LT-G0664;Belli Değil;Tel Sepet, 1.7 mm (No:12), paslanmaz çelik, 120 mm çap, 160mm ;Density Basket, 1.7 mm (No:12), stainless steel, 120 mm dia, 160mm ;0,00;1016,00;2025-09-04 15:23:18.515;0,00;54,00;0,00
LT-G0665;Belli Değil;Tel Sepet, 600 mikron (No.30), paslanmaz çelik, 120 mm çap, 160mm ;Density Basket, 600 mikron (No.30), stainless steel, 120 mm dia, 160mm ;0,00;1016,00;2025-09-04 15:23:18.516;0,00;54,00;0,00
LT-G0666;Belli Değil;"Tel Sepet, 9,5 mm (3/8""), paslanmaz çelik, 200 mm çap, 200mm ";"Density Basket, 9,5 mm (3/8""), stainless steel, 200 mm dia, 200mm ";0,00;1354,00;2025-09-04 15:23:18.517;0,00;54,00;0,00
LT-G0667;Belli Değil;Tel Sepet, 4 mm (No.5), paslanmaz çelik, 240 mm çap, 260mm ;Density Basket, 4 mm (No.5), stainless steel, 240 mm dia, 260mm ;0,00;1354,00;2025-09-04 15:23:18.518;0,00;54,00;0,00
LT-G0668;Belli Değil;Tel Sepet, 1,18 mm (No.16), paslanmaz çelik, 95 mm çap,120mm ;Wire Basket, 1,18 mm (No.16), stainless steel, 95 mm dia,120mm ;0,00;1016,00;2025-09-04 15:23:18.519;0,00;54,00;
LT-G0669;Belli Değil;Tel Sepet, 0,600 mm (No.30), paslanmaz çelik, 95 mm çap,120mm ;Wire Basket, 0,600 mm (No.30), stainless steel, , 95 mm dia,120mm ;0,00;1016,00;2025-09-04 15:23:18.520;0,00;54,00;
LT-G0659;Belli Değil;Tel Sepet, 0,150 mm (No.100), paslanmaz çelik, 65 mm çap,80mm ;Wire Basket, 0,150 mm (No.100), stainless steel, , 65 mm dia, 80mm ;0,00;1016,00;2025-09-04 15:23:18.521;0,00;54,00;
LT-G0063;Belli Değil;Piknometre, 25 ml;Pyknometer (Specific Gravity Bottle), 25 ml;0,00;354,00;2025-09-04 15:23:18.522;0,00;13,80;0,00
LT-G0064;Belli Değil;Piknometre, 50 ml;Pyknometer (Specific Gravity Bottle), 50 ml;0,00;376,00;2025-09-04 15:23:18.523;0,00;14,40;0,00
LT-G0065;Belli Değil;Piknometre, 100 ml;Pyknometer (Specific Gravity Bottle), 100 ml;0,00;508,00;2025-09-04 15:23:18.524;0,00;19,80;0,00
LT-G0066;Belli Değil;Piknometre, 250 ml;Pyknometer (Specific Gravity Bottle), 250 ml;0,00;705,00;2025-09-04 15:23:18.525;0,00;27,00;0,00
LT-G0067;Belli Değil;Piknometre, 500 ml;Pyknometer (Specific Gravity Bottle), 500 ml;0,00;880,00;2025-09-04 15:23:18.526;0,00;33,60;0,00
LT-G0068;Belli Değil;Piknometre, 1000 ml;Pyknometer (Specific Gravity Bottle), 1000 ml;0,00;1388,00;2025-09-04 15:23:18.527;0,00;63,00;0,00
LT-G0070;Belli Değil;Piknometre, Şişe Tipi, 500ml;Pyknometer (Bottle Type), 500 ml;0,00;1429,00;2025-09-04 15:23:18.528;0,00;60,00;0,00
LT-G0071;Belli Değil;Piknometre, Şişe Tipi, 1000ml;Pyknometer (Bottle Type), 1000 ml;0,00;1887,00;2025-09-04 15:23:18.529;0,00;78,00;0,00
LT-G0072;Belli Değil;Piknometre, Şişe Tipi, 2000ml;Pyknometer (Bottle Type), 2000 ml;0,00;2400,00;2025-09-04 15:23:18.530;0,00;102,00;0,00
LT-G0073;Belli Değil;Piknometre, Şişe Tipi, 3000ml;Pyknometer (Bottle Type), 3000 ml;0,00;3257,00;2025-09-04 15:23:18.531;0,00;138,00;0,00
LT-G0074;Belli Değil;Piknometre, Şişe Tipi, 5000ml;Pyknometer (Bottle Type), 5000 ml;0,00;5499,00;2025-09-04 15:23:18.532;0,00;234,00;0,00
LT-G0069;Belli Değil;Piknometre (cam kavanoz tipi);Pyknometer (Glass Jar Type), 1000 ml;0,00;30,00;2025-09-04 15:23:18.533;0,00;75,00;
LT-G0114;Belli Değil;Doldurma başlığı  (Şişe Tipi Piknometre için camdan, ağzı şilifli);Filling Head (For Bottle Type Picnometer);0,00;55,00;2025-09-04 15:23:18.534;0,00;36,00;0,00
LT-G0115;Belli Değil;SU TROMPU;;0,00;30,00;2025-09-04 15:23:18.535;0,00;;
LT-A0075;Belli Değil;"Metilen Mavisi Deney Seti;
400/600 dv/dk hızlı karıştırıcı, 2000 ml plastik beher, cam baget, 50 ml cam büret, büret tutacağı ve büret standı, 100 gr metilen tozu, 500 gr kaolinit, 100 adet filtre kağıdı set olarak verilmektedir. 220-240V, 50-60 Hz, 1 faz";"Methylene Blue Test Set, Set consists of 400/600 r.p.m. Electric stirrer, complete with Ø 75 mm stirring propeller, support base for stirrer, 50 ml glass burette, burette holder, support base for burette, Ø 125 mm Filter Papers (pack of 100), Ø 8*300 mm glass rod, 2000 ml capacity plastic beaker, 100 gr methylene blue and 500 gr kaolinite.
220-240V, 50-60 Hz, 1ph";0,00;7706,60;2025-09-04 15:23:18.536;0,00;477,00;0,00
LT-A0076;Belli Değil;"Hızlı karıştırıcı; 400/600 dv/dk";High Speed Agitator Motor. 400/600 r.p.m.;0,00;2000,00;2025-09-04 15:23:18.537;0,00;318,00;0,00
LT-A0075/1;Belli Değil;Büret tutacağı ;Burette holder;0,00;466,00;2025-09-04 15:23:18.538;0,00;11,40;0,00
LT-A0075/2;Belli Değil;Büret standı;Burette stand;0,00;880,00;2025-09-04 15:23:18.539;0,00;16,80;0,00
LT-A0075/3;Belli Değil;Büret kıskacı;Burette clamp;0,00;910,00;2025-09-04 15:23:18.540;0,00;16,20;0,00
LT-G0523;Belli Değil;Plastik Beher, Kulplu, 2000 ml;Plastic Beaker, Handled,  2000 ml;0,00;410,00;2025-09-04 15:23:18.541;0,00;23,40;0,00
LT-G0113;Belli Değil;"Cam Baget; 8*250 mm";"Glass Stirring Rod; 8*300 mm";0,00;30,00;2025-09-04 15:23:18.542;0,00;2,40;0,00
LT-G0542;Belli Değil;Cam Büret 50ml;Glass Burette 50ml;0,00;429,00;2025-09-04 15:23:18.543;0,00;27,00;0,00
LT-A0077;Belli Değil;Metilen Mavisi Tozu. 100 gr;Methylene Blue. 100 gr;0,00;200,00;2025-09-04 15:23:18.544;0,00;30,00;0,00
LT-G0735;Belli Değil;Kaolin, 500 gr.;Kaolinite, 500 gr.;0,00;75,00;2025-09-04 15:23:18.545;0,00;9,00;0,00
LT-A0078;Belli Değil;"Metilen Mavisi Deneyi Filtre Kağıdı, Ø125 mm çap. 
1 Paket: 100 adet";Filter Paper for Methylene Blue Test, Ø125 mm dia. Pack of 100;0,00;440,00;2025-09-04 15:23:18.546;0,00;22,80;0,00
LT-C0066;Belli Değil;"Özgül ağırlık Test Seti; Set; Özgül Ağırlık Çerçevesi, Küp Numune Tutucusu, Plastik Su Kovası ve Tel Sepetten oluşmaktadır. 0.1 veya 0,5 gr hassasiyetli, alttan tartım özellikli bir terazi ile birlikte kullanılmalıdır.
Terazi ayrıca sipariş edilmelidir.";"Specific Gravity Test Set; used with a suitable electronic balance for specific gravity determination of fresh and hardened concrete and aggregates. Supplied with a water tank, density basket and cradle. (Balance should be ordered separately.)";0,00;7226,00;2025-09-04 15:23:18.547;0,00;405,00;0,00
LT-C0066/1;Belli Değil;Özgül Ağırlık Çerçevesi;Specific Gravity Frame;0,00;450,00;2025-09-04 15:23:18.548;0,00;321,00;0,00
LT-C0066/2;Belli Değil;Küp Numune Tutucusu;Cradle;0,00;30,00;2025-09-04 15:23:18.549;0,00;11,81;0,00
LT-C0066/3;Belli Değil;Plastik Su Kovası. 28x38x30 cm;Density Tank. 28x38x30 cm;0,00;400,00;2025-09-04 15:23:18.550;0,00;20,59;0,00
LT-C0066/4;Belli Değil;Plastik Su Kovası. 40x40x30 cm;Density Tank. 40x40x30 cm;0,00;600,00;2025-09-04 15:23:18.551;0,00;27,00;0,00
LT-G0660;Belli Değil;Tel Sepet, 3,35 mm (No:6), paslanmaz çelik , 200mm çap, 200mm ;Wire Basket, 3,35 mm (No:6), stainless steel , 200mm dia, 200mm ;0,00;1354,00;2025-09-04 15:23:18.552;0,00;51,60;0,00
LT-G0270;Belli Değil;"Havada Donma-Havada Çözünme Kabini,
Kullanılır hacim: 250 litre
Sıcaklık Çalışma Aralığı :- 30 ºC ile +30 º C
220 V, 50-60 Hz, 1 ph";Freezing and Thawing Chamber on Air, 250 L capacity, -30 to +30°C temperature range, stainless steel interior, 220 V, 50-60 Hz, 1 ph;0,00;265650,00;2025-09-04 15:23:18.553;0,00;7440,00;0,00
LT-G0270/AW;Belli Değil;"Havada Donma-Suda Çözünme Kabini,
Kullanılır hacim: 250 litre
Sıcaklık Çalışma Aralığı :- 30 ºC ile +30 º C
220 V, 50-60 Hz, 1 ph";"Freezing on Air and Thawing on Water Chamber, 250 L capacity, -30 to +30°C temperature range, stainless steel interior, 
220 V, 50-60 Hz, 1 ph";0,00;;2025-09-04 15:23:18.554;0,00;14160,00;0,00
LT-G0271;Belli Değil;"Havada Donma-Havada Çözünme Kabini,
Kullanılır hacim: 500 litre
Sıcaklık Çalışma Aralığı :- 30 ºC ile +30 º C
220 V, 50-60 Hz, 1 ph";Freezing and Thawing Chamber on Air, 500 L capacity, -30 to +30°C temperature range, stainless steel interior, 220 V, 50-60 Hz, 1 ph;0,00;339000,00;2025-09-04 15:23:18.555;0,00;9120,00;0,00
LT-G0271/AW;Belli Değil;"Havada Donma-Suda Çözünme Kabini,
Kullanılır hacim: 500 litre
Sıcaklık Çalışma Aralığı :- 30 ºC ile +30 º C
220 V, 50-60 Hz, 1 ph";"Freezing on Air and Thawing on Water Chamber,  500 L capacity, -30 to +30°C temperature range, stainless steel interior, 
220 V, 50-60 Hz, 1 ph";0,00;;2025-09-04 15:23:18.556;0,00;15600,00;0,00
LT-G0271/W;Belli Değil;"Suda Donma-Suda Çözünme Kabini,
Kullanılır hacim: 500 litre
Sıcaklık Çalışma Aralığı :- 30 ºC ile +30 º C
220 V, 50-60 Hz, 1 ph";"Freezing on Water and Thawing on Water Chamber,  500 L capacity, -30 to +30°C temperature range, stainless steel interior, 
220 V, 50-60 Hz, 1 ph";0,00;;2025-09-04 15:23:18.557;0,00;18720,00;0,00
LT-G0272;Belli Değil;"Havada Donma-Çözünme Kabini,
Kullanılır hacim: 750 litre
Sıcaklık Çalışma Aralığı :- 30 ºC ile +30 º C
380 V, 50-60 Hz, 3 ph";Freezing and Thawing Chamber on Air, 750 L capacity, -30 to +30°C temperature range, stainless steel interior, 380 V, 50-60 Hz, 3 ph;0,00;;2025-09-04 15:23:18.558;0,00;9600,00;0,00
LT-G0272/AW;Belli Değil;"Havada Donma-Suda Çözünme Kabini,
Kullanılır hacim: 750 litre
Sıcaklık Çalışma Aralığı :- 30 ºC ile +30 º C
380 V, 50-60 Hz, 3 ph";"Freezing on Air and Thawing on Water Chamber,  750 L capacity, -30 to +30°C temperature range, stainless steel interior, 
380 V, 50-60 Hz, 3 ph";0,00;;2025-09-04 15:23:18.559;0,00;18720,00;0,00
LT-G0272/W;Belli Değil;"Suda Donma-Suda Çözünme Kabini,
Kullanılır hacim: 750 litre
Sıcaklık Çalışma Aralığı :- 30 ºC ile +30 º C
380 V, 50-60 Hz, 3 ph";"Freezing on Water and Thawing on Water Chamber,  750 L capacity, -30 to +30°C temperature range, stainless steel interior, 
380 V, 50-60 Hz, 3 ph";0,00;;2025-09-04 15:23:18.560;0,00;21840,00;0,00
LT-G0273;Belli Değil;"Havada Donma-Çözünme Kabini,
Kullanılır hacim: 1000 litre
Sıcaklık Çalışma Aralığı :- 30 ºC ile +30 º C
380 V, 50-60 Hz, 3 ph";Freezing and Thawing Chamber on Air, 1000 L capacity, -30 to +30°C temperature range, stainless steel interior, 380 V, 50-60 Hz, 3 ph;0,00;;2025-09-04 15:23:18.561;0,00;0,00;0,00
LT-A0080;Belli Değil;"Magnezyum Sülfat Test Seti;
Magnezyum/Sodyum Sülfat Su Banyosu, Plastik kapaklı kutu Ø160 x 235 mm, Ø12 x 16 cm, 1,7 (No.12) mm Tel Sepet, Ø12 x 16 cm, 0,600 (No.30) mm Tel Sepet, Hidrometre 1200-1300 g/ml ve 1 kg Magnezyum Sülfat ile birlikte verilmektedir. 220 V, 50-60 Hz, 1 ph
Diğer aksesuarlar ayrıca sipariş edilmelidir.";"Magnesium Sulphate Test Set;
Complete with Magnesium/Sodium Sulphate Test Water Bath, Lever Lid Container Ø160 x 235 mm, Ø12 x 16 cm, 1,7 (No.12) mm density basket, Ø12 x 16 cm, 0,600 (No.30) mm density basket,
Hydrometer 1200-1300 g/ml and 1 kg Magnesium Sulphate.
220 V, 50-60 Hz, 1 ph
Other accessories should be ordered separately.";0,00;29000,00;2025-09-04 15:23:18.562;0,00;4200,00;0,00
LT-A0081;Belli Değil;"Sodyum Sülfat Test Seti;
Magnezyum/Sodyum Sülfat Su Banyosu, Plastik kapaklı kutu Ø160 x 235 mm, Ø12 x 16 cm, 1,7 (No.12) mm Tel Sepet, Ø12 x 16 ve 1 kg Sodyum Sülfat ile birlikte verilmektedir. 220 V, 50-60 Hz, 1 ph
Diğer aksesuarlar ayrıca sipariş edilmelidir.";"Sodium Sulphate Test Set;
Complete with Magnesium/Sodium Sulphate Test Water Bath, Lever Lid Container Ø160 x 235 mm, Ø12 x 16 cm, 1,7 (No.12) mm density basket, Ø12 x 16 cm, 0,600 (No.30) mm density basket,
Hydrometer 1100-1200 g/ml and 1 kg Sodium Sulphate.
220 V, 50-60 Hz, 1 ph
Other accessories should be ordered separately.";0,00;;2025-09-04 15:23:18.563;0,00;4200,00;0,00
LT-A0080/1;Belli Değil;"Magnezyum/Sodyum Sülfat Su Banyosu. 
Daldırma Kabini çıkartıldığında, 15ºC - 60 ºC arası sıcaklıklarda ± 1.0 ºC doğrulukta genel amaçlı su banyosu olarak da kullanılabilir.
220 V, 50-60 Hz, 1 ph";"Magnesium/Sodium Sulphate Test Water Bath can be used as general purpose water bath when dipping cabinet removed from its place that temperature is between 15-60 °C with ± 1.0 °C accuracy.
220 V, 50-60 Hz, 1 ph";0,00;;2025-09-04 15:23:18.564;0,00;5080,00;0,00
LT-A0080/2;Belli Değil;Plastik kapaklı kutu, Ø160 x 235 mm, EN / ASTM;Plastic box with cover  Ø160 x 235 mm, EN / ASTM;0,00;200,00;2025-09-04 15:23:18.565;0,00;36,00;0,00
LT-A0080/3;Belli Değil;Plastik kapaklı kutu, Ø270 x 300 mm, EN;Plastic box with cover  Ø270 x 300 mm, EN;0,00;250,00;2025-09-04 15:23:18.566;0,00;54,00;0,00
LT-G0674;Belli Değil;Dansimetre, 1100-1200 g/ml, ASTM;Hydrometer 1100-1200;0,00;400,00;2025-09-04 15:23:18.567;0,00;24,00;0,00
LT-G0675;Belli Değil;Dansimetre, 1200-1300 g/ml, EN/ASTM;Hydrometer 1100-1200;0,00;400,00;2025-09-04 15:23:18.568;0,00;24,00;0,00
LT-A0080/4;Belli Değil;Daldırma Kabini;Plastic box with cover 60x40x4 mm;0,00;;2025-09-04 15:23:18.569;0,00;381,00;0,00
LT-G0664;Belli Değil;Tel Sepet, 1.7 mm, paslanmaz çelik, 120 mm çap, 160mm ;Wire Basket, 1.7 mm, stainless steel, 120 mm dia, 160mm ;0,00;1016,00;2025-09-04 15:23:18.570;0,00;27,00;0,00
LT-G0665;Belli Değil;Tel Sepet, 600 mikron (No.30), paslanmaz çelik, 120 mm çap, 160mm ;Wire Basket, 600 mikron (No.30), stainless steel, 120 mm dia, 160mm ;0,00;1016,00;2025-09-04 15:23:18.571;0,00;27,00;0,00
LT-G0721;Belli Değil;Sodyum Sülfat, Na2SO4, 1 kg;Sodium Sulphate, Na2SO4, 1 kg;0,00;50,00;2025-09-04 15:23:18.572;0,00;12,00;0,00
LT-G0749;Belli Değil;Magnezyum sülfat, 1 kg;Magnesium Sulphate. 1 kg;0,00;40,00;2025-09-04 15:23:18.573;0,00;9,00;0,00
LT-G0749/1;Belli Değil;Magnezyum sülfat, 25 kg;Magnesium Sulphate. 25 kg;0,00;500,00;2025-09-04 15:23:18.574;0,00;75,00;0,00
LT-G0750;Belli Değil;Küçük Tüp Tam Takım;;0,00;70,00;2025-09-04 15:23:18.575;0,00;;
LT-A0048/AS;Belli Değil;"Analog Büzülme Deney Seti; Boy Ölçüm Çerçevesi, Üç Gözlü Kalıp  50x50x200mm, çelik inset (10 adet), Referans Çubuğu 205 mm ve 0,01 mm analog komparatör saati ile birlikte set olarak verilmektedir. ";"Analog Shrinkage Test Set;
The set consists of length measuring frame, 3 gang steel mould 50x50x200mm, steel inserts for mould, reference rod 205 mm and  0,01 mm analogue dial gauge.";0,00;1400,00;2025-09-04 15:23:18.576;0,00;726,00;0,00
LT-A0048/DS;Belli Değil;"Dijital Büzülme Deney Seti; Boy Ölçüm Çerçevesi, Üç Gözlü Kalıp  50x50x200mm, çelik inset (10 adet), Referans Çubuğu 205 mm ve 0.001mm dijital komparatör saati ile birlikte set olarak verilmektedir. ";"Digital Shrinkage Test Set; 
The set consists of length measuring frame, 3 gang steel mould 50x50x200mm, steel inserts for mould, reference rod 205 mm and 0.001mm digital dial gauge.";0,00;1450,00;2025-09-04 15:23:18.577;0,00;915,00;0,00
LT-A0048;Belli Değil;"Boy Ölçüm Çerçevesi; Betonun kuruma çekmesi üzerinde agregaların etkisinin tayini esasına dayanır. 205 mm kadar uzunluktaki örnekleri test edebilir, ölçüm yüksekliği ayarlanabilir.";Length Comparator, used to determine the changes in length of cement/concrete prisms, the top anvil is adjustable to suit the required specimen up to 205mm.;0,00;;2025-09-04 15:23:18.578;0,00;300,00;0,00
LT-A0050;Belli Değil;Üç Gözlü Kalıp, 50x50x200mm;Three gang Mould, 50x50x200mm.;0,00;4652,00;2025-09-04 15:23:18.579;0,00;270,00;0,00
LT-A0050/1;Belli Değil;"Çelik İnsert; 1 set=10 adet";Steel Insert, Pack of 10;0,00;;2025-09-04 15:23:18.580;0,00;30,00;0,00
LT-A0051;Belli Değil;Referans Çubuğu, 205 mm uzunluğunda;Reference Rod, 205 mm;0,00;20,00;2025-09-04 15:23:18.581;0,00;90,00;0,00
LT-G8000;Belli Değil;Analog Komparatör Saati, 10 x 0,01 mm;Analog Dial Indicator, 10 x 0,01 mm;0,00;400,00;2025-09-04 15:23:18.582;0,00;36,00;0,00
LT-G8009;Belli Değil;Dijital Komparatör Saati, 12.7 x 0,001 mm;Digital Dial Indicator, 12.7 x 0,001 mm;0,00;2500,00;2025-09-04 15:23:18.583;0,00;210,00;0,00
LT-A0047;Belli Değil;Organik Madde Skalası. İthal, Humboldt Marka;Reference colours glass, Supplied with 2 glass bottles.;0,00;;2025-09-04 15:23:18.584;0,00;630,00;0,00
LT-A0047/1;Belli Değil;Renk Skalası Şişesi, 500ml kapasiteli, kapaklı;Glass Bottle for Reference colours glass. 500 ml capacity.;0,00;195,00;2025-09-04 15:23:18.585;0,00;12,00;0,00
LT-A0047/2;Belli Değil;Renk Skalası Şişesi, 1000ml kapasiteli, kapaklı;Glass Bottle for Reference colours glass. 1000 ml capacity.;0,00;250,00;2025-09-04 15:23:18.586;0,00;18,00;0,00
LT-G0717;Belli Değil;Sodyum Hidroksit, NaOH, 1 kg;Sodium Hydroxide, NaOH, 1 kg;0,00;200,00;2025-09-04 15:23:18.587;0,00;15,60;0,00
LT-A0047/3;Belli Değil;Quantab Klorür Titratör,Type 1175;Cloride titrator type 1175, 40 Strips;0,00;;2025-09-04 15:23:18.588;0,00;;
LT-A0047/4;Belli Değil;Quantab Klorür Titratör,Type 1176;Cloride titrator type 1176, 40 Strips;0,00;;2025-09-04 15:23:18.589;0,00;;
LT-A0047/5;Belli Değil;PH/KLOR İÇERİĞİ;;0,00;;2025-09-04 15:23:18.590;0,00;;
LT-CE0606;Belli Değil;ÇİMENTO KALORİMETRESİ;Heat Of Hydration;0,00;;2025-09-04 15:23:18.591;0,00;4850,00;4850,00
LT-A0086;Belli Değil;Alkali Agrega Banyosu, 25x25x285 mm ölçüsündeki numunelerin, NaOH veya başka bir çözelti içinde belirli bir sıcaklıkta kürlenmesi için kullanılmaktadır. Sıcaklık ayarı Dijital kontrol ünitesinden Ortam sıcaklığı ile 100 °C arası sıcaklıklarda 1°C hassasiyette yapılabilmektedir. 36 adet numune yerleştirilebilen tek bir hazneden oluşmaktadır. Kapak kısmı sızdırmaz özellikli temperli camdan imal edilmiştir. Tekerleklidir.;Alkali Aggregate reaction bath, The temperature can be adjusted from ambient to 100 °C using a digital thermostat with 1 °C accuracy. The chamber with a capacity of holding 36 samples.;0,00;9500,00;2025-09-04 15:23:18.592;0,00;5560,00;0,00
LT-A0085;Belli Değil;"Alkali Agrega Banyosu, 25x25x285 mm ölçüsündeki numunelerin, NaOH veya başka bir çözelti içinde belirli bir sıcaklıkta kürlenmesi için kullanılmaktadır. Sıcaklık ayarı Dijital kontrol ünitesinden Ortam sıcaklığı ile 100 °C arası sıcaklıklarda 1°C hassasiyette yapılabilmektedir. Her birine 36 adet numune yerleştirilebilen iki ayrı hazneden oluşmaktadır. Kapak kısmı sızdırmaz özellikli temperli camdan imal edilmiştir. Tekerleklidir.
";Alkali Aggregate reaction bath, The temperature can be adjusted from ambient to 100 °C using a digital thermostat with 1 °C accuracy. The chamber with a capacity of holding 2 x 36 samples.;0,00;;2025-09-04 15:23:18.593;0,00;5520,00;0,00
LT-A0048;Belli Değil;"Boy Ölçüm Çerçevesi; Betonun kuruma çekmesi üzerinde agregaların etkisinin tayini esasına dayanır. 205 mm kadar uzunluktaki örnekleri test edebilir, ölçüm yüksekliği ayarlanabilir.";Length Comparator, used to determine the changes in length of cement/concrete prisms, the top anvil is adjustable to suit the required specimen up to 205mm.;0,00;;2025-09-04 15:23:18.594;0,00;240,00;0,00
LT-G8000;Belli Değil;Analog Komparatör Saati, 10 x 0,01 mm;Analog Dial Indicator, 10 x 0,01 mm;0,00;400,00;2025-09-04 15:23:18.595;0,00;39,00;0,00
LT-G8009;Belli Değil;Dijital Komparatör Saati, 12.7 x 0,001 mm;Digital Dial Indicator, 12.7 x 0,001 mm;0,00;2500,00;2025-09-04 15:23:18.596;0,00;210,00;0,00
LT-CE0038;Belli Değil;Çimento Büzülme Kalıbı İki gözlü, 25x25x285mm;Cement Shrinkage Mould. Two Gang. 25x25x285mm;0,00;;2025-09-04 15:23:18.597;0,00;231,00;0,00
LT-CE0038/2;Belli Değil;"Çelik İnsert; 1 set=10 adet";Steel Insert, Pack of 10;0,00;;2025-09-04 15:23:18.598;0,00;30,00;0,00
LT-CE0038/3;Belli Değil;Referans Çubuğu, 305 mm uzunluğunda;Reference Rod. 305 mm;0,00;;2025-09-04 15:23:18.599;0,00;96,00;0,00
LT-R0060;Belli Değil;"600 kN Otomatik Karot- Kaya Test Presi; Yükleme Gövdesi, Otomatik Hidrolik Güç Ünitesi, Dijital veri okuma & kontrol sistemi, Yazılım, 1 adet Ø 165x80 mm, 2 adet Ø 165x50 mm ve 2 adet Ø 165x25 mm Ara Mesafe Parçaları, Oynarbaşlık sistemli Üst Plaka,  Ø165 mm, Alt Plaka Ø165 mm ile birlikte set olarak verilmektedir. 220 V, 50-60 Hz, 1 ph
***Bilgisayar opsiyoneldir. Laboratuvarınızda bulunan 32 bit işletim sistemli bir Bilgisayar ile birlikte kullanılabilmektedir. ";"600 kN Automatic Core-Rock Compression Testing Machine; consist of Load Frame, Automatic Hydraulic Power Pack, Digital data acquisition & control system, Software, Distance Pieces, Ø 165x80 mm, 2 pcs. Ø 165x50 mm and 2 pcs. Ø 165x25 mm, Upper Platen (with ball seating assembly) Ø165 mm, Lower Platen Ø165 mm, Loading Cylinder Assembly & Limit Switch for safety, Front and Rear Protective Doors for safety. 220 V, 50-60 Hz, 1 ph
***Computer should be ordered separately.";0,00;132282,00;2025-09-04 15:23:18.600;0,00;8640,00;0,00
LT-R0060/1;Belli Değil;600 kN Yükleme Gövdesi, Karot- Kaya Testleri için.;600 kN Load Frame for Core-Rock Compression Tests. ;0,00;69946,00;2025-09-04 15:23:18.601;0,00;4050,00;0,00
LT-C0225;Belli Değil;"Otomatik Hidrolik Güç Ünitesi ve Dijital Grafik Ekranlı Okuma Sistemi. Yazılım ücretsiz olarak sistem ile birlikte verilmektedir.
Çok nokta kalibrasyon imkanı. Maksimum kapasitesi 410 Bardır. 220V, 50-60Hz, 1ph
***Bilgisayar opsiyoneldir.";"Hydraulic Power Pack and Digital Data Acquisition & Control System. Complete with Software. 220 V, 50-60 Hz, 1 ph.
***Computer should be ordered separately.";0,00;62336,00;2025-09-04 15:23:18.602;0,00;4590,00;0,00
LT-C0226;Belli Değil;"Otomatik Hidrolik Güç Ünitesi.
220V, 50-60Hz, 1ph";Hydraulic Power Pack;0,00;;2025-09-04 15:23:18.603;0,00;1998,00;0,00
LT-C0227;Belli Değil;Dijital Grafik Ekranlı Okuma Sistemi. Yazılım ücretsiz olarak sistem ile birlikte verilmektedir.;Digital Data Acquisition & Control System;0,00;;2025-09-04 15:23:18.604;0,00;2592,00;0,00
LT-C0228;Belli Değil;Yüksek Hassasiyetli Basınç Transduseri;High Precision Pressure Transducer;0,00;;2025-09-04 15:23:18.605;0,00;252,00;0,00
LT-C0229;Belli Değil;Yazılım;Software;0,00;;2025-09-04 15:23:18.606;0,00;72,00;0,00
LT-C0235;Belli Değil;Ara Mesafe Parçası, Ø 205 x 25 mm;Distance Pieces, Ø 205 x 25 mm;0,00;1610,00;2025-09-04 15:23:18.607;0,00;86,40;0,00
LT-C0236;Belli Değil;Ara Mesafe Parçası, Ø 205 x 50 mm;Distance Pieces, Ø 205 x 50 mm;0,00;1610,00;2025-09-04 15:23:18.608;0,00;100,00;0,00
LT-C0237;Belli Değil;Ara Mesafe Parçası, Ø 205 x 80 mm;Distance Pieces, Ø 205 x 80 mm;0,00;1656,00;2025-09-04 15:23:18.609;0,00;115,20;0,00
LT-G0800;Belli Değil;Bilgisayar ve Yazıcı;Computer & Printer;0,00;20000,00;2025-09-04 15:23:18.610;0,00;1100,00;0,00
LT-R0065;Belli Değil;Basınç Jigi, Kaya - Karot Numuneleri için.;Compression Jig Assembly for Rock Core Specimens;0,00;;2025-09-04 15:23:18.611;0,00;324,00;0,00
LT-R0005;Belli Değil;Kayaç mukavametini ölçen Kaya Test Çekici;Rock Classification Hammer (Low Impact Energy Model);0,00;;2025-09-04 15:23:18.612;0,00;0,00;0,00
LT-R0006;Belli Değil;Test Beşiği;Rock Cradle;0,00;;2025-09-04 15:23:18.613;0,00;0,00;0,00
LT-C0091;Belli Değil;Kalibrasyon Örsü;Calibration Anvil;0,00;;2025-09-04 15:23:18.614;0,00;0,00;0,00
LT-R0001;Belli Değil;Dijital Nokta Yükleme Test Cihazı: Hidrolik, 50 kN kapasitelidir. Dijital göstergilidir, Taşıma kutusu ile birlikte verilmektedir.;"Digital Point Load Tester (Rock Strength Index), It consist of a load frame for applying loads up to 50 kN, on which a manual hydraulic jack is mounted. The instrument accepts core specimens up to 4"" (101.6 mm) diameter which are loaded by two cone shaped points. Complete with Manuel hydraulic jack, digital readout head, carrying case and safety mask.";0,00;12260,00;2025-09-04 15:23:18.615;0,00;2082,00;0,00
LT-R0003;Belli Değil;Dijital Nokta Yükleme Test Cihazı: Hidrolik, 100 kN kapasitelidir. Dijital göstergilidir, Taşıma kutusu ile birlikte verilmektedir.;"Digital Point Load Tester (Rock Strength Index), It consist of a load frame for applying loads up to 100 kN, on which a manual hydraulic jack is mounted. The instrument accepts core specimens up to 4"" (101.6 mm) diameter which are loaded by two cone shaped points. Complete with Manuel hydraulic jack, digital readout head, carrying case and safety mask.";0,00;15675,00;2025-09-04 15:23:18.616;0,00;2850,00;
LT-R0002;Belli Değil;"Slake Durabilite Test Cihazı; kaideye monte edilmiş motor sürücü ünitesinden oluşmuştur ve iki tamburu 20 dak./dev. süratle çevirebilecek kabiliyettedir. Tank,tambur mili ekseninin 20 mm altına kadar su ile doldurulur. Test tamburları 2mm tel 140 mm çapta ve 100 mm uzunlukta imal edilmiştir.";"Slake Durability Test Apparatus;The system incorporates a motor drive unit mounted on a baseplate which revolves two stainless steel drums manufactured from 2 mm mesh, 140 mm dia. x 100 mm long.
The tanks are filled with water to a level 20 mm below the drum axis.
A digital timer automatically stops the motor after the preset time. The machine can turn to two drums with 20 rpm.
The equipment is supplied complete with two Drums with tanks, base and accessories.";0,00;3022,00;2025-09-04 15:23:18.617;0,00;2987,00;0,00
LT-R0002/1;Belli Değil;"Test tamburları; 2 adet, 2mm tel 140 mm çapta ve 100 mm uzunlukta imal edilmiştir.";"Drums; two stainless steel drums manufactured from 2 mm mesh, 140 mm dia. x 100 mm long.";0,00;;2025-09-04 15:23:18.618;0,00;600,00;0,00
LT-R0070;Belli Değil;"Kayada Üç Eksenli Testi için, Hook Hücresi ve Yanal Basınç Ünitesi;
Yanal basınç sistemi 700 bar kapasiteli hidrolik pompa ve manometreden oluşmaktadır. Ø 54,74 mm NX tipi hoek hücresi, 5 adet NX tipi hücre membranı, hücre bağlantı adaptörleri ve basınç hortumu ile birlikte verilmektedir.";Triaxial Test Set complete with Hand operated pressure system for lateral pressure in Hoek Cell with 700 bar capacity, Hoek Cell NX, Ø 54,74 mm and Spare Sealing Sleeves for Hoek Cell NX, Ø 54,74 mm.;0,00;;2025-09-04 15:23:18.619;0,00;2262,00;0,00
LT-C0200;Belli Değil;"2000 kN Otomatik Beton Test Presi; EN, Yükleme Gövdesi, Otomatik Hidrolik Güç Ünitesi, Dijital veri okuma & kontrol sistemi, Yazılım,  Ø 200x50mm, Ø 200x70 mm ve Ø 200x80 mm Ara Mesafe Parçaları, Oynarbaşlık sistemli Üst Plaka,  Ø300 mm, Alt Plaka Ø300 mm ile birlikte set olarak verilmektedir. 220 V, 50-60 Hz, 1 ph
***Bilgisayar ayrıca sipariş verilecektir.. ";"2000 kN Automatic Concrete Compression Testing Machine; EN, consist of Load Frame, Automatic Hydraulic Power Pack, Digital data acquisition & control system, Software, Distance Pieces, Ø 200x50 mm, Ø 200x70 mm and Ø 200x80 mm, Upper Platen (with ball seating assembly) Ø300 mm, Lower Platen Ø300 mm, Loading Cylinder Assembly & Limit Switch for safety, Front and Rear Protective Doors for safety. 220 V, 50-60 Hz, 1 ph
***Computer should be ordered separately.";0,00;134072,50;2025-09-04 15:23:18.620;0,00;7700,00;0,00
LT-R0070/1;Belli Değil;Yanal Basınç Ünitesi;Hand Operated Pressure System for Lateral Pressure in Hoek Cell;0,00;;2025-09-04 15:23:18.621;0,00;0,00;0,00
LT-R0070/2;Belli Değil;Hidrolik El Pompası, 700 bar;Hydraulic Power Pack, 700 bar;0,00;;2025-09-04 15:23:18.622;0,00;1350,00;0,00
LT-R0070/3;Belli Değil;Basınç Transduseri ve Dijital Okuma Ünitesi;Pressure Transducer and Digital Readout Unit;0,00;;2025-09-04 15:23:18.623;0,00;0,00;0,00
LT-R0070/4;Belli Değil;Hoek Hücresi, NX, Ø 54,74 mm;Hoek Cell NX, Ø 54,74 mm;0,00;;2025-09-04 15:23:18.624;0,00;0,00;0,00
LT-R0070/5;Belli Değil;Yedek Membran, Hoek Hücresi için.;Spare Sealing Sleeves for LT-R0070/4;0,00;;2025-09-04 15:23:18.625;0,00;0,00;0,00
LT-R1147;Belli Değil;"Taşınabilir Kaya Mekaniği Disk Makaslama Cihazı ASTM D5607 - 5 Adet 30X0.01 mm komparatör saati (4 düşey, 1 yatay), yatay ve düşey yükleme için  manometreli 2 adet el pompası , 1 adet kalıplama aparatı ile komple set.- olarak verilmektedir.
 ";"Rock shear apparatus to ASTM D5607 comprehending: 5 analog gauges 30x0.01 mm (4 vertical and 1 horizontal); 1 mould formers; 2 hand operated pumps for lateral and vertical load
fitted with  gauges.";;;2025-09-04 15:23:18.626;;;
LT- R0080;Belli Değil;Numune çıkarıcı, Hoek üç eksenli hücreleri için;Sample Extruder for Hoek Triaxial Cells;0,00;;2025-09-04 15:23:18.627;0,00;;
LT-S0147;Belli Değil;Otomatik Standart Penetrometre Test;The Motorized Standard Penetration test (SPT);0,00;47547,60;2025-09-04 15:23:18.628;0,00;;
LT-A0004;Belli Değil;"Santrifuj Ekstraktör Test Seti, 1500 g kapasiteli, Dönüş hızı 0- 3600 dev/dk. arasında kademesiz olarak ayarlanabilmektedir. 50 adet filtre kağıdı ile birlikte set olarak verilmektedir. 
220 V, 50-60 Hz, 1 ph";"Centrifuge Extractor, 1500gr capacity, analog control, 0 to 3600 rpm, supplied with filter papers pack of 50. 
220 V, 50-60 Hz, 1ph";0,00;34588,00;2025-09-04 15:23:18.629;0,00;1650,00;0,00
LT-AS0004/1;Belli Değil;"Santrifuj Ekstraktör Filtre Kağıdı, 1500 gr kapasiteli cihaz için, 
1 paket= 50 adet";"Filter Paper for 1500 gr capacity Centrifuge Extractor tests. 
(Pack of 50)";0,00;;2025-09-04 15:23:18.630;0,00;0,00;0,00
LT-AS0004/2;Belli Değil;Santrifuj Ekstraktör Kabı ve Kapağı, 1500 gr kapasiteli cihaz için.;Bowl and Cover for LT-AS0004;0,00;;2025-09-04 15:23:18.631;0,00;0,00;0,00
LT-AS0005;Belli Değil;"Santrifuj Ekstraktör Test Seti, 3000 g kapasiteli, Dönüş hızı 0- 3600 dev/dk. arasında kademesiz olarak ayarlanabilmektedir. 50 adet filtre kağıdı ile birlikte set olarak verilmektedir. 
220 V, 50-60 Hz, 1 ph";"Centrifuge Extractor, 3000gr capacity, analog control, 0 to 3600 rpm, supplied with filter papers pack of 50. 
220 V, 50-60 Hz, 1ph";0,00;34588,00;2025-09-04 15:23:18.632;0,00;1950,00;0,00
LT-AS0005/1;Belli Değil;"Santrifuj Ekstraktör Filtre Kağıdı, 3000 gr kapasiteli cihaz için, 
1 paket= 100 adet";"Filter Paper for 3000 gr capacity Centrifuge Extractor tests. 
(Pack of 50)";0,00;4200,00;2025-09-04 15:23:18.633;0,00;165,00;0,00
LT-AS0005/2;Belli Değil;Santrifuj Ekstraktör Kabı ve Kapağı, 3000 gr kapasiteli cihaz için.;Bowl and Cover for LT-AS0005;0,00;;2025-09-04 15:23:18.634;0,00;450,00;0,00
LT-AS0001;Belli Değil;Reflüks (Soksilet) Ekstraktör Test Seti, 1000 gr kapasiteli, Reflüks Ekstraktör  camı, 2 adet konik tel sepet, yoğunlaştırıcı,amyant tel, elektrikli ısıtıcı ve 50 adet filtre kağıdı ile birlikte set olarak verilmektedir. 220 V, 50-60 Hz, 1 ph;"Reflux Extractor Test Set, 1000gr capacity, complete with glass extractor Jar, two cones wire basket has 500g capacity, condencer, pack of 50 filter papers and hot plate, 
220 V, 50–60 Hz, 1ph";0,00;3082,00;2025-09-04 15:23:18.635;0,00;690,00;0,00
LT-AS0001/1;Belli Değil;"Reflüks Ekstraktör Camı, 1000 gr kapasiteli.
∅ 150*460 mm";"Glass Extractor Jar, 1000 gr capacity for LT-AS0001
150*460 mm";0,00;550,00;2025-09-04 15:23:18.636;0,00;240,00;0,00
LT-AS0001/2;Belli Değil;Reflüks Ekstraktör Yoğunlaştırıcısı, 1000 gr kapasiteli;Condencer, 1000 gr capacity for LT-AS0001;0,00;80,00;2025-09-04 15:23:18.637;0,00;60,00;0,00
LT-AS0001/3;Belli Değil;Reflüks Ekstraktör Konik Sepeti, 500 gr kapasiteli;Cone Wire Basket, 500 gr capacity for LT-AS0001;0,00;741,00;2025-09-04 15:23:18.638;0,00;60,00;0,00
LT-AS0001/4;Belli Değil;Filtre Kağıdı, Reflüks Ekstraktör deneyleri için, 300 mm çap (100 adet);Filter Paper for LT-AS0002, 300 mm dia. (Pack of 50);0,00;375,00;2025-09-04 15:23:18.639;0,00;180,00;0,00
LT-AS0001/5;Belli Değil;Amyant Tel. 12x12 cm;Iron Wire Gauze, 12x12 cm for LT-AS0001;0,00;89,00;2025-09-04 15:23:18.640;0,00;7,20;0,00
LT-G0244;Belli Değil;Tekli Elektrikli Ocak, 1500 Watt, Analog Termostatlı;Single Hot Plate. 1500 Watt. Analog Thermostat.;0,00;750,00;2025-09-04 15:23:18.641;0,00;90,00;0,00
LT-AS0002;Belli Değil;Reflüks (Soksilet) Ekstraktör Test Seti, 4000 gr kapasiteli, Reflüks Ekstraktör  camı, 2 adet konik tel sepet, yoğunlaştırıcı,amyant tel, elektrikli ısıtıcı ve 50 adet filtre kağıdı ve taşıma çantası ile birlikte set olarak verilmektedir. 220 V, 50-60 Hz, 1 ph;"Reflux Extractor Test Set, 4000gr capacity, complete with glass extractor Jar, two cones wire basket has 2000g capacity, condencer, pack of filter papers and hot plate. 
220 V, 50–60 Hz, 1ph";0,00;11806,20;2025-09-04 15:23:18.642;0,00;750,00;0,00
LT-AS0002/1;Belli Değil;"Reflüks Ekstraktör Camı, 4000 gr kapasiteli
Ø 220 x 460 mm";"Glass Extractor Jar, 4000 gr capacity for LT-AS0002
Ø 220 x 460 mm";0,00;4700,00;2025-09-04 15:23:18.643;0,00;270,00;0,00
LT-AS0002/2;Belli Değil;Reflüks Ekstraktör Yoğunlaştırıcısı, 4000 gr kapasiteli;Condencer, 4000 gr capacity for LT-AS0002;0,00;1000,00;2025-09-04 15:23:18.644;0,00;60,00;0,00
LT-AS0002/3;Belli Değil;Reflüks Ekstraktör Konik Sepeti, 2000 gr kapasiteli;Cone Wire Basket, 2000 gr capacity for LT-AS0002;0,00;1016,00;2025-09-04 15:23:18.645;0,00;60,00;0,00
 LT-AS0002/4;Belli Değil;"Filtre Kağıdı, Reflüks Ekstraktör deneyleri için, 400 mm çap 
(50 adet)";Filter Paper for LT-AS0002, 400 mm dia. (Pack of 50);0,00;3500,00;2025-09-04 15:23:18.646;0,00;180,00;0,00
LT-AS0002/5;Belli Değil;Amyant Tel. 16x16 cm;Iron Wire Gauze, 16x16 cm for LT-AS0002;0,00;106,00;2025-09-04 15:23:18.647;0,00;9,00;0,00
LT-G0244;Belli Değil;Tekli Elektrikli Ocak, 1500 Watt, Analog Termostatlı;Single Hot Plate. 1500 Watt. Analog Thermostat.;0,00;750,00;2025-09-04 15:23:18.648;0,00;90,00;0,00
LT-AS0110;Belli Değil;"Trikloretilen Geri Kazanma Cihazı, 10 litre/saat kapasiteli elektrikli ısıtıcı ve su soğutma sistemine sahiptir. 10m plastik tüp, tüp kıskaçları, 0.6 mm göz açıklığında bağlantı yuvası ve  kapağı ile birlikte set olarak verilmektedir.  
220 V, 50-60 Hz, 1 ph";"Solvent Recovery Unit, 10 litres/h capacity with electric heater and water cooling system complete with 10m plastic tube, tube clamps, sieve insert 0.6 mm opening and one lid.  
220 V, 50-60 Hz, 1 ph";0,00;;2025-09-04 15:23:18.649;0,00;2100,00;0,00
LT-AS0069;Belli Değil;"Binder Geri Kazanım Cihazı, tüm geri kazanım döngüsü sırasında kaynayan su tutmak için Dijital Termostat kontrollü Su Banyosu ile birlikte kullanılmaktadır. Su Banyosu kapaklıdır.
Vakum Pompası, Vakum Göstergesi, 6 m Hortum, 1000 ml lastik tıpalı Erlenmayer, 2 adet 250 ml düz tabanlı lastik tıpalı Cam Şişe ve diğer gerekli bağlantı parçaları ile birlikte verilmektedir.";"The apparatus consists of Thermostatically controlled Water Bath to keep boiling water
during all the recovery cycle, complete with cover and digital thermostat, Vacuum Pump with
Vacuum Gauge Manometer, 6 m Tubing for Vacuum, 1000 ml Filter Flask with rubber bung,";;;2025-09-04 15:23:18.650;;;
LT-AS0125;Belli Değil;"Vakum Piknometresi Set; 10 lt Paslanmaz Çelik Vakum Piknometresi, Zaman Kontrollü Sallayıcı,Ø 63 mm -760 mmHg vakum manometre ve 250 ml Erlenmayer ile birlikte. Vakum Pompası, Tek Kademe, 51 lt/dak. Akış Hızı, 2 Pa Vakum Gücü, Yağlı Tip, 220 V, 50-60 Hz, 1 Ph";"Vacuum Pyknometer Test Set; Complete With 10 lt Stainless Steel Vacuum Pycnometer, Vibro-Deaerator, Vacuum Pump, 1,5 m tubing for vacuum, Vacuum Gauge and Filter Flask 250 ml. 220 V, 50-60 Hz, 1 ph";0,00;24483,53;2025-09-04 15:23:18.651;0,00;1770,00;0,00
LT-AS0125/1;Belli Değil;Vakum Piknometresi. 10 lt, Paslanmaz Çelik;"Vacuum Pyknometer; 10 lt, Stainless Steel";0,00;750,00;2025-09-04 15:23:18.652;0,00;681,00;0,00
LT-G0022;Belli Değil;Elek Sallama Cihazı, 200 mm ve 300 mm çapında elekler için, zaman ayarlı, 220-240V 50-60Hz 1Ph;"Sieve Shaker, for 200 mm and 300 mm sieves. The shaker is fitted with digital timer which can be pre-set for any duration up to
99 minutes. 220-240V 50-60Hz 1Ph";0,00;13342,68;2025-09-04 15:23:18.653;0,00;720,00;0,00
LT-G0209;Belli Değil;Vakum Pompası, Tek Kademe, 51 lt/dak. Akış Hızı, 2 Pa Vakum Gücü, Yağlı Tip, 220 V, 50-60 Hz, 1 Ph;"Vacuum Pump, Single Stage, 51 l/min Flow Rate, 2 Pa Partial
Pressure, Forced Oil Cycling System, 220 V, 50-60 Hz, 1 Ph";0,00;5000,00;2025-09-04 15:23:18.654;0,00;195,00;0,00
LT-G0210/1;Belli Değil;Hortum. 1.5 metre;Hose for Vacuum Pump. 1.5 m;0,00;10,00;2025-09-04 15:23:18.655;0,00;9,00;0,00
LT-G0210/2;Belli Değil;Ø 63 mm  -760 mmHg Manometre;Ø 63 mm 1000 mbar Vacuum Gauge;0,00;75,00;2025-09-04 15:23:18.656;0,00;45,00;0,00
LT-G0093;Belli Değil;Nuce Erlenmayer 250ml;Filter Flask 250ml;0,00;371,00;2025-09-04 15:23:18.657;0,00;18,00;0,00
LT-AS0013;Belli Değil;"Benzin motorlu Karot Makinası; Tekerleklidir. Su püskürtme aparatı cihaz üzerine montelidir. 4 noktadan yere sabitlenebilmektedir.  6,5 hp Amerikan Malı Motor Kullanılmaktadır. Karot bıçakları ayrıca sipariş edilmelidir.";Core Drilling Machine, petrol engine, up to dia. 200mm coring range, portable unit equipped with wheels. 6,5 hp American Petrol Engine. Core bits have to be ordered separately.;0,00;30849,00;2025-09-04 15:23:18.658;0,00;2187,00;0,00
LT-AS0016;Belli Değil;"Römorklu Asfalt Karot Makinesi; 150 mm çapa kadar karot alma kapasitesi.Cihaz bir römork içerisine yerleştirilmiştir. Römork araba ile çekilebilir tiptedir ve branda ile kapatılmıştır. Benzin motorludur. İçerisinde 100 lt kapasiteli su tankı bulunmaktadır. 3 noktadan yere sabitlenebilmektedir.  6,5 hp Amerikan Malı Motor Kullanılmaktadır.  Karot bıçakları ayrıca sipariş edilmelidir.";Core Drilling Machine on trailer, 6,5 hp American Petrol Engine, up to dia. 200mm coring range, with 100 lt water tank, portable unit equipped with wheels. Core bits have to be ordered separately.;0,00;49270,30;2025-09-04 15:23:18.659;0,00;3250,00;0,00
LT-AS0020;Belli Değil;Karot Bıçağı, asfalt numuneleri için, Ø50 mm, 400mm boy;Core Bit, for asphalt samples, Ø50 mm, 400mm height;0,00;1607,00;2025-09-04 15:23:18.660;0,00;150,00;0,00
LT-AS0021;Belli Değil;Karot Bıçağı, asfalt numuneleri için, Ø75 mm, 400mm boy;Core Bit, for asphalt samples, Ø75 mm, 400mm height;0,00;1862,00;2025-09-04 15:23:18.661;0,00;165,00;0,00
LT-AS0022;Belli Değil;Karot Bıçağı, asfalt numuneleri için, Ø100 mm, 400mm boy;Core Bit, for asphalt samples, Ø100 mm, 400mm height;0,00;2665,00;2025-09-04 15:23:18.662;0,00;180,00;0,00
LT-AS0023;Belli Değil;Karot Bıçağı, asfalt numuneleri için, Ø150 mm, 400mm boy;Core Bit, for asphalt samples, Ø150 mm, 400mm height;0,00;3900,00;2025-09-04 15:23:18.663;0,00;249,00;0,00
LT-AS0024;Belli Değil;Karot Bıçağı, asfalt numuneleri için, Ø200 mm, 400mm boy;Core Bit, for asphalt samples, Ø200 mm, 400mm height;0,00;5965,00;2025-09-04 15:23:18.664;0,00;330,00;0,00
LT-AS0008;Belli Değil;"Asfalt mikseri; 5 litre kapasiteli olup asfalt karışımların homojen olarak karıştırılmasını sağlar. Cihaz üzerindeki potansiyometreden cihaz hızı ayarlanabilir. 5 litre kapasiteli karıştırma kabı ve karıştırma paleti ile birlikte verilmektedir. Elektrikli Isıtıcı ayrıca sipariş edilmelidir. 220 V, 50-60 Hz, 1 ph";"Asphalt mixer; 5 litre capacity. Supplied complete with 5 lt capacity stainless steel bowl, and whisk.  Electric heater should be ordered separately. 220 V, 50-60 Hz, 1ph";0,00;35000,00;2025-09-04 15:23:18.665;0,00;2100,00;2000,00
LT-AS0008/1;Belli Değil;Asfalt Mikseri Karıştırma Kabı, 5 litre kapasiteli.;Mixing Bowl for Asphalt mixer for LT-AS0008;0,00;3000,00;2025-09-04 15:23:18.666;0,00;180,00;0,00
LT-AS0008/2;Belli Değil;Asfalt Mikseri Karıştırma Paleti;Mixing Whisk for Asphalt mixer for LT-AS0008;0,00;2000,00;2025-09-04 15:23:18.667;0,00;165,00;0,00
LT-AS0008/3;Belli Değil;"Elektrikli asfalt mikseri alt ısıtıcısı. 5 litre kapasiteli.
220 V, 50-60 Hz, 1 ph";Heating mantle for LT-AS0008. 220 V, 50-60 Hz, 1 ph;0,00;2000,00;2025-09-04 15:23:18.668;0,00;420,00;0,00
LT-AS0009;Belli Değil;"Asfalt mikseri; 10 litre kapasiteli olup asfalt karışımların homojen olarak karıştırılmasını sağlar. Cihaz üzerindeki potansiyometreden cihaz hızı ayarlanabilir.  Mikser ile 10 litre kapasiteli karıştırma kabı ve karıştırma paleti standart olarak verilir. Elektrikli Isıtıcı ayrıca sipariş edilmelidir. 220 V, 50-60 Hz, 1 ph";"Asphalt mixer; 10 litre capacity. Supplied complete with 10 lt capacity stainless steel bowl, and whisk. Electric heater should be ordered separately. 220 V, 50-60 Hz, 1ph";0,00;45000,00;2025-09-04 15:23:18.669;0,00;2670,00;4200,00
LT-AS0009/1;Belli Değil;Asfalt Mikseri Karıştırma Kabı, 10 litre kapasiteli.;Mixing Bowl for LT-AS0009;0,00;5500,00;2025-09-04 15:23:18.670;0,00;320,00;0,00
LT-AS0009/2;Belli Değil;Asfalt Mikseri Karıştırma Paleti;Mixing Whisk for LT-AS0009;0,00;3500,00;2025-09-04 15:23:18.671;0,00;320,00;300,00
LT-AS0009/3;Belli Değil;"Elektrikli asfalt mikseri alt ısıtıcısı. 10 litre kapasiteli.
220 V, 50-60 Hz, 1 ph";Heating mantle for LT-AS0009. 220 V, 50-60 Hz, 1 ph;0,00;6000,00;2025-09-04 15:23:18.672;0,00;630,00;0,00
LT-AS0010;Belli Değil;"Asfalt mikseri; 20 litre kapasiteli olup asfalt karışımların homojen olarak karıştırılmasını sağlar. Cihaz üzerindeki potansiyometreden cihaz hızı ayarlanabilir.  Mikser ile 20 litre kapasiteli karıştırma kabı ve karıştırma paleti standart olarak verilir.  Elektrikli Isıtıcı ayrıca sipariş edilmelidir. 220 V, 50-60 Hz, 1 ph";"Asphalt mixer; 20 litre capacity. Supplied complete with 20 lt capacity stainless steel bowl, and whisk. Electric heater should be ordered separately. 220 V, 50-60 Hz, 1ph";0,00;55000,00;2025-09-04 15:23:18.673;0,00;7500,00;7000,00
LT-AS00010/1;Belli Değil;Asfalt Mikseri Karıştırma Kabı, 20 litre kapasiteli.;Mixing Bowl for LT-AS0010;0,00;;2025-09-04 15:23:18.674;0,00;0,00;0,00
LT-AS00010/2;Belli Değil;Asfalt Mikseri Karıştırma Paleti;Mixing Whisk for LT-AS0010;0,00;1000,00;2025-09-04 15:23:18.675;0,00;350,00;320,00
LT-AS00010/3;Belli Değil;"Elektrikli asfalt mikseri alt ısıtıcısı. 20 litre kapasiteli.
Max. 200 C. 220 V, 50-60 Hz, 1 ph";Heating mantle for LT-AS0010. 220 V, 50-60 Hz, 1 ph;0,00;;2025-09-04 15:23:18.676;0,00;0,00;0,00
LT-AS0043;Belli Değil;"Manuel Marshall Tokmak; 4536±9 gr ağırlığındaki tokmak kullanıcı tarafından 457±3 mm yükseklikten düşürülmektedir.
Tahta kaide, taşıma mekanizması ve tokmaktan meydana gelmektedir.";"Manual Marshall Compactor is used to compact Marshall Specimens with hand, manually. The sliding weight is 4536 ± 9 gr and dropped by the user from a height of 457 ± 3 mm manually.
The assembly consists of a compaction hammer, wooden compaction
pedestal, support rod to hold the hammer in perpendicular position and mould holder.";0,00;2750,00;2025-09-04 15:23:18.677;0,00;750,00;0,00
LT-AS0043/1;Belli Değil;Marshall Sıkıştırma Tokmağı;Compaction Hammer;0,00;;2025-09-04 15:23:18.678;0,00;290,00;0,00
LT-AS0043/2;Belli Değil;Marshall Tokmak için Ahşap Kaide;Compaction Pedestal;0,00;;2025-09-04 15:23:18.679;0,00;150,00;0,00
LT-AS0045;Belli Değil;"Otomatik Marshall Tokmak; EN, 4535±15 gr ağırlığındaki tokmak otomatik olarak 457±5 mm yükseklikten düşmektedir. Vuruş sayıları istenen sayıda ayarlanabilmekte ve belirlenen vuruş sayısı sona erdiğinde cihaz otomatik olarak durmaktadır. Vuruş sayısının kontrol edildiği Dijital sayaç cihaz üzerinde bulunmaktadır.
220 V, 50-60 Hz, 1 ph";Automatic Marshall Compactor, EN, digital counter, 457±5 mm falling heigth, 4535±15 gr hammer weight, mechanism to stop  automatically at determined number of counts,  automatic unit includes mechanical compactor, wooden compaction pedestal and mold assembly. 220 V, 50-60 Hz, 1 ph;0,00;60000,00;2025-09-04 15:23:18.680;0,00;2109,00;0,00
LT-AS0046;Belli Değil;"Otomatik Marshall Tokmak; ASTM, 4536±9 gr ağırlığındaki tokmak otomatik olarak 457±3 mm yükseklikten düşmektedir. Vuruş sayıları istenen sayıda ayarlanabilmekte ve belirlenen vuruş sayısı sona erdiğinde cihaz otomatik olarak durmaktadır. Vuruş sayısının kontrol edildiği Dijital sayaç cihaz üzerinde bulunmaktadır.
220 V, 50-60 Hz, 1 ph";"Automatic Marshall Compactor, ASTM, digital counter, 457±3 mm falling heigth, 4536±9 gr hammer weight, mechanism to stop  automatically at determined number of counts,  automatic unit includes mechanical compactor, wooden compaction pedestal and mold assembly. 
220 V, 50-60 Hz, 1 ph";0,00;60000,00;2025-09-04 15:23:18.681;0,00;2109,00;0,00
LT-AS0042;Belli Değil;"Marshall Kalıp; Alt Taban Plakası, Kalıp, Doldurma Yakası ile birlikte set olarak verilmektedir. Çelikten imal edilmiştir.
100 mm çapında üretilmektedir.";"Marshall Compaction Mould, galvanised steel, 4"" dia, Complete with base plate, mould body and collar. Marshall Mould is made of Steel
and plated against corrosion.";0,00;852,00;2025-09-04 15:23:18.682;0,00;65,00;0,00
LT-AS0042/1;Belli Değil;Marshall Kalıp Gövdesi;Mould Body;0,00;;2025-09-04 15:23:18.683;0,00;28,00;0,00
LT-AS0042/2;Belli Değil;Marshall Kalıp için Alt Taban Plakası;Base plate;0,00;;2025-09-04 15:23:18.684;0,00;20,00;0,00
LT-AS0042/3;Belli Değil;Marshall Kalıp için Doldurma Yakası;Collar;0,00;;2025-09-04 15:23:18.685;0,00;17,00;0,00
LT-U0035;Belli Değil;"Marshall-CBR Numune Çıkarıcı; 4”, 6”, 100 mm ve 150 mm çaplı numune kalıplarında sıkışmış numunenin kolay bir şekilde çıkarılması için tasarlanmıştır. 5 ton kaldırma kapasitelidir. Kuvvet el ile basmalı hidrolik kriko ile sağlanmaktadır.";Marshall- CBR Sample Extruder, 50kN extrusion force, hydraulic sample ejector. Complete with ∅ 4”, 6”, 100 mm and 150 mm  adaptors to extrude standard and modified proctor, CBR and marshall molds.;0,00;2970,00;2025-09-04 15:23:18.686;0,00;437,00;0,00
LT-AS0050;Belli Değil;"Marshall Stabilite Test Cihazı; Elektrik motoru ile çalışır ve bu motor 50.8 mm/dakida platen hızı sağlar. Yük kapasitesi 50 kN dur. Akma ölçüm cihazı ± 0.1mm doğrulukla ölçüm yapabilmektedir. Cihaz tam otomatiktir. Stabilite ve Akma değerleri dijital olarak görülebilmektedir. Alt ve üst kırma başlıkları, 50 kN kapasiteli yük hücresi (load cell), akma transduseri ile birlikte set olarak verilmektedir. Stabilite ve alma değerleri 7"" TFT dokunmatik ekranda test sonrası otomatik olarak görülebilmektedir.
220-240V, 50-60Hz, 1 faz";"Digital Marshall Stability Test Machine; 50 kN capacity. Supplied with 50 kN load cell, flow transducer and Breaking Head for 4"" samples. 220-240V, 50-60Hz, 1ph";0,00;54801,00;2025-09-04 15:23:18.687;0,00;3400,00;0,00
LT-AS0050/1;Belli Değil;"Kırma Başlığı; 100mm Marshall numuneleri için.";"Breaking Head Stability Mould; 100mm for Marshall samples.";0,00;;2025-09-04 15:23:18.688;0,00;210,00;0,00
LT-AS0050/2;Belli Değil;"Kırma Başlığı; 150mm Marshall numuneleri için.";"Breaking Head Stability Mould; 150mm for Marshall samples.";0,00;;2025-09-04 15:23:18.689;0,00;270,00;0,00
LT-G8035;Belli Değil;Load cell, 50 kN kapasiteli;Load cell, 50 kN capacity;0,00;;2025-09-04 15:23:18.690;0,00;264,00;0,00
LT-G8040;Belli Değil;Uzama Sensörü, 25 x 0,01 mm;Displacement Sensor, 25 x 0,01 mm;0,00;2600,00;2025-09-04 15:23:18.691;0,00;324,00;0,00
LT-AS0050/4;Belli Değil;"Yarmada çekme aparatı, 100 mm (4"") çapında sıkışmış bitümlü karışım numuneleri için (Endirek çekme aparatı)";Indirect Tensile Splitting Device for Ø 100 mm samples;0,00;;2025-09-04 15:23:18.692;0,00;210,00;0,00
LT-AS0050/5;Belli Değil;"Yarmada çekme aparatı, 150 mm (6"") çapında sıkışmış bitümlü karışım numuneleri için";Tensile Splitting Device for Ø 150 mm samples;0,00;;2025-09-04 15:23:18.693;0,00;260,00;0,00
LT-AS0050/6;Belli Değil;Yarmada çekme aparatı için 100 mm çapında Yükleme Aparatları;Loading Strips, 100mm for Tensile Splitting Devic;0,00;;2025-09-04 15:23:18.694;0,00;35,00;0,00
LT-AS0050/7;Belli Değil;Yarmada çekme aparatı için 160 mm çapında Yükleme Aparatları;Loading Strips, 160mm for Tensile Splitting Devic;0,00;;2025-09-04 15:23:18.695;0,00;61,00;0,00
LT-AS0050/8;Belli Değil;Endirek Çekme Aparatı, 30x0,01 mm Mekanik Komparatör Saati ile birlikte.;Indirect Tensile Test Jig for compacted bituminous with 25x0,01 mm Analog Dial Gauge;0,00;1000,00;2025-09-04 15:23:18.696;0,00;550,00;0,00
LT-AS0025;Belli Değil;"Vialit (Yapışma) Test Aleti; vialit plâkası kullanılarak şok deney metodu ile bağlayıcının agregaya yapışabilirliğinin tayini esasına dayanır. plakaları, 512 g çelik bilya ve silindiri ile birlikte set olarak verilmektedir.Agrega serme aparatı ayrıca sipariş verilmelidir.";"Vialit plate, Adhesion Test Apparatus, used to determine adhesion between aggregate and binder using jolting method. Consist of a metal basement with three vertical pointed rods to hold the test plate;
a 512 g steel ball, six metal test plates and a hand operated rubber lined roller.";0,00;2500,00;2025-09-04 15:23:18.697;0,00;1800,00;0,00
LT-AS0025/1;Belli Değil;Çelik Plakalar, 6 adet.;Flat Steel Plates, 6 pcs.;0,00;;2025-09-04 15:23:18.698;0,00;0,00;0,00
LT-AS0025/2;Belli Değil;Çelik Bilya, 512 g;Steel Ball, 512 g;0,00;;2025-09-04 15:23:18.699;0,00;0,00;0,00
LT-AS0025/3;Belli Değil;Lastik Tekerlekli Silindir;Rubber Wheel Roller, hand operated;0,00;;2025-09-04 15:23:18.700;0,00;0,00;0,00
LT-AS0026;Belli Değil;"Yarı Otomatik Dijital Bitüm Penetrometre; İğne batma derinliği dijital olarak ölçülmektedir. Batma zamanı ayarlama ünitesi, iğnesi, taşıma kabı ve 6 adet numune kutusu ile birlikte set olarak verilmektedir. 220 V, 50-60 Hz, 1 ph";"Semiautomatic Digital Penetrometer used to determine penetration under constant load and temperature.  The penetrometer is supplied with stop and release push button, automatic zero timer set, penetration needle, transfer dish and 6 penetration tins 55x35 mm dia. The other accessories should be ordered separately.
220-240V, 50-60Hz, 1ph";0,00;17800,00;2025-09-04 15:23:18.701;0,00;735,00;0,00
LT-AS0027;Belli Değil;Penetrasyon İğnesi;Penetrometer Needle;0,00;35,00;2025-09-04 15:23:18.702;0,00;33,00;0,00
LT-AS0028;Belli Değil;Penetrometre Taşıma Kabı ;Transfer Dish;0,00;40,00;2025-09-04 15:23:18.703;0,00;6,75;0,00
LT-AS0029;Belli Değil;Çeyrek Ölçekli Uç ve Mili, ASTM D 1403 ve ASTM D 1831;One-Quarter Scale Cone and Shaft for Lubricating Grease, ASTM D 1403 and D 1831;0,00;;2025-09-04 15:23:18.704;0,00;129,00;0,00
LT-AS0030;Belli Değil;Yarım Ölçekli Uç ve Mili, ASTM D 1403 ve ASTM D 1831;One-Half Scale Cone and Shaft for Lubricating Grease, ASTM D 1403 and D 1831;0,00;;2025-09-04 15:23:18.705;0,00;129,00;0,00
LT-AS0031;Belli Değil;Konik Uç, ASTM D 217 (Opsiyonel Tip ) ve ASTM D 937, Gres yağı ve Madeni yağ testleri için;"Penetrometer Cone; for Lubricating Grease, ASTM D 217 and for Petrolatum, ASTM D 937";0,00;;2025-09-04 15:23:18.706;0,00;66,00;0,00
LT-AS0032;Belli Değil;Küresel Penetrasyon Ucu, ASTM D5329;Resilience Ball Penetration Tool. ASTM D5329;0,00;;2025-09-04 15:23:18.707;0,00;87,00;0,00
LT-G0152;Belli Değil;Numune Kutusu, 55mm çap x 35mm derinlik;Moisture content tin, Ø 5,5 x 3,5 cm;0,00;40,00;2025-09-04 15:23:18.708;0,00;3,13;0,00
LT-G0151;Belli Değil;Numune Kutusu, 75mm çap x 45mm derinlik;Moisture content tin, ∅ 7,5 x 4,5 cm;0,00;50,00;2025-09-04 15:23:18.709;0,00;4,50;0,00
LT-AS0035;Belli Değil;"Otomatik Bitüm Penetrometre seti;İğne batma derinliği dijital olarak ölçülmektedir. Batma zamanı ayarlama ünitesi, iğnesi, taşıma kabı ve 6 adet numune kutusu ile birlikte set olarak verilmektedir. 220 V, 50-60 Hz, 1 ph";"Automatic Bitumen Penetrometer used to determine penetration under constant load and temperature.  The penetrometer is supplied with stop and release push button, automatic zero timer set, penetration needle, transfer dish and 6 penetration tins 55x35 mm dia. The other accessories should be ordered separately.
220-240V, 50-60Hz, 1ph";0,00;48709,00;2025-09-04 15:23:18.710;0,00;6500,00;
LT-G0001;Belli Değil;"Sirkülasyonlu Su Banyosu; 15 Litre kapasiteli, PID & MP Kontrol Sistemi, Pompa Kapasitesi: 5 litre. Ortam Sıcaklıgı +5 ºC / 99.9 ºC ± 0.1 °C çalışma sıcaklığı, iç gövde paslanmaz çelikten imal edilmiştir.
220 V, 50-60 Hz, 1 ph";"Water Bath with circulation System; 15 Litre capacity, PID & MP Control System, Ambient +5 ºC / 99.9 ºC ± 0.1 °C, stainless steel interior. 220 V, 50-60 Hz, 1 ph";0,00;14701,80;2025-09-04 15:23:18.711;0,00;720,00;0,00
LT-G0002;Belli Değil;"Sirkülasyonlu Su Banyosu; 30 Litre kapasiteli, PID & MP Kontrol Sistemi, Pompa Kapasitesi: 5 litre. Ortam Sıcaklıgı +5 ºC / 99.9 ºC ± 0.1 °C çalışma sıcaklığı, iç gövde paslanmaz çelikten imal edilmiştir.
220 V, 50-60 Hz, 1 ph";"Water Bath with circulation System; 30 Litre capacity, PID & MP Control System, Ambient +5 ºC / 99.9 ºC ± 0.1 °C, stainless steel interior. 220 V, 50-60 Hz, 1 ph";0,00;15928,00;2025-09-04 15:23:18.712;0,00;840,00;0,00
LT-G0003;Belli Değil;"Sirkülasyonlu Su Banyosu; 48 Litre kapasiteli, PID & MP Kontrol Sistemi, Pompa Kapasitesi: 5 litre. Ortam Sıcaklıgı +5 ºC / 99.9 ºC ± 0.1 °C çalışma sıcaklığı, iç gövde paslanmaz çelikten imal edilmiştir.
220 V, 50-60 Hz, 1 ph";"Water Bath with circulation System; 48 Litre capacity, PID & MP Control System, Ambient +5 ºC / 99.9 ºC ± 0.1 °C, stainless steel interior. 220 V, 50-60 Hz, 1 ph";0,00;18230,20;2025-09-04 15:23:18.713;0,00;960,00;0,00
LT-G0004;Belli Değil;"Soğutmalı Su Banyosu; 15 Litre kapasiteli, PID & MP Kontrol Sistemi. 5 ºC / 70 ºC ± 0.1 °C çalışma sıcaklığı,  iç gövde paslanmaz çelikten imal edilmiştir. 220 V, 50-60 Hz, 1 ph";"Water Bath with cooling unit; 15 Litre capacity, PID & MP Control System, 5 ºC / 70 ºC ± 0.1 °C, stainless steel interior.
220 V, 50-60 Hz, 1 ph";0,00;23941,80;2025-09-04 15:23:18.714;0,00;1920,00;0,00
LT-G0005;Belli Değil;"Soğutmalı Su Banyosu; 30 Litre kapasiteli, PID & MP Kontrol Sistemi. 5 ºC / 70 ºC ± 0.1 °C çalışma sıcaklığı, iç gövde paslanmaz çelikten imal edilmiştir. 220 V, 50-60 Hz, 1 ph";"Water Bath with cooling unit; 30 Litre capacity, PID & MP Control System, 5 ºC / 70 ºC ± 0.1 °C, stainless steel interior. 
220 V, 50-60 Hz, 1 ph";0,00;25168,00;2025-09-04 15:23:18.715;0,00;2117,00;0,00
LT-G0006;Belli Değil;"Soğutmalı Su Banyosu; 48 Litre kapasiteli, PID & MP Kontrol Sistemi. 5 ºC / 70 ºC ± 0.1 °C çalışma sıcaklığı,  iç gövde paslanmaz çelikten imal edilmiştir. 220 V, 50-60 Hz, 1 ph";"Water Bath with cooling unit; 48 Litre capacity, PID & MP Control System, 5 ºC / 70 ºC ± 0.1 °C, stainless steel interior. 
220 V, 50-60 Hz, 1 ph";0,00;27470,20;2025-09-04 15:23:18.716;0,00;2275,00;0,00
LT-AS0107;Belli Değil;"Rolling Thin Film Oven Cihazı;
Cihaz, oda sıcaklığı ile 200 ºC arasında çalışır. Kontrol sistemi dijital PID kontrollü olup zaman ayarlıdır. Cihazda
sirkülasyon bulunmaktadır. Cihazda 15 rpm/dak. dönen motor ve dikey platform bulunmaktadır. Cihazın ön kapağı çift kat camlıdır. Komple paslanmaz çelikten imal edilmiştir.
Cihazla birlikte 8 adet 64 mm x 140 mm cam numune kabı  verilmektedir. 220 V, 50 -60 Hz, 1 ph
8 bar, 25 lt kapasiteli Hava Kompresörü ayrıca sipariş edilmelidir.";"Bitumen Oven for Rolling Thin-Film oven test (RTFOT). 
Supplied complete with precision digital thermostat to maintain 
163 °C temperature, ventilation device, set of eight 64 mm x 140 mm glass containers. 220 V, 50 -60 Hz, 1 ph
8 bar, 25 lt capacity Air Pressure Pump should be ordered separately.
";0,00;87000,00;2025-09-04 15:23:18.717;0,00;4320,00;0,00
LT-AS0107/1;Belli Değil;Cam Numune Kabı, 64 mm x 140 mm ;Glass Sample Tin, 64 mm x 140 mm ;0,00;50,00;2025-09-04 15:23:18.718;0,00;45,00;0,00
LT-G0225;Belli Değil;"Kompresör 8 Bar / 25 lt. 220 V, 50 Hz, 1 ph
Hava Tabancası ve Spiral hortum ile birlikte";Air pressure Pump, 8 Bar / 25 lt. 220 V, 50 Hz, 1 ph;0,00;6500,00;2025-09-04 15:23:18.719;0,00;345,00;0,00
LT-AS0041;Belli Değil;"İnce Film (Isıtma Kaybı) Etüvü; Cihaz, Kontrol sistemi Dijital PID kontrollü olup, Sirkülasyon fanı bulunmaktadır.  İç yüzeyi paslanmaz çelikten imal edilmiştir. Dönen rafı ve numune kutuları, yapılacak test tipine göre ayrıca sipariş edilmelidir.
220 V, 50 -60 Hz, 1 ph";"Thin Film Bitumen (Loss on Heating) Oven. Digital PID controller and circulation fan. Stainless steel interior surfaces. Rotating shelf and sample cups should be ordered separately according to the test type.
220 V, 50 -60 Hz, 1 ph";0,00;73000,00;2025-09-04 15:23:18.720;0,00;1987,00;0,00
LT-AS0041/1;Belli Değil;"Dönen Raf, Isıtma Kaybı Testleri için. 250 mm çapında.
EN 13303, ASTM D 6, AASHTO T47";"Rotating Shelf, for Loss on Heating Test, 250mm dia.
EN 13303, ASTM D 6, AASHTO T47";0,00;;2025-09-04 15:23:18.721;0,00;168,00;0,00
LT-G0152;Belli Değil;Numune Kutusu. Ø 55 x 35 mm. (9 adet);Moisture content tin. Ø 55 x 35 mm. (Pack of 9);0,00;360,00;2025-09-04 15:23:18.722;0,00;29,00;0,00
LT-AS0041/2;Belli Değil;"Dönen Raf, İnce Film Testleri için. 342 mm çapında.
EN 12607-2, ASTM D1754, AASHTO T179";"Rotating Shelf for Thin Film Oven Test, 342 mm dia.
EN 12607-2, ASTM D1754, AASHTO T179";0,00;;2025-09-04 15:23:18.723;0,00;195,00;0,00
LT-G0157;Belli Değil;Numune Kutusu. Ø 140 x 9,5 mm. (4 adet);Moisture content tin. Ø 140 x 9,5 mm. (Pack of 4);0,00;140,00;2025-09-04 15:23:18.724;0,00;47,00;0,00
LT-AS0033;Belli Değil;Duktilite Test Cihazı:Test hızı: 50 mm/dak. Maksimum uzama kapasitesi: 1500mm. Cihazla 3 adet numune aynı anda test edebilir. Dijital sıcaklık kontrol ile 25°C ± 0,5°C derece de sabit tutulur.  Su ısıtma tertibatlıdır. 3 adet kalıp ve alt tablası cihaz ile birlikte verilmektedir. 220 V, 50 -60 Hz, 1 ph;"Ductility Testing Machine, it can tests three briquets simultaneously. 50 mm/min single-speed. Elongation (pull) capacity is maximum carriage travel (1500mm). Water bath temperature is maintained constant at 25°C ± 0,5°C by a digital thermoregulator. The carriage is driven by an electrical motor, inside a large tank which is fitted with digital thermostat, immersion electric heater and pump unit. Supplied complete with 3 moulds and base plates. 
220 V, 50 -60 Hz, 1 ph";0,00;34978,00;2025-09-04 15:23:18.725;0,00;2666,00;0,00
LT-AS0034;Belli Değil;"Duktilite Test Cihazı: Soğutma Üniteli. + 5° den + 25°C ye su sıcaklığı ile çalışabilme imkanı sağlayan soğutma ünitesi ile donatılmıştır. Test hızı: 50 mm/dak. Maksimum uzama kapasitesi: 1500mm. Cihazla 3 adet numune aynı anda test edebilir. Dijital sıcaklık kontrol ile 25°C ± 0,5°C derece de sabit tutulur.  Su ısıtma tertibatlıdır. 3 adet kalıp ve alt tablası cihaz ile birlikte verilmektedir. 
220 V, 50 -60 Hz, 1 ph
";"Ductility Testing Machine, Ductilometer with Cooling System is equipped with incorporated refrigerating unit for tests with water temperature from + 5° to + 25°C.it can tests three briquets simultaneously. 50 mm/min single-speed. Elongation (pull) capacity is maximum carriage travel (1500mm). Water bath temperature is maintained constant at 25°C ± 0,5°C by a digital thermoregulator. The carriage is driven by an electrical motor, inside a large tank which is fitted with digital thermostat, immersion electric heater and pump unit. Supplied complete with 3 moulds and base plates. 
220 V, 50 -60 Hz, 1 ph";0,00;49248,00;2025-09-04 15:23:18.726;0,00;3216,00;0,00
LT-AS0038;Belli Değil;"Çekme Kuvveti Ölçümlü Düktilite Deney Cihazı, EN 13589, 220-240 V 50-60 Hz
";"Force Ductility Testing Machine, Ductilometer with Cooling System is equipped with incorporated refrigerating unit for tests with water temperature from + 5° to + 25°C.it can tests three briquets simultaneously. 50 mm/min single-speed. Elongation (pull) capacity is maximum carriage travel (1500mm). Water bath temperature is maintained constant at 25°C ± 0,5°C by a digital thermoregulator. The carriage is driven by an electrical motor, inside a large tank which is fitted with digital thermostat, immersion electric heater and pump unit. Supplied complete with 3 moulds and base plates. 
220 V, 50 -60 Hz, 1 ph";0,00;45000,00;2025-09-04 15:23:18.727;0,00;9500,00;0,00
LT-AS0033/1;Belli Değil;Briket Kalıbı, ASTM D133, AASHTO T51;Briquette Mould, ASTM D133, AASHTO T51;0,00;609,80;2025-09-04 15:23:18.728;0,00;117,00;0,00
LT-AS0033/2;Belli Değil;Briket Kalıbı, EN 13398;Briquette Mould, EN 13398;0,00;609,80;2025-09-04 15:23:18.729;0,00;117,00;0,00
LT-AS0033/3;Belli Değil;Briket Kalıbı Alt Plakası;Briquette Mould Base Plate;0,00;;2025-09-04 15:23:18.730;0,00;60,00;0,00
LT-AS0036;Belli Değil;"Yumuşama Noktası Test Cihazı; Isıtıcılı manyetik karıştırıcı, iki adet çelik bilye, bilye tutucu, iki adet yüzük, cam beher ve termometre 110 °C  ile birlikte set olarak verilmektedir. 
220 V, 50-60 Hz, 1 ph";"Ring and Ball Test Set, used to determine the softening point of bituminous materials. Supplied complete with hot plate with magnetic stirring system, 2 ball centering guides, 2 piece steel balls, 2 piece rings, beaker and thermometer. 
220 V, 50-60 Hz, 1 ph";0,00;13474,00;2025-09-04 15:23:18.731;0,00;789,00;0,00
LT-G0246;Belli Değil;"Analog Isıtıcılı Manyetik Karıştırıcı. 
380°C'ye kadar ısıtma özelliği, 80-1500 devir/dakika hız. 20 litre karıştırma kapasiteli, Hız ve Sıcaklık Ayarı Analog. Seramik kaplı tabla, 180 x 180 mm tabla boyutu, , 600 W, 2 adet manyetik balık ile birlikte.";Analog Hot plate with magnetic stirrer, ambient to 380 °C temperature range, 80-1500 rpm stirring speed, 20 lt stirring capacity, Ceramic table, 180x180 mm hot plate. 220-240V, 50-60Hz, 1ph;0,00;12000,00;2025-09-04 15:23:18.732;0,00;720,00;0,00
LT-AS0036/1;Belli Değil;Çelik Bilye;Steel Ball;0,00;30,00;2025-09-04 15:23:18.733;0,00;4,80;0,00
LT-AS0036/2;Belli Değil;Bilye Tutucu;Ball centering guides;0,00;35,00;2025-09-04 15:23:18.734;0,00;24,00;0,00
LT-AS0036/3;Belli Değil;Pirinç yüzük 2 adet;Brass Ring 2 pieces;0,00;15,00;2025-09-04 15:23:18.735;0,00;18,00;0,00
LT-G0404;Belli Değil;Cam Beher 600ml;Glass Beaker 600ml;0,00;125,00;2025-09-04 15:23:18.736;0,00;8,40;0,00
LT-G0182;Belli Değil;"Cam Termometre; max 110 °C";"Glass Thermometer; max 110 °C";0,00;111,00;2025-09-04 15:23:18.737;0,00;9,00;0,00
LT-AS0037;Belli Değil;"Otomatik Yumuşama Noktası Test Cihazı; Isıtıcılı manyetik karıştırıcı, iki adet çelik bilye, bilye tutucu, iki adet yüzük, cam beher ve termometre ile birlikte set olarak verilmektedir. 
220 V, 50-60 Hz, 1 ph";"Automatic Ring and Ball Test Set, used to determine the softening point of bituminous materials. Supplied complete with hot plate with magnetic stirring system, 2 ball centering guides, 2 piece steel balls, 2 piece rings, beaker and thermometer. 
220 V, 50-60 Hz, 1 ph";0,00;58515,00;2025-09-04 15:23:18.738;0,00;6750,00;
LT-AS0105;Belli Değil;"Parlama ve Yanma Noktası Tayin Cihazı; 
Sıcaklık Kontrollü ısıtıcıya monte edilmiş Prinç kap, ve termometre(-6+400 °C)  ile birlikte verilmektedir. 220 V, 50-60 Hz, 1 ph. ";Cleveland Flash Tester. It consists of a brass cup mounted on an electric heater with temperature controller, brass cup, hot plate control system and thermometer. 220 V, 50-60 Hz, 1 ph;0,00;;2025-09-04 15:23:18.739;0,00;900,00;0,00
LT-AS0105/1;Belli Değil;Thermometer, -6 +400 °C, ASTM C11;Thermometer, -6 +400 °C. ASTM C11;0,00;;2025-09-04 15:23:18.740;0,00;0,00;0,00
LT-AS0105/2;Belli Değil;Prinç kap;Brass Cup;0,00;;2025-09-04 15:23:18.741;0,00;0,00;0,00
LT-AS0060;Belli Değil;Saybolt iki-tüplü dijital Viskozimetre Cihazı, 2 numune kapasitelidir. Paslanmaz çelikten imal edilmiştir. 2 adet Saybolt viskozite tüpü (“Furol” ve “Universal”), yağ banyosu, elektrikli ısıtıcı, termometre tutucusu, karışıtırıcı  ve dijital termometre ile birlikte verilmektedir.  220 V, 50-60 Hz, 1 ph;"Saybolt two-tube digital Viscometer, 2 samples capacity. Stainless steel made, the Saybolt viscometer is supplied complete with 2 x interchangeable orifices “Furol” and “Universal”, oil bath, electric heater with digital thermoregulator, key, thermometer support, stirrer, cooling coil, digital thermometer, heat transfer oil and 2 pcs.
saybolt viscosity flasks. 220 V, 50-60 Hz, 1 ph";0,00;11112,00;2025-09-04 15:23:18.742;0,00;1470,00;0,00
LT-AS0060/1;Belli Değil;2 x Furol tüp;2 x Furol orifices;0,00;;2025-09-04 15:23:18.743;0,00;0,00;0,00
LT-AS0060/2;Belli Değil;2 x Universal tüp;2 x Universal orifices;0,00;;2025-09-04 15:23:18.744;0,00;0,00;0,00
LT-AS0060/3;Belli Değil;Saybolt viskozite Şişesi, cam, 60 ml;Saybolt Viscosity Flask, glass, 60 ml;0,00;40,00;2025-09-04 15:23:18.745;0,00;48,00;0,00
LT-AS0060/4;Belli Değil;Isı Transfer Yağı, 5 lt;Heat Transfer Oil, 5 lt;0,00;;2025-09-04 15:23:18.746;0,00;0,00;0,00
LT-G0185;Belli Değil;Dijital Termometre, max. 300 °C;Digital Thermometer, max. 300 °C;0,00;40,00;2025-09-04 15:23:18.747;0,00;21,00;0,00
LT-AS0112;Belli Değil;"Yol Düzgünlük Cihazı; 3 Metre uzunluğundaki bu cihaz beton ve asfalt yolların yüzeylerinin kontrolünde kullanılır. Cihaza monte edilmiş bir boya ile markalama mekanizması avare tekere bağlı bir gösterge ile yüzeyin iniş ve çıkışlarına göre markalama yapılacak şekilde tasarlanmıştır. Cihaza monte edilen 1 km kapasiteli özel ölçeklendirilmiş rulo şeklindeki grafik kağıdıyla birlikte set olarak verilmektedir.";"Travelling Beam Device; The device is supplied as three sub-assemblies which are quickly assembled on site. The Travelling
Beam is supplied fitted with an autographic recorder providing a permanent record of the surface profile. Records up
to 1 km can be recorded on the special chart paper rolls used.";0,00;;2025-09-04 15:23:18.748;0,00;0,00;0,00
LT-AS0113;Belli Değil;"Elektronik Yol Düzgünlük Cihazı; 3 metre uzunluğunda olup beton ve asfalt yolların yüzeylerinin kontrolünde kullanılır. Bir tekerlek algılama ünitesi ve bir gösterge bağlı  mekanizması 4:1 oranında büyütme sağlar. Doğrusal gelen yüzey 2 - 10 mm  ve 5 - 25 mm arası ölçeklendirilmiş  artışlarla sapma  gösterir. Elektronik yol düzlemsellik cihazına monte edilmiş bir boya ile markalama mekanizması avare tekere bağlı bir gösterge ile yüzeyin iniş ve çıkışlarına göre markalama yapılacak biçimde dizayn edilmiştir. Cihaza monte edilen 1 km'lik özel ölçeklendirilmiş rulo seklindeki grafik kâğıdıyla kompledir";"Travelling Beam Device; The device is supplied as three sub-assemblies which are quickly assembled on site. The Travelling
Beam is supplied fitted with an autographic recorder providing a permanent record of the surface profile. Records up
to 1 km can be recorded on the special chart paper rolls used.";0,00;;2025-09-04 15:23:18.749;0,00;5280,00;0,00
LT-AS0102;Belli Değil;"Asfalt Distilasyon Test Seti; Asfaltın damıtılarak geri kullanılması esasına dayanır. Alüminyum hazne ,alev beki,stant,cam mezür,cam bağlayıcılar, iki adet termometre,gaz vanası ve emniyet icin alev kesici birlikte set olarak verilmektedir.";"Asphalt Distillation Test Set. The apparatus consists of: “electric heater with thermoregulator”, distillation flask, condenser tube, adapter, shield, receiver, supports, graduated cylinder,
thermometer ASTM 8C -2 to +400°C.";0,00;2000,00;2025-09-04 15:23:18.750;0,00;1250,00;0,00
LT-AS0102/1;Belli Değil;Yüksek Distilasyon Termometresi, -2 +400°C, ASTM 8C;High Distillation Thermometer, Range-2 +400°C, ASTM 8C;0,00;;2025-09-04 15:23:18.751;0,00;0,00;0,00
LT-AS0111;Belli Değil;"Vibratörlü Tokmak (KANGO ÇEKİCİ ); Proktor ve CBR numunelerini sıkıştırmak amacıyla kullanılmaktadır. Vibratörlü Tokmak, Tokmak Çerçevesi, Küçük Sıkıştırma Başlığı, Ø 102 mm, Geniş Sıkıştırma Başlığı, Ø 146 mm ve Aktarma Mili, 300 mm ile birlikte set olarak verilmektedir. 230 V, 50-60 Hz, 1ph";Vibratory Compactor, Set consists of a Vibrating Hammer, Supporting Frame, Small and Large Tamping Foots and 300 mm Shank. 230 V, 50-60 Hz, 1ph;0,00;17548,84;2025-09-04 15:23:18.752;0,00;2475,00;0,00
LT-AS0111/1;Belli Değil;Vibratörlü Tokmak;Vibrating Hammer;0,00;;2025-09-04 15:23:18.753;0,00;0,00;0,00
LT-AS0111/2;Belli Değil;Tokmak Çerçevesi;Supporting Frame for Vibrating Hammer;0,00;;2025-09-04 15:23:18.754;0,00;0,00;0,00
LT-AS0111/3;Belli Değil;P.R.D. Yarıklı kalıp ve taban plakası ;P.R.D.(Percentage Refusal Density) Split Mould;0,00;;2025-09-04 15:23:18.755;0,00;0,00;0,00
LT-AS0111/4;Belli Değil;Küçük Sıkıştırma Başlığı, Ø 102 mm;Small Tamping Foot, Ø 102 mm;0,00;;2025-09-04 15:23:18.756;0,00;0,00;0,00
LT-AS0111/5;Belli Değil;Geniş Sıkıştırma Başlığı, Ø 146 mm;Large Tamping Foot, Ø 146 mm;0,00;;2025-09-04 15:23:18.757;0,00;0,00;0,00
LT-AS0111/6;Belli Değil;Aktarma Mili, 300 mm;Shank 300 mm Long for Tamping Foot;0,00;;2025-09-04 15:23:18.758;0,00;0,00;0,00
LT-AS0106;Belli Değil;"Bitümlü Malzemelerde Su Miktarı Tayin Seti;
Termoregülatörlü Elektrikli Isıtıcı, Cam Yoğuşturucu,
Cam kap, 10 ml Cam damıtıcı ile birlikte set olarak verilmektedir.";"Water in Bituminous Materials Test Set;
Complete with Electric Heater with Thermo Regulator, Glass Condenser, Glass Receiver and Glass Still, 10 ml.";0,00;650,00;2025-09-04 15:23:18.759;0,00;750,00;0,00
LT-AS0071;Belli Değil;Bitümlü Malzemelerde Su Miktarı Tayin Seti için Termoregülatörlü Elektrikli Isıtıcı;Electric Heater with Thermo Regulator Water in Bituminous Materials Test Set.;0,00;;2025-09-04 15:23:18.760;0,00;444,00;0,00
LT-AS0072;Belli Değil;Bitümlü Malzemelerde Su Miktarı Tayin Seti için Cam Yoğuşturucu, Cam kap, 10 ml Cam damıtıcı;Glass Condenser, Glass Receiver and Glass Still, 10 ml for Water in Bituminous Materials Test Set.;0,00;;2025-09-04 15:23:18.761;0,00;306,00;0,00
LT-M0614;Belli Değil;"Masa Tipi Şişe Döndürme Cihazı, 2 şişeyi yatay şekilde aynı anda döndürmek için tasarlanmıştır.
Şişe Döndürme Cihazı birçok uluslararası standartla ilgili hızlarda, çeşitli boyutlarda şişelerde test yapmak için tasarlanmıştır. Ana Mil Dönüşü 30 dv/dk'ye kadar ayarlanabilmektedir. Çelik Şişeler ve Çelik Şişeler için Şişe hunisi ayrıca sipariş edilmelidir.";"A compact bench unit designed to rotate 2 bottles simultaneously about their longitudinal axis.
The Bottle Roller Apparatus is robustly constructed; designed to accept bottle of various sizes and rotates at speeds relevant to most international standards.Main Shaft Rotation is Adjustable up to 30 rpm.Steel Bottles and Flask funnel for Steel Bottlesshould be ordered separately.";;;2025-09-04 15:23:18.762;;;
LT-M0615/1;Belli Değil;Çelik şişe 600cc;Steel Bottle 600cc;;;2025-09-04 15:23:18.763;;;
LT-M0615/2;Belli Değil;Çelik şişe 2500cc;Steel Bottle  2500cc;;;2025-09-04 15:23:18.764;;;
LT-M0615/3;Belli Değil;Çelik şişe 7000cc;Steel Bottle 7000cc;;;2025-09-04 15:23:18.765;;;
LT-AS0300;Belli Değil;Asfalt Binder Analiz Cihazı, bitümlü sıcak karışımlardaki bitüm içerik yüzdesinin yakma yöntemi ile belirlenmesinde kullanılır. Cihaz ileri teknoloji bir fırının, yanma süresince bitümlü karışımda meydana gelen ağırlık kayıplarını ölçen ağırlık tartım sistemi ile birleştirilmesinden meydana gelmektedir. Deney sonunda bağlayıcı içeriği otomatik olarak hesaplanmaktadır.Güvenlik kapaklı 1 adet Taşıma Tepsisi monte edilmiş 2 adet Numune sepeti, tepsiyi tutmak için bir çatal ve 3 metre metal egzoz borusu ile birlikte verilmektedir. 380 V, 50-60 hZ, 3ph;"ABA Asphalt Binder Analyzer is used to determine the binder content of hot mix asphalt/bituminous mixtures by the method of loss on ignition. The system combines a sophisticated furnace and weighing system to continuously measure the weight loss of a bituminous mixture during combustion and automatically calculates its binder content at the end of the test.
Supplied complete with 2 specimen baskets with a safety cover with a carrying tray mounted, a fork to catch the tray, and 3 meter metal exhaust pipe. 380 V, 50-60 hZ, 3ph";;;2025-09-04 15:23:18.766;;;
LT-AS1510;Belli Değil;"Basınçlı Filtre numunenin bitüm içeriğini belirlemek için kullanılır. Basınçlı Filtre, filtre düzeneği ve basınç göstergesi ile donatılmış çelik bir basınçlı kaptan oluşmaktadır.
Ayak Pompası, Test Eleği, Filtre Kağıdı ve Filtre Doldurma Hunisi ayrıca sipariş edilmelidir.";"Pressure Filter is used for determining the bitumen content. 
 The Pressure Filter consists of a plated steel pressure vessel with a filter support and pressure gauge. Foot Pump, Test Sieve, Filter Paper and Filter Filler Funnel should be ordered separately.";;;2025-09-04 15:23:18.767;;;
LT-AS1520;Belli Değil;Bitüm Dağıtımı için Püskürtme Testinin Enine Dağıtım Test Ekipmanı, BS 1707'ye göre püskürtülmüş bağlayıcının dağılımının enine düzgünlüğünü belirlemek için kullanılmaktadır. 50 adet konteynerı taşıyabilen, tekerlekli bir arabadan oluşmaktadır. Konteynerler set içerisinde verilmektedir.Araba ve konteynerler, püskürtme başlığının altına itilmektedir. Tüm kaplar dolduktan sonra, araba çekilir ve her kaptaki bağlayıcı derinliği ölçülür, böylece doğru derinlik elde edilmiş olur. Sonuçlar, etkin genişlik üzerindeki tüm 50 mm'lik birimler için ortalamadan sapma yüzdesi olarak ifade edilir.Yükseklik tepsisiz 200 mm ve tepsili 300 mm'dir (tekerlekler dahil).;Depot Tray Test Set is used to determine the transverse uniformity of distribution of sprayed binder to BS 1707. Consisting of a wheeled trolley with a holding device for accepting a set of 50 containers. Containers are included. The trolley and containers are pushed underneath the spray hood of the distributor, which is backed over a catch pit for the test. Once the containers are almost full, the trolley is withdrawn and the depth of binder in each container is measured, ensuring that the correct depth (not obscured by froth on the surface of the liquid) is obtained.Results are expressed as a percentage deviation from the mean for all the 50mm units over the effective width. Height is 200mm without trays and 300mm with trays (including wheels).;;;2025-09-04 15:23:18.768;;;
LT-AS0120;Belli Değil;"Asfalt Düzlemsellik Ölçer, kaplama yüzeyinin düzensizlik ölçümü için kullanılmaktadır.
Eloksallı alüminyum alaşımlı olarak üretilen bu cihaz, yol döşemesi, zeminler, beton kaldırımların düzensizliklerini ölçmek için kullanılmaktadır. Uzunluğu 3 m'dir.
İki adet Ölçekli Kama ile birlikte verilmektedir.
Ahşap Taşıma Çantası ayrıca sipariş edilmelidir.";"MOT Straightedge is used for irregularity measurement of pavement surface. Manufactured from anodized aluminium alloy, it is utilized to measure irregularities of road pavement, floors, concrete pavement. Length is 3 m. Supplied with two steel wedges.
Wooden carrying case should be ordered separately.";;;2025-09-04 15:23:18.769;;;
LT-AS0900;Belli Değil;Benkelman Beam Kiriş Aparatı, alüminyum alaşımlıdır. Komparatör saati ve aksesuarları ile birlikte verilmektedir. Araç tekerlekleri tarafından yük uygulandığında yol yüzeyinin düzensizliğini ölçmek için kullanılmaktadır.;Benkelman Beam Device, aluminum alloy made, complete with dial indicator and accessories, it is utilized to measure the deflection of the road surface when loaded by the wheels of vehicles.;;;2025-09-04 15:23:18.770;;;
LT-C0200;Belli Değil;"2000 kN Otomatik Beton Test Presi; EN, Yükleme Gövdesi, Otomatik Hidrolik Güç Ünitesi, Dijital veri okuma & kontrol sistemi, Yazılım,  Ø 200x50mm, Ø 200x70 mm ve Ø 200x80 mm Ara Mesafe Parçaları, Oynarbaşlık sistemli Üst Plaka,  Ø300 mm, Alt Plaka Ø300 mm ile birlikte set olarak verilmektedir. 220 V, 50-60 Hz, 1 ph
***Bilgisayar ayrıca sipariş verilecektir.";"2000 kN Automatic Concrete Compression Testing Machine; EN, consist of Load Frame, Automatic Hydraulic Power Pack, Digital data acquisition & control system, Software, Distance Pieces, Ø 200x50 mm, Ø 200x70 mm and Ø 200x80 mm, Upper Platen (with ball seating assembly) Ø300 mm, Lower Platen Ø300 mm, Loading Cylinder Assembly & Limit Switch for safety, Front and Rear Protective Doors for safety. 220 V, 50-60 Hz, 1 ph
***Computer should be ordered separately.";0,00;134072,50;2025-09-04 15:23:18.771;0,00;8100,00;0,00
LT-C0210;Belli Değil;"2000 kN Otomatik Beton Test Presi; ASTM, Yükleme Gövdesi, Otomatik Hidrolik Güç Ünitesi, Dijital veri okuma & kontrol sistemi, Yazılım,  Ø 165x25 mm, Ø 165x50 mm ve Ø 165x80 mm Ara Mesafe Parçaları, Oynarbaşlık sistemli Üst Plaka,  Ø165 mm, Alt Plaka Ø165 mm ile birlikte set olarak verilmektedir. 220 V, 50-60 Hz, 1 ph
***Bilgisayar opsiyoneldir. Laboratuvarınızda bulunan bir Bilgisayar ile birlikte kullanılabilmektedir. ";"2000 kN Automatic Concrete Compression Testing Machine; ASTM, consist of Load Frame, Automatic Hydraulic Power Pack, Digital data acquisition & control system, Software, Distance Pieces, Ø 165x25 mm, Ø 165x50 mm and Ø 165x80 mm, Upper Platen (with ball seating assembly) Ø165 mm, Lower Platen Ø165 mm, Loading Cylinder Assembly & Limit Switch for safety, Front and Rear Protective Doors for safety. 220 V, 50-60 Hz, 1 ph
***Computer should be ordered separately.";0,00;134072,50;2025-09-04 15:23:18.772;0,00;7600,00;0,00
LT-C0300;Belli Değil;"3000 kN Otomatik Beton Test Presi; EN, Yükleme Gövdesi, Otomatik Hidrolik Güç Ünitesi, Dijital veri okuma & kontrol sistemi, Yazılım,  Ø 200x50 mm, Ø 200x70 mm ve Ø 200x80 mm Ara Mesafe Parçaları, Oynarbaşlık sistemli Üst Plaka,  Ø300 mm, Alt Plaka Ø300 mm ile birlikte set olarak verilmektedir. 220 V, 50-60 Hz, 1 ph
***Bilgisayar opsiyoneldir. Laboratuvarınızda bulunan bir Bilgisayar ile birlikte kullanılabilmektedir. ";"3000 kN Automatic Concrete Compression Testing Machine; EN, consist of Load Frame, Automatic Hydraulic Power Pack, Digital data acquisition & control system, Software, Distance Pieces, Ø 205x25 mm, Ø 205x50 mm and Ø 205x80 mm, Upper Platen (with ball seating assembly) Ø300 mm, Lower Platen Ø300 mm, Loading Cylinder Assembly & Limit Switch for safety, Front and Rear Protective Doors for safety. 220 V, 50-60 Hz, 1 ph
***Computer should be ordered separately.";0,00;157288,50;2025-09-04 15:23:18.773;0,00;9100,00;0,00
LT-C0310;Belli Değil;"3000 kN Otomatik Beton Test Presi; ASTM, Yükleme Gövdesi, Otomatik Hidrolik Güç Ünitesi, Dijital veri okuma & kontrol sistemi, Yazılım,  Ø 165x25 mm, Ø 165x50 mm ve Ø 165x80 mm Ara Mesafe Parçaları, Oynarbaşlık sistemli Üst Plaka,  Ø165 mm, Alt Plaka Ø165 mm ile birlikte set olarak verilmektedir. 220 V, 50-60 Hz, 1 ph
***Bilgisayar opsiyoneldir. Laboratuvarınızda bulunan bir Bilgisayar ile birlikte kullanılabilmektedir. ";"3000 kN Automatic Concrete Compression Testing Machine; ASTM, consist of Load Frame, Automatic Hydraulic Power Pack, Digital data acquisition & control system, Software, Distance Pieces, Ø 165x25 mm, Ø 165x50 mm and Ø 165x80 mm, Upper Platen (with ball seating assembly) Ø165 mm, Lower Platen Ø165 mm, Loading Cylinder Assembly & Limit Switch for safety, Front and Rear Protective Doors for safety. 220 V, 50-60 Hz, 1 ph
***Computer should be ordered separately.";0,00;133494,00;2025-09-04 15:23:18.774;0,00;8600,00;0,00
LT-C0250;Belli Değil;"2000 kN 4 Kolonlu Otomatik Beton Test Presi; EN, Yükleme Gövdesi, Otomatik Hidrolik Güç Ünitesi, Dijital veri okuma & kontrol sistemi, Yazılım,  Ø 200x50mm, Ø 200x70 mm ve Ø 200x80 mm Ara Mesafe Parçaları, Oynarbaşlık sistemli Üst Plaka,  Ø300 mm, Alt Plaka Ø300 mm ile birlikte set olarak verilmektedir. 220 V, 50-60 Hz, 1 ph
***Bilgisayar opsiyoneldir. Laboratuvarınızda bulunan 32 bit işletim sistemli bir Bilgisayar ile birlikte kullanılabilmektedir. ";"2000 kN Four Column Automatic Concrete Compression Testing Machine; EN, consist of Load Frame, Automatic Hydraulic Power Pack, Digital data acquisition & control system, Software, Distance Pieces, Ø 205x25 mm, Ø 205x50 mm and Ø 205x80 mm, Upper Platen (with ball seating assembly) Ø300 mm, Lower Platen Ø300 mm, Loading Cylinder Assembly & Limit Switch for safety, Front and Rear Protective Doors for safety. 220 V, 50-60 Hz, 1 ph
***Computer should be ordered separately.";0,00;162198,50;2025-09-04 15:23:18.775;0,00;8200,00;0,00
LT-C0350;Belli Değil;"3000 kN 4 Kolonlu Otomatik Beton Test Presi; EN, Yükleme Gövdesi, Otomatik Hidrolik Güç Ünitesi, Dijital veri okuma & kontrol sistemi, Yazılım,  Ø 200x50 mm, Ø 200x70 mm ve Ø 205x80 mm Ara Mesafe Parçaları, Oynarbaşlık sistemli Üst Plaka,  Ø300 mm, Alt Plaka Ø300 mm ile birlikte set olarak verilmektedir. 220 V, 50-60 Hz, 1 ph
***Bilgisayar opsiyoneldir. Laboratuvarınızda bulunan  bir Bilgisayar ile birlikte kullanılabilmektedir. ";"3000 kN Four Column Automatic Concrete Compression Testing Machine; EN, consist of Load Frame, Automatic Hydraulic Power Pack, Digital data acquisition & control system, Software, Distance Pieces, Ø 205x25 mm, Ø 205x50 mm and Ø 205x80 mm, Upper Platen (with ball seating assembly) Ø300 mm, Lower Platen Ø300 mm, Loading Cylinder Assembly & Limit Switch for safety, Front and Rear Protective Doors for safety. 220 V, 50-60 Hz, 1 ph
***Computer should be ordered separately.";0,00;154551,20;2025-09-04 15:23:18.776;0,00;9350,00;0,00
LT-C0450;Belli Değil;"4000 kN 4 Kolonlu Otomatik Beton Test Presi; EN, Yükleme Gövdesi, Otomatik Hidrolik Güç Ünitesi, Dijital veri okuma & kontrol sistemi, Yazılım,  Ø 200x50 mm, Ø 200x70 mm ve Ø 205x80 mm Ara Mesafe Parçaları, Oynarbaşlık sistemli Üst Plaka,  Ø300 mm, Alt Plaka Ø300 mm ile birlikte set olarak verilmektedir. 220 V, 50-60 Hz, 1 ph
***Bilgisayar opsiyoneldir. Laboratuvarınızda bulunanbir Bilgisayar ile birlikte kullanılabilmektedir. ";"4000 kN Four Column Automatic Concrete Compression Testing Machine; EN, consist of Load Frame, Automatic Hydraulic Power Pack, Digital data acquisition & control system, Software, Distance Pieces, Ø 205x25 mm, Ø 205x50 mm and Ø 205x80 mm, Upper Platen (with ball seating assembly) Ø300 mm, Lower Platen Ø300 mm, Loading Cylinder Assembly & Limit Switch for safety, Front and Rear Protective Doors for safety. 220 V, 50-60 Hz, 1 ph
***Computer should be ordered separately.";0,00;;2025-09-04 15:23:18.777;0,00;11900,00;0,00
LT-C0550;Belli Değil;"5000 kN 4 Kolonlu Otomatik Beton Test Presi; EN, Yükleme Gövdesi, Otomatik Hidrolik Güç Ünitesi, Dijital veri okuma & kontrol sistemi, Yazılım,  Ø 200x50 mm, Ø 200x70 mm ve Ø 205x80 mm Ara Mesafe Parçaları, Oynarbaşlık sistemli Üst Plaka,  Ø300 mm, Alt Plaka Ø300 mm ile birlikte set olarak verilmektedir. 220 V, 50-60 Hz, 1 ph
***Bilgisayar opsiyoneldir. Laboratuvarınızda bulunanbir Bilgisayar ile birlikte kullanılabilmektedir. ";"5000 kN Four Column Automatic Concrete Compression Testing Machine; EN, consist of Load Frame, Automatic Hydraulic Power Pack, Digital data acquisition & control system, Software, Distance Pieces, Ø 205x25 mm, Ø 205x50 mm and Ø 205x80 mm, Upper Platen (with ball seating assembly) Ø300 mm, Lower Platen Ø300 mm, Loading Cylinder Assembly & Limit Switch for safety, Front and Rear Protective Doors for safety. 220 V, 50-60 Hz, 1 ph
***Computer should be ordered separately.";0,00;;2025-09-04 15:23:18.778;0,00;14600,00;0,00
LT-C1200;Belli Değil;"2000 kN Otomatik Bims-Beton Blok Test Presi; Yükleme Gövdesi, Otomatik Hidrolik Güç Ünitesi, Dijital veri okuma & kontrol sistemi, Yazılım,  Ø 200x50 mm ve Ø 200x70 mm Ara Mesafe Parçaları, Oynarbaşlık sistemli Üst Plaka,  510x310x50 mm, Alt Plaka 510x310x50 mm, ile birlikte set olarak verilmektedir. 
220 V, 50-60 Hz, 1 ph
***Bilgisayar opsiyoneldir. Laboratuvarınızda bulunanbir Bilgisayar ile birlikte kullanılabilmektedir. ";"2000 kN Automatic Pumice Concrete-Brick-Concrete Block Compression Testing Machine, consist of Load Frame, Automatic Hydraulic Power Pack, Digital data acquisition & control system, Software, Distance Pieces, Ø 205x25 mm and Ø 205x50 mm, Upper Platen (with ball seating assembly) 510x310x50 mm, Lower Platen 510x310x50 mm, Loading Cylinder Assembly & Limit Switch for safety, Front and Rear Protective Doors for safety. 
220 V, 50-60 Hz, 1 ph
***Computer should be ordered separately.";0,00;16000,00;2025-09-04 15:23:18.779;0,00;7700,00;0,00
"LT-C0200 + 
LT-C0601/1";Belli Değil;"2000 kN Otomatik Beton Test Gövdesi + 200 kN kapasiteli Eğilme Testi için U Tipi Yükleme gövdesi, Otomatik Hidrolik Güç Ünitesi, Dijital veri okuma & kontrol sistemi ve Yazılım ile birlikte verilmektedir.   Ø 200x50 mm, Ø 200x70 mm ve Ø 200x80 mm Ara Mesafe Parçaları, Oynarbaşlık sistemli Üst Plaka,  Ø300 mm, Alt Plaka Ø300 mm ile birlikte  verilmektedir. 
Eğilme Gövdesinde Uygun aparat kullanılarak, Kiriş, Bordür, Parke, Yağmur Oluğu v.b Eğilme dayanımı testleri, Üç ve Dört nokta testleri yapılabilmektedir. Deney aparatları ayrıca sipariş edilmelidir.  
 220 V, 50-60 Hz, 1 ph
***Bilgisayar opsiyoneldir. Laboratuvarınızda bulunanbir Bilgisayar ile birlikte kullanılabilmektedir.  ";"2000 kN Automatic Concrete Compression Testing Frame + 200 kN capacity Flexural Load Frame, U Type, Automatic Hydraulic Power Pack, Digital data acquisition & control system and  Software.  Distance Pieces, Ø 205x25 mm, Ø 205x50 mm and Ø 205x80 mm, Upper Platen (with ball seating assembly) Ø300 mm, Lower Platen Ø300 mm, Loading Cylinder Assembly & Limit Switch for safety, Front and Rear Protective Doors for safety. 
Beam, Kerb and Parquet strenght tests and three and four point tests can be done with suitable apparatus on Flexural Frame. The apparatus should be ordered separately220 V, 50-60 Hz, 1 ph
***Computer should be ordered separately.";0,00;19250,00;2025-09-04 15:23:18.780;0,00;10280,00;0,00
LT-C0200/1;Belli Değil;"2000 kN kapasiteli Beton Testi EN Yükleme gövdesi.
Ø 200x50 mm, Ø 200x70 mm ve Ø 200x80 mm Ara Mesafe Parçaları, Oynarbaşlık sistemli Üst Plaka,  Ø300 mm, Alt Plaka Ø300 mm ile birlikte set olarak verilmektedir.";"2000 kN capacity Concrete Compression Load Frame, EN, 
Complete with Distance Pieces, Ø 205x25 mm, Ø 205x50 mm and Ø 205x80 mm, Upper Platen (with ball seating assembly) Ø300 mm, Lower Platen Ø300 mm, Loading Cylinder Assembly & Limit Switch for safety, Front and Rear Protective Doors for safety.";0,00;78461,00;2025-09-04 15:23:18.781;0,00;3510,00;0,00
LT-C0210/1;Belli Değil;"2000 kN kapasiteli Beton Testi ASTM Yükleme gövdesi.
Ø 165x25 mm, Ø 165x50 mm ve Ø 165x80 mm Ara Mesafe Parçaları, Oynarbaşlık sistemli Üst Plaka,  Ø165 mm, Alt Plaka Ø165 mm ile birlikte set olarak verilmektedir. ";"2000 kN capacity Concrete Compression Load Frame, ASTM, 
Complete with Distance Pieces, Ø 165x25 mm, Ø 165x50 mm and Ø 165x80 mm, Upper Platen (with ball seating assembly) Ø165 mm, Lower Platen Ø165 mm, Loading Cylinder Assembly & Limit Switch for safety, Front and Rear Protective Doors for safety.";0,00;7690,00;2025-09-04 15:23:18.782;0,00;3400,00;0,00
LT-C0300/1;Belli Değil;"3000 kN kapasiteli Beton Testi EN Yükleme gövdesi.
 Ø 200x50mm, Ø 200x70 mm ve Ø 200x80 mm Ara Mesafe Parçaları, Oynarbaşlık sistemli Üst Plaka,  Ø300 mm, Alt Plaka Ø300 mm ile birlikte set olarak verilmektedir.";"3000 kN capacity Concrete Compression Load Frame, EN, 
Complete with Distance Pieces, Ø 205x25 mm, Ø 205x50 mm and Ø 205x80 mm, Upper Platen (with ball seating assembly) Ø300 mm, Lower Platen Ø300 mm, Loading Cylinder Assembly & Limit Switch for safety, Front and Rear Protective Doors for safety.";0,00;102636,00;2025-09-04 15:23:18.783;0,00;5490,00;0,00
LT-C0310/1;Belli Değil;"3000 kN kapasiteli Beton Testi ASTM Yükleme gövdesi.
Ø 165x25 mm, Ø 165x50 mm ve Ø 165x80 mm Ara Mesafe Parçaları, Oynarbaşlık sistemli Üst Plaka,  Ø165 mm, Alt Plaka Ø165 mm ile birlikte set olarak verilmektedir. ";"3000 kN capacity Concrete Compression Load Frame, ASTM, 
Complete with Distance Pieces, Ø 165x25 mm, Ø 165x50 mm and Ø 165x80 mm, Upper Platen (with ball seating assembly) Ø165 mm, Lower Platen Ø165 mm, Loading Cylinder Assembly & Limit Switch for safety, Front and Rear Protective Doors for safety.";0,00;10275,00;2025-09-04 15:23:18.784;0,00;5300,00;0,00
LT-C0250/1;Belli Değil;"2000 kN kapasiteli Beton Testi EN 4 Kolonlu Yükleme gövdesi.
Ø 200x50 mm, Ø 200x70 mm ve Ø 200x80 mm Ara Mesafe Parçaları, Oynarbaşlık sistemli Üst Plaka,  Ø300 mm, Alt Plaka Ø300 mm ile birlikte set olarak verilmektedir.";2000 kN capacity Concrete Compression Four Column Load Frame, EN, Complete with Distance Pieces, Ø 205x25 mm, Ø 205x50 mm and Ø 205x80 mm, Upper Platen (with ball seating assembly) Ø300 mm, Lower Platen Ø300 mm, Loading Cylinder Assembly & Limit Switch for safety, Front and Rear Protective Doors for safety.;0,00;162198,50;2025-09-04 15:23:18.785;0,00;4750,00;0,00
LT-C0350/1;Belli Değil;"3000 kN kapasiteli Beton Testi EN 4 Kolonlu Yükleme gövdesi.
Ø 200x50 mm, Ø 200x70 mm ve Ø 200x80 mm Ara Mesafe Parçaları, Oynarbaşlık sistemli Üst Plaka,  Ø300 mm, Alt Plaka Ø300 mm ile birlikte set olarak verilmektedir.";3000 kN capacity Concrete Compression Four Column Load Frame, EN, Complete with Distance Pieces, Ø 205x25 mm, Ø 205x50 mm and Ø 205x80 mm, Upper Platen (with ball seating assembly) Ø300 mm, Lower Platen Ø300 mm, Loading Cylinder Assembly & Limit Switch for safety, Front and Rear Protective Doors for safety.;0,00;133416,00;2025-09-04 15:23:18.786;0,00;6030,00;0,00
LT-C0450/1;Belli Değil;"4000 kN kapasiteli Beton Testi EN 4 Kolonlu Yükleme gövdesi.
Ø 205x50 mm, Ø 205x70 mm ve Ø 205x80 mm Ara Mesafe Parçaları, Oynarbaşlık sistemli Üst Plaka,  Ø300 mm, Alt Plaka Ø300 mm ile birlikte set olarak verilmektedir.";4000 kN capacity Concrete Compression Four Column Load Frame, EN, Complete with Distance Pieces, Ø 205x25 mm, Ø 205x50 mm and Ø 205x80 mm, Upper Platen (with ball seating assembly) Ø300 mm, Lower Platen Ø300 mm, Loading Cylinder Assembly & Limit Switch for safety, Front and Rear Protective Doors for safety.;0,00;185716,00;2025-09-04 15:23:18.787;0,00;8920,00;0,00
LT-C0550/1;Belli Değil;"5000 kN kapasiteli Beton Testi EN 4 Kolonlu Yükleme gövdesi.
Ø 205x50 mm, Ø 205x70 mm ve Ø 205x80 mm Ara Mesafe Parçaları, Oynarbaşlık sistemli Üst Plaka,  Ø300 mm, Alt Plaka Ø300 mm ile birlikte set olarak verilmektedir.";5000 kN capacity Concrete Compression Four Column Load Frame, EN, Complete with Distance Pieces, Ø 205x25 mm, Ø 205x50 mm and Ø 205x80 mm, Upper Platen (with ball seating assembly) Ø300 mm, Lower Platen Ø300 mm, Loading Cylinder Assembly & Limit Switch for safety, Front and Rear Protective Doors for safety.;0,00;216306,00;2025-09-04 15:23:18.788;0,00;12168,00;0,00
LT-C1200/1;Belli Değil;"1200 kN Otomatik Bims-Beton Blok Test Yükleme Gövdesi, 
Ø 200x50 mm ve Ø 200x70 mm Ara Mesafe Parçaları, Oynarbaşlık sistemli Üst Plaka,  510x310x50 mm, Alt Plaka 510x310x50 mm, ile birlikte set olarak verilmektedir. ";"1200 kN Automatic Pumice Concrete-Brick-Concrete Block Compression Testing Machine, consist of Load Frame, Automatic Hydraulic Power Pack, Digital data acquisition & control system, Software, Distance Pieces, Ø 205x25 mm and Ø 205x50 mm, Upper Platen (with ball seating assembly) 510x310x50 mm, Lower Platen 510x310x50 mm, Loading Cylinder Assembly & Limit Switch for safety, Front and Rear Protective Doors for safety. 
220 V, 50-60 Hz, 1 ph
***Computer should be ordered separately.";0,00;9190,00;2025-09-04 15:23:18.789;0,00;3400,00;0,00
LT-C0214;Belli Değil;"Hareketli Blok Test Plakaları.
Beton Test Presinde Bims testleri yapmak için üretilmiştir.";Block Platens with sliding rail assembly.;0,00;1500,00;2025-09-04 15:23:18.790;0,00;1800,00;0,00
LT-C0215;Belli Değil;"Oynarbaşlıklı Üst Yükleme Plakası ve Alt Yükleme Plakası. 
ASTM C39. Ø 105 mm, Ø 2"" , 3"" , 4"" silindir numuneler için. ";"Upper Loading Platen (with ball seating assembly) and Lower Loading Platen. ASTM C39. Ø 105 mm, Ø 2"" , 3"" , 4"" cylindrical samples. ";0,00;;2025-09-04 15:23:18.791;0,00;0,00;0,00
LT-C0216;Belli Değil;"Oynarbaşlıklı Üst Yükleme Plakası ve Alt Yükleme Plakası. 
ASTM C39. Ø 165 mm, Ø 4"", 6"" silindir ve 100 mm küp numuneler için. ";"Upper Loading Platen (with ball seating assembly) and Lower Loading Platen. ASTM C39. Ø 165 mm, Ø 4"", 6"" cylindrical and 100 mm cube samples. ";0,00;750,00;2025-09-04 15:23:18.792;0,00;0,00;0,00
LT-C0217;Belli Değil;"Oynarbaşlıklı Üst Yükleme Plakası ve Alt Yükleme Plakası. 
EN 12390-4, ASTM C39. Ø 216 mm, Ø 6"" silindir, 100 ve 150 mm küp  numuneler için. ";"Upper Loading Platen (with ball seating assembly) and Lower Loading Platen. EN 12390-4, ASTM C39. Ø 216 mm, Ø 6"" cylindrical, 100 and 150 mm cube samples. ";0,00;1000,00;2025-09-04 15:23:18.793;0,00;0,00;0,00
LT-C0218;Belli Değil;"Oynarbaşlıklı Üst Yükleme Plakası ve Alt Yükleme Plakası. 
EN 12390-4. Ø 300 mm, Ø 100, 150, 160 silindir ve 100, 150, 200 mm küp numuneler için. ";Upper Loading Platen (with ball seating assembly) and Lower Loading Platen. EN 12390-4. Ø 300 mm, Ø 100, 150, 160 cylindrical and 100, 150, 200 mm cube samples. ;0,00;1200,00;2025-09-04 15:23:18.794;0,00;0,00;0,00
LT-C0219;Belli Değil;"Oynarbaşlıklı Üst Yükleme Plakası ve Alt Yükleme Plakası. 
EN 772-1. 31x51x5 cm, 31x51 cm bloklar için. ";Upper Loading Platen (with ball seating assembly) and Lower Loading Platen. EN 772-1. 31x51x5 cm, 31x51 cm blocks.;0,00;2200,00;2025-09-04 15:23:18.795;0,00;0,00;0,00
LT-C0225;Belli Değil;"Otomatik Hidrolik Güç Ünitesi ve 7 "" TFT Dokunmatik Dijital Grafik Ekranlı Okuma Sistemi bulunmaktadır. Bilgisayar Yazılım ücretsiz olarak sistem ile birlikte verilmektedir.
Çok nokta kalibrasyon imkanı bulunur. Maksimum kapasitesi 410 Bardır. 220V, 50-60Hz, 1ph
***Bilgisayar opsiyoneldir. Laboratuvarınızda bulunan  bir Bilgisayar ile birlikte kullanılabilmektedir.";"Hydraulic Power Pack and Digital Data Acquisition & Control System. Complete with Software. 220 V, 50-60 Hz, 1 ph.
***Computer should be ordered separately.";0,00;6500,00;2025-09-04 15:23:18.796;0,00;38100,00;0,00
LT-C0226;Belli Değil;"Otomatik Hidrolik Güç Ünitesi.
220V, 50-60Hz, 1ph";Hydraulic Power Pack;0,00;4500,00;2025-09-04 15:23:18.797;0,00;2300,00;0,00
LT-C0227;Belli Değil;Dijital Grafik Ekranlı Okuma Sistemi. Yazılım ücretsiz olarak sistem ile birlikte verilmektedir.;Digital Data Acquisition & Control System;0,00;2000,00;2025-09-04 15:23:18.798;0,00;2510,00;0,00
LT-C0228;Belli Değil;Yüksek Hassasiyetli Basınç Transduseri;High Precision Pressure Transducer;0,00;1225,00;2025-09-04 15:23:18.799;0,00;210,00;0,00
LT-C0229;Belli Değil;Yazılım;Software;0,00;;2025-09-04 15:23:18.800;0,00;60,00;0,00
LT-C0235;Belli Değil;Ara Mesafe Parçası, Ø 200 x 25 mm;Distance Pieces, Ø 200 x 25 mm;0,00;0,00;2025-09-04 15:23:18.801;0,00;72,00;0,00
LT-C0236;Belli Değil;Ara Mesafe Parçası, Ø 200 x 50 mm;Distance Pieces, Ø 200  x 50 mm;0,00;110,00;2025-09-04 15:23:18.802;0,00;84,00;0,00
LT-C0237;Belli Değil;Ara Mesafe Parçası, Ø 200 x 80 mm;Distance Pieces, Ø 200  x 80 mm;0,00;160,00;2025-09-04 15:23:18.803;0,00;96,00;0,00
LT-C0238;Belli Değil;Ara Mesafe Parçası, Ø 200 x 70 mm;Distance Pieces, Ø 200  x 30 mm;0,00;145,00;2025-09-04 15:23:18.804;0,00;66,00;0,00
LT-C0239;Belli Değil;Ara Mesafe Parçası, Ø 165 x 25 mm;Distance Pieces, Ø 165 x 25 mm;0,00;65,00;2025-09-04 15:23:18.805;0,00;60,00;0,00
LT-C0240;Belli Değil;Ara Mesafe Parçası, Ø 165 x 50 mm;Distance Pieces, Ø 165 x 50 mm;0,00;105,00;2025-09-04 15:23:18.806;0,00;72,00;0,00
LT-C0241;Belli Değil;Ara Mesafe Parçası, Ø 165 x 80 mm;Distance Pieces, Ø 165 x 80 mm;0,00;140,00;2025-09-04 15:23:18.807;0,00;84,00;0,00
LT-C0242;Belli Değil;Ara Mesafe Parçası, Ø 165 x 70 mm;Distance Pieces, Ø 165 x 30 mm;0,00;130,00;2025-09-04 15:23:18.808;0,00;54,00;0,00
LT-G0800;Belli Değil;Bilgisayar ve Yazıcı;Computer & Printer;0,00;3300,00;2025-09-04 15:23:18.809;0,00;1170,00;0,00
LT-C0255;Belli Değil;"1500 kN Yarı Otomatik Beton Test Presi; EN, Yükleme Gövdesi, Yarı Otomatik Hidrolik Güç Ünitesi, LPI Dijital veri okuma sistemi,  
Ø 205x50 mm, Ø 205x70 mm ve Ø 205x80 mm Ara Mesafe Parçaları, Oynarbaşlık sistemli Üst Plaka,  Ø300 mm, Alt Plaka Ø300 mm ile birlikte set olarak verilmektedir. 220 V, 50-60 Hz, 1 ph";"1500 kN Semi-Automatic Concrete Compression Testing Machine; EN, consist of Load Frame, Semi-Automatic Hydraulic Power Pack, LPI Battery Operated Digital Readout Unit, Distance Pieces, Ø 205x25 mm, Ø 205x50 mm and Ø 205x80 mm, Upper Platen (with ball seating assembly) Ø300 mm, Lower Platen Ø300 mm, Loading Cylinder Assembly & Limit Switch for safety, Front and Rear Protective Doors for safety. 220 V, 50-60 Hz, 1 ph";0,00;;2025-09-04 15:23:18.810;0,00;6750,00;0,00
LT-C0260;Belli Değil;"1500 kN Yarı Otomatik Beton Test Presi; ASTM, Yükleme Gövdesi, Yarı Otomatik Hidrolik Güç Ünitesi, LPI Dijital veri okuma sistemi,   Ø 165x25 mm, Ø 165x50 mm ve Ø 165x80 mm Ara Mesafe Parçaları, Oynarbaşlık sistemli Üst Plaka,  Ø165 mm, Alt Plaka Ø165 mm ile birlikte set olarak verilmektedir. 220 V, 50-60 Hz, 1 ph";"1500 kN Semi-Automatic Concrete Compression Testing Machine; ASTM, consist of Load Frame, Semi-Automatic Hydraulic Power Pack, LPI Battery Operated Digital Readout Unit, Distance Pieces, Ø 205x25 mm, Ø 205x50 mm and Ø 205x80 mm, Upper Platen (with ball seating assembly) Ø165 mm, Lower Platen Ø165 mm, Loading Cylinder Assembly & Limit Switch for safety, Front and Rear Protective Doors for safety. 220 V, 50-60 Hz, 1 ph";0,00;;2025-09-04 15:23:18.811;0,00;6890,00;0,00
LT-C0265;Belli Değil;"2000 kN Yarı Otomatik Beton Test Presi; EN, Yükleme Gövdesi, Yarı Otomatik Hidrolik Güç Ünitesi, LPI Dijital veri okuma sistemi,  
Ø 205x50 mm, Ø 205x70 mm ve Ø 205x80 mm Ara Mesafe Parçaları, Oynarbaşlık sistemli Üst Plaka,  Ø300 mm, Alt Plaka Ø300 mm ile birlikte set olarak verilmektedir. 220 V, 50-60 Hz, 1 ph";"2000 kN Semi-Automatic Concrete Compression Testing Machine; EN, consist of Load Frame, Semi-Automatic Hydraulic Power Pack, LPI Battery Operated Digital Readout Unit, Distance Pieces, Ø 205x25 mm, Ø 205x50 mm and Ø 205x80 mm, Upper Platen (with ball seating assembly) Ø300 mm, Lower Platen Ø300 mm, Loading Cylinder Assembly & Limit Switch for safety, Front and Rear Protective Doors for safety. 220 V, 50-60 Hz, 1 ph";0,00;;2025-09-04 15:23:18.812;0,00;6750,00;0,00
LT-C0275;Belli Değil;"2000 kN Yarı Otomatik Beton Test Presi; ASTM, Yükleme Gövdesi, Yarı Otomatik Hidrolik Güç Ünitesi, LPI Dijital veri okuma sistemi,   Ø 165x25 mm, Ø 165x50 mm ve Ø 165x80 mm Ara Mesafe Parçaları, Oynarbaşlık sistemli Üst Plaka,  Ø165 mm, Alt Plaka Ø165 mm ile birlikte set olarak verilmektedir. 220 V, 50-60 Hz, 1 ph";"2000 kN Semi-Automatic Concrete Compression Testing Machine; ASTM, consist of Load Frame, Semi-Automatic Hydraulic Power Pack, LPI Battery Operated Digital Readout Unit, Distance Pieces, Ø 205x25 mm, Ø 205x50 mm and Ø 205x80 mm, Upper Platen (with ball seating assembly) Ø165 mm, Lower Platen Ø165 mm, Loading Cylinder Assembly & Limit Switch for safety, Front and Rear Protective Doors for safety. 220 V, 50-60 Hz, 1 ph";0,00;;2025-09-04 15:23:18.813;0,00;6890,00;0,00
LT-C0365;Belli Değil;"3000 kN Yarı Otomatik Beton Test Presi; EN, Yükleme Gövdesi, Yarı Otomatik Hidrolik Güç Ünitesi, LPI Dijital veri okuma sistemi,  
Ø 205x50 mm, Ø 205x70 mm ve Ø 205x80 mm Ara Mesafe Parçaları, Oynarbaşlık sistemli Üst Plaka,  Ø300 mm, Alt Plaka Ø300 mm ile birlikte set olarak verilmektedir. 220 V, 50-60 Hz, 1 ph";"3000 kN Semi-Automatic Concrete Compression Testing Machine; EN, consist of Load Frame, Semi-Automatic Hydraulic Power Pack, LPI Battery Operated Digital Readout Unit, Distance Pieces, Ø 205x25 mm, Ø 205x50 mm and Ø 205x80 mm, Upper Platen (with ball seating assembly) Ø300 mm, Lower Platen Ø300 mm, Loading Cylinder Assembly & Limit Switch for safety, Front and Rear Protective Doors for safety. 220 V, 50-60 Hz, 1 ph";0,00;;2025-09-04 15:23:18.814;0,00;6590,00;0,00
LT-C0375;Belli Değil;"3000 kN Yarı Otomatik Beton Test Presi; ASTM, Yükleme Gövdesi, Yarı Otomatik Hidrolik Güç Ünitesi, LPI Dijital veri okuma sistemi,   Ø 165x25 mm, Ø 165x50 mm ve Ø 165x80 mm Ara Mesafe Parçaları, Oynarbaşlık sistemli Üst Plaka,  Ø165 mm, Alt Plaka Ø165 mm ile birlikte set olarak verilmektedir. 220 V, 50-60 Hz, 1 ph";"3000 kN Semi-Automatic Concrete Compression Testing Machine; ASTM, consist of Load Frame, Semi-Automatic Hydraulic Power Pack, LPI Battery Operated Digital Readout Unit, Distance Pieces, Ø 205x25 mm, Ø 205x50 mm and Ø 205x80 mm, Upper Platen (with ball seating assembly) Ø165 mm, Lower Platen Ø165 mm, Loading Cylinder Assembly & Limit Switch for safety, Front and Rear Protective Doors for safety. 220 V, 50-60 Hz, 1 ph";0,00;;2025-09-04 15:23:18.815;0,00;8510,00;0,00
LT-C0325;Belli Değil;Yarı Otomatik Hidrolik Güç Ünitesi ve LPI Dijital veri okuma sistemi.;Semi-Automatic (Motorized) Hydraulic Power Pack and LPI Battery Operated Digital Readout Unit;0,00;;2025-09-04 15:23:18.816;0,00;3200,00;0,00
LT-C0326;Belli Değil;Yarı Otomatik Hidrolik Güç Ünitesi;Semi-Automatic (Motorized) Hydraulic Power Pack;0,00;;2025-09-04 15:23:18.817;0,00;22210,00;0,00
LT-C0327;Belli Değil;LPI Dijital veri okuma sistemi.;LPI Battery Operated Digital Readout Unit;0,00;;2025-09-04 15:23:18.818;0,00;1100,00;0,00
LT-C0600;Belli Değil;"100 kN kapasiteli Eğilme Test Presi; U Tipi Yükleme gövdesi, Otomatik Hidrolik Güç Ünitesi, Dijital veri okuma & kontrol sistemi ve Yazılımı  ile birlikte set olarak verilmektedir. Uygun aparat kullanılarak, Kiriş, Bordür, Parke, Yağmur Oluğu v.b Eğilme dayanımı testleri, Üç ve Dört nokta testleri yapılabilmektedir. Deney aparatları ayrıca sipariş edilmelidir. 220 V, 50-60 Hz, 1 ph
***Bilgisayar opsiyoneldir. Laboratuvarınızda bulunan 32 bit işletim sistemli bir Bilgisayar ile birlikte kullanılabilmektedir.";"100 kN capacity Flexural Test Machine; U Type Load Frame, Hydraulic power unit and Digital graphic read out unit. Complete with Test Programme. Beam, Kerb and Parquet strenght tests and three and four point tests can be done with suitable apparatus. The apparatus should be ordered separately. Computer is optional. 
220 V, 50-60 Hz, 1 ph";0,00;34713,75;2025-09-04 15:23:18.819;0,00;6950,00;0,00
LT-C0601;Belli Değil;"200 kN kapasiteli Eğilme Test Presi; U Tipi Yükleme gövdesi, Otomatik Hidrolik Güç Ünitesi, Dijital veri okuma & kontrol sistemi ve Yazılımı  ile birlikte set olarak verilmektedir. Uygun aparat kullanılarak, Kiriş, Bordür, Parke, Yağmur Oluğu v.b Eğilme dayanımı testleri, Üç ve Dört nokta testleri yapılabilmektedir. Deney aparatları ayrıca sipariş edilmelidir. 220 V, 50-60 Hz, 1 ph
***Bilgisayar opsiyoneldir. Laboratuvarınızda bulunan 32 bit işletim sistemli bir Bilgisayar ile birlikte kullanılabilmektedir.";"200 kN capacity Flexural Test Machine; U Type Load Frame, Hydraulic power unit and Digital graphic read out unit. Complete with Test Programme. Beam, Kerb and Parquet strenght tests and three and four point tests can be done with suitable apparatus. The apparatus should be ordered separately. Computer is optional.
220 V, 50-60 Hz, 1 ph";0,00;39267,75;2025-09-04 15:23:18.820;0,00;7100,00;0,00
LT-C0602;Belli Değil;"300 kN kapasiteli Eğilme Test Presi; U Tipi Yükleme gövdesi, Otomatik Hidrolik Güç Ünitesi, Dijital veri okuma & kontrol sistemi ve Yazılımı  ile birlikte set olarak verilmektedir. Uygun aparat kullanılarak, Kiriş, Bordür, Parke, Yağmur Oluğu v.b Eğilme dayanımı testleri, Üç ve Dört nokta testleri yapılabilmektedir. Deney aparatları ayrıca sipariş edilmelidir. 220 V, 50-60 Hz, 1 ph
***Bilgisayar opsiyoneldir. Laboratuvarınızda bulunan 32 bit işletim sistemli bir Bilgisayar ile birlikte kullanılabilmektedir.";"300 kN capacity Flexural Test Machine; U Type Load Frame, Hydraulic power unit and Digital graphic read out unit. Complete with Test Programme. Beam, Kerb and Parquet strenght tests and three and four point tests can be done with suitable apparatus. The apparatus should be ordered separately. Computer is optional.
220 V, 50-60 Hz, 1 ph";0,00;48785,00;2025-09-04 15:23:18.821;0,00;7400,00;0,00
LT-C0610;Belli Değil;"300 kN kapasiteli Eğilme Test Presi; C Tipi Yükleme gövdesi, Otomatik Hidrolik Güç Ünitesi, Dijital veri okuma & kontrol sistemi ve Yazılımı  ile birlikte set olarak verilmektedir. Uygun aparat kullanılarak, Kiriş, Bordür, Parke, Yağmur Oluğu v.b Eğilme dayanımı testleri, Üç ve Dört nokta testleri yapılabilmektedir. Deney aparatları ayrıca sipariş edilmelidir. 220 V, 50-60 Hz, 1 ph
***Bilgisayar opsiyoneldir. Laboratuvarınızda bulunan 32 bit işletim sistemli bir Bilgisayar ile birlikte kullanılabilmektedir.";"300 kN capacity Flexural Test Machine; C Type Load Frame, Hydraulic power unit and Digital graphic read out unit. Complete with Test Programme. Beam, Kerb and Parquet strenght tests and three and four point tests can be done with suitable apparatus. The apparatus should be ordered separately. Computer is optional.
220 V, 50-60 Hz, 1 ph";0,00;119518,64;2025-09-04 15:23:18.822;0,00;9200,00;0,00
LT-C0611;Belli Değil;"400 kN kapasiteli Eğilme Test Presi; C Tipi Yükleme gövdesi, Otomatik Hidrolik Güç Ünitesi, Dijital veri okuma & kontrol sistemi ve Yazılımı  ile birlikte set olarak verilmektedir. Uygun aparat kullanılarak, Kiriş, Bordür, Parke, Yağmur Oluğu v.b Eğilme dayanımı testleri, Üç ve Dört nokta testleri yapılabilmektedir. Deney aparatları ayrıca sipariş edilmelidir. 220 V, 50-60 Hz, 1 ph
***Bilgisayar opsiyoneldir. Laboratuvarınızda bulunan 32 bit işletim sistemli bir Bilgisayar ile birlikte kullanılabilmektedir.";"400 kN capacity Flexural Test Machine; C Type Load Frame, Hydraulic power unit and Digital graphic read out unit. Complete with Test Programme. Beam, Kerb and Parquet strenght tests and three and four point tests can be done with suitable apparatus. The apparatus should be ordered separately. Computer is optional.
220 V, 50-60 Hz, 1 ph";0,00;0,00;2025-09-04 15:23:18.823;0,00;10676,00;0,00
LT-C0620;Belli Değil;"200 kN kapasiteli Eğilme Test Presi;  İki Kolonlu Yükleme gövdesi, Otomatik Hidrolik Güç Ünitesi, Dijital veri okuma & kontrol sistemi ve Yazılımı  ile birlikte set olarak verilmektedir. Uygun aparat kullanılarak, Kiriş, Bordür, Parke, Yağmur Oluğu v.b Eğilme dayanımı testleri, Üç ve Dört nokta testleri yapılabilmektedir. Deney aparatları ayrıca sipariş edilmelidir. 220 V, 50-60 Hz, 1 ph
***Bilgisayar opsiyoneldir. Laboratuvarınızda bulunan 32 bit işletim sistemli bir Bilgisayar ile birlikte kullanılabilmektedir.";"200 kN capacity Flexural Test Machine; Two Column Load Frame, Hydraulic power unit and Digital graphic read out unit. Complete with Test Programme. Beam, Kerb and Parquet strenght tests and three and four point tests can be done with suitable apparatus. The apparatus should be ordered separately. Computer is optional.
220 V, 50-60 Hz, 1 ph";0,00;37815,75;2025-09-04 15:23:18.824;0,00;7670,00;0,00
LT-C0621;Belli Değil;"300 kN kapasiteli Eğilme Test Presi;  İki Kolonlu Yükleme gövdesi, Otomatik Hidrolik Güç Ünitesi, Dijital veri okuma & kontrol sistemi ve Yazılımı  ile birlikte set olarak verilmektedir. Uygun aparat kullanılarak, Kiriş, Bordür, Parke, Yağmur Oluğu v.b Eğilme dayanımı testleri, Üç ve Dört nokta testleri yapılabilmektedir. Deney aparatları ayrıca sipariş edilmelidir. 220 V, 50-60 Hz, 1 ph
***Bilgisayar opsiyoneldir. Laboratuvarınızda bulunan 32 bit işletim sistemli bir Bilgisayar ile birlikte kullanılabilmektedir.";"300 kN capacity Flexural Test Machine; Two Column Load Frame, Hydraulic power unit and Digital graphic read out unit. Complete with Test Programme. Beam, Kerb and Parquet strenght tests and three and four point tests can be done with suitable apparatus. The apparatus should be ordered separately. Computer is optional.
220 V, 50-60 Hz, 1 ph";0,00;28340,00;2025-09-04 15:23:18.825;0,00;7790,00;0,00
LT-C0622;Belli Değil;"400 kN kapasiteli Eğilme Test Presi;  İki Kolonlu Yükleme gövdesi, Otomatik Hidrolik Güç Ünitesi, Dijital veri okuma & kontrol sistemi ve Yazılımı  ile birlikte set olarak verilmektedir. Uygun aparat kullanılarak, Kiriş, Bordür, Parke, Yağmur Oluğu v.b Eğilme dayanımı testleri, Üç ve Dört nokta testleri yapılabilmektedir. Deney aparatları ayrıca sipariş edilmelidir. 220 V, 50-60 Hz, 1 ph
***Bilgisayar opsiyoneldir. Laboratuvarınızda bulunan 32 bit işletim sistemli bir Bilgisayar ile birlikte kullanılabilmektedir.";"400 kN capacity Flexural Test Machine; Two Column Load Frame, Hydraulic power unit and Digital graphic read out unit. Complete with Test Programme. Beam, Kerb and Parquet strenght tests and three and four point tests can be done with suitable apparatus. The apparatus should be ordered separately. Computer is optional.
220 V, 50-60 Hz, 1 ph";0,00;39618,75;2025-09-04 15:23:18.826;0,00;8060,00;0,00
LT-C0622;Belli Değil;"600 kN kapasiteli Eğilme Test Presi;  Dört Kolonlu Yükleme gövdesi, Otomatik Hidrolik Güç Ünitesi, Dijital veri okuma & kontrol sistemi ve Yazılımı  ile birlikte set olarak verilmektedir. Uygun aparat kullanılarak, Kiriş, Bordür, Parke, Yağmur Oluğu v.b Eğilme dayanımı testleri, Üç ve Dört nokta testleri yapılabilmektedir. Deney aparatları ayrıca sipariş edilmelidir. 220 V, 50-60 Hz, 1 ph
";"600 kN capacity Flexural Test Machine; Four Column Load Frame, Hydraulic power unit and Digital graphic read out unit. Complete with Test Programme. Beam, Kerb and Parquet strenght tests and three and four point tests can be done with suitable apparatus. The apparatus should be ordered separately. Computer is optional.
220 V, 50-60 Hz, 1 ph";25000,00;39618,75;2025-09-04 15:23:18.827;25000,00;25000,00;23500,00
LT-C2200;Belli Değil;"2000 kN kapasiteli Eğilme Test Presi;  Dört Kolonlu Yükleme gövdesi, Otomatik Hidrolik Güç Ünitesi, Dijital veri okuma & kontrol sistemi ve Yazılımı  ile birlikte set olarak verilmektedir. Uygun aparat kullanılarak, Kiriş, Bordür, Parke, Yağmur Oluğu v.b Eğilme dayanımı testleri, Üç ve Dört nokta testleri yapılabilmektedir. Deney aparatları ayrıca sipariş edilmelidir. 220 V, 50-60 Hz, 1 ph
";"2000 kN capacity Flexural Test Machine;  Four  Column Load Frame, Hydraulic power unit and Digital graphic read out unit. Complete with Test Programme. Beam, Kerb and Parquet strenght tests and three and four point tests can be done with suitable apparatus. The apparatus should be ordered separately. Computer is optional.
220 V, 50-60 Hz, 1 ph";40000,00;39618,75;2025-09-04 15:23:18.828;40000,00;40000,00;37500,00
LT-0300/E;Belli Değil;DOWEL HOLE TEST MAKİNASI;;0,00;43919,00;2025-09-04 15:23:18.829;0,00;;
LT-C0600/1;Belli Değil;100 kN kapasiteli Eğilme Testi için U Tipi Yükleme gövdesi. Uygun aparat kullanılarak, Kiriş, Bordür, Parke, Yağmur Oluğu v.b Eğilme dayanımı testleri, Üç ve Dört nokta testleri yapılabilmektedir. Deney aparatları ayrıca sipariş edilmelidir. ;100 kN capacity Flexural Load Frame, U Type. Beam, Kerb and Parquet strenght tests and three and four point tests can be done with suitable apparatus. The apparatus should be ordered separately.;0,00;;2025-09-04 15:23:18.830;0,00;3420,00;0,00
LT-G8031;Belli Değil;Load Cell, 100 kN kapasiteli;Load Cell, 100 kN capacity;0,00;;2025-09-04 15:23:18.831;0,00;480,00;0,00
LT-C0601/1;Belli Değil;200 kN kapasiteli Eğilme Testi için U Tipi Yükleme gövdesi.  Uygun aparat kullanılarak, Kiriş, Bordür, Parke, Yağmur Oluğu v.b Eğilme dayanımı testleri, Üç ve Dört nokta testleri yapılabilmektedir. Deney aparatları ayrıca sipariş edilmelidir.  ;200 kN capacity Flexural Load Frame, U Type. Beam, Kerb and Parquet strenght tests and three and four point tests can be done with suitable apparatus. The apparatus should be ordered separately.;0,00;;2025-09-04 15:23:18.832;0,00;3577,00;0,00
LT-G8032;Belli Değil;Load Cell, 200 kN kapasiteli;Load Cell, 200 kN capacity;0,00;;2025-09-04 15:23:18.833;0,00;480,00;0,00
LT-C0602/1;Belli Değil;300 kN kapasiteli Eğilme Testi için U Tipi Yükleme gövdesi. Uygun aparat kullanılarak, Kiriş, Bordür, Parke, Yağmur Oluğu v.b Eğilme dayanımı testleri, Üç ve Dört nokta testleri yapılabilmektedir. Deney aparatları ayrıca sipariş edilmelidir. ;300 kNcapacity Flexural Load Frame, U Type. Beam, Kerb and Parquet strenght tests and three and four point tests can be done with suitable apparatus. The apparatus should be ordered separately.;0,00;15000,00;2025-09-04 15:23:18.834;0,00;3840,00;0,00
LT-G8033;Belli Değil;Load Cell, 300 kN kapasiteli;Load Cell, 300 kN capacity;0,00;;2025-09-04 15:23:18.835;0,00;480,00;0,00
LT-C0610/1;Belli Değil;300 kN kapasiteli Eğilme Testi için C Tipi Yükleme gövdesi. Uygun aparat kullanılarak, Kiriş, Bordür, Parke, Yağmur Oluğu v.b Eğilme dayanımı testleri, Üç ve Dört nokta testleri yapılabilmektedir. Deney aparatları ayrıca sipariş edilmelidir. ;300 kN capacity Flexural Load Frame, C Type. Beam, Kerb and Parquet strenght tests and three and four point tests can be done with suitable apparatus. The apparatus should be ordered separately.;0,00;;2025-09-04 15:23:18.836;0,00;0,00;0,00
LT-G8033;Belli Değil;Load Cell, 300 kN kapasiteli;Load Cell, 300 kN capacity;0,00;;2025-09-04 15:23:18.837;0,00;480,00;0,00
LT-C0611/1;Belli Değil;400 kN kapasiteli Eğilme Testi için C Tipi Yükleme gövdesi. Uygun aparat kullanılarak, Kiriş, Bordür, Parke, Yağmur Oluğu v.b Eğilme dayanımı testleri, Üç ve Dört nokta testleri yapılabilmektedir. Deney aparatları ayrıca sipariş edilmelidir. ;400 kN capacity Flexural Load Frame, C Type.  Beam, Kerb and Parquet strenght tests and three and four point tests can be done with suitable apparatus. The apparatus should be ordered separately.;0,00;;2025-09-04 15:23:18.838;0,00;0,00;0,00
LT-G8034;Belli Değil;Load Cell, 400 kN kapasiteli;Load Cell, 400 kN capacity;0,00;;2025-09-04 15:23:18.839;0,00;552,00;0,00
LT-C0620/1;Belli Değil;200 kN kapasiteli Eğilme Testi için İki Kolonlu Yükleme gövdesi.  Uygun aparat kullanılarak, Kiriş, Bordür, Parke, Yağmur Oluğu v.b Eğilme dayanımı testleri, Üç ve Dört nokta testleri yapılabilmektedir. Deney aparatları ayrıca sipariş edilmelidir. . ;200 kN capacity Flexural Load Frame, Two Column Type. Beam, Kerb and Parquet strenght tests and three and four point tests can be done with suitable apparatus. The apparatus should be ordered separately.;0,00;;2025-09-04 15:23:18.840;0,00;4177,00;0,00
LT-G8032;Belli Değil;Load Cell, 200 kN kapasiteli;Load Cell, 200 kN capacity;0,00;;2025-09-04 15:23:18.841;0,00;552,00;0,00
LT-C0621/1;Belli Değil;300 kN kapasiteli Eğilme Testi için İki Kolonlu Yükleme gövdesi. Uygun aparat kullanılarak, Kiriş, Bordür, Parke, Yağmur Oluğu v.b Eğilme dayanımı testleri, Üç ve Dört nokta testleri yapılabilmektedir. Deney aparatları ayrıca sipariş edilmelidir. ;300 kN capacity Flexural Load Frame, Two Column Type. Beam, Kerb and Parquet strenght tests and three and four point tests can be done with suitable apparatus. The apparatus should be ordered separately.;0,00;;2025-09-04 15:23:18.842;0,00;4320,00;0,00
LT-G8033;Belli Değil;Load Cell, 300 kN kapasiteli;Load Cell, 300 kN capacity;0,00;;2025-09-04 15:23:18.843;0,00;480,00;0,00
LT-C0622/1;Belli Değil;400 kN kapasiteli Eğilme Testi için İki Kolonlu Yükleme gövdesi. Uygun aparat kullanılarak, Kiriş, Bordür, Parke, Yağmur Oluğu v.b Eğilme dayanımı testleri, Üç ve Dört nokta testleri yapılabilmektedir. Deney aparatları ayrıca sipariş edilmelidir.  ;400 kN capacity Flexural Load Frame, Two Column Type. Beam, Kerb and Parquet strenght tests and three and four point tests can be done with suitable apparatus. The apparatus should be ordered separately.;0,00;;2025-09-04 15:23:18.844;0,00;4620,00;0,00
LT-G8034;Belli Değil;Load Cell, 400 kN kapasiteli;Load Cell, 400 kN capacity;0,00;;2025-09-04 15:23:18.845;0,00;552,00;0,00
LT-C0650;Belli Değil;"Kiriş Eğilme Aparatı; Eğilme Gövdesine bağlanarak 100x100x400, 100x100x500, 150x150x600 veya 150x150x750 mm kiriş numunelerinde 3 veya 4 nokta eğilme testleri yapılabilmektedir. ";Apparatus, used for flexure test on concrete beams of 100x100x400, 100x100x500, 150x150x600 or 150x150x750. Can be used with flexural frames.;0,00;1000,00;2025-09-04 15:23:18.846;0,00;300,00;0,00
LT-C0651;Belli Değil;"Bordür Eğilme Aparatı; Eğilme Gövdesine bağlanarak, Beton bordürlerin eğilme deneyleri yapılabilmektedir.";Apparatus, used for flexure test on kerbs. Can be used with flexural frames.;0,00;2904,00;2025-09-04 15:23:18.847;0,00;300,00;0,00
LT-C0652;Belli Değil;Beton Doğal taş bordür, beton terrazo karo, zemin döşemesi için beton kaplama plâka, doğal taş kaplama Eğilme Aparatı. Eğilme Gövdesine bağlanarak eğilme deneyleri yapılabilmektedir.;"Flexural Testing Assembly for Concrete Paving Flags and Concrete
Terrazzo Tiles, Natural Stone Kerbs and Slabs. Can be used with flexural frames.";0,00;950,00;2025-09-04 15:23:18.848;0,00;300,00;0,00
LT-C0653;Belli Değil;Küp Yarmada Çekme deneyi aparatı,  150 mm boyutundaki beton küp numuneleri için;"Splitting Tensile Test Device for Concrete Cube Specimens;
150x150 mm";0,00;817,50;2025-09-04 15:23:18.849;0,00;300,00;0,00
LT-C0654;Belli Değil;Parke Yarmada Çekme deneyi aparatı, 60-100 mm arası kalınlıkta parke numuneleri için;"Splitting Tensile Test Device for Concrete Block Pavers Specimens;
60-100 mm height";0,00;850,00;2025-09-04 15:23:18.850;0,00;300,00;0,00
LT-C0655;Belli Değil;"Silindir Yarmada Çekme deneyi aparatı,
150 mm x 300 mm (6"" x 12"") ve 160 x 320 mm silindir numuneler için";"Splitting Tensile Test Device for Cylindrical Specimens;
Ø100x200 mm, 150x300 mm, 160x320 mm";0,00;897,50;2025-09-04 15:23:18.851;0,00;300,00;0,00
LT-C0656;Belli Değil;"Yağmur Oluğu Test Aparatı; Eğilme Gövdesine bağlanarak, Yağmuır Oluklarının eğilme deneyleri yapılabilmektedir.";Apparatus, used for flexure test on rain gutter. Can be used with flexural frames.;0,00;1050,00;2025-09-04 15:23:18.852;0,00;300,00;0,00
LT-C0095;Belli Değil;"Pan Tipi Beton Mikseri; 56 litre kapasiteli. Kuru veya ıslak malzemelerde homojen karışımlar hazırlanabilmektedir. Numune kolayca boşaltılabilmekte ve temizlenebilmektedir. Tekerlekleri sayesinde kolaylıkla taşınabilir. Elektrostatik boya ve galvanizlidir. 
380 V, 50-60 Hz, 3 ph";Concrete Mixer, pan type cauldron horizontally rotating around its axis, discharging system, The total volume of the pan is 100 liters but the effective capacity of the mixer is 56 liters. The pan type mixer is also equipped with rubber wheels which provide high portability. 380 V, 50-60 Hz, 3 ph;0,00;36880,00;2025-09-04 15:23:18.853;0,00;2278,00;0,00
LT-C0099;Belli Değil;"Üstten tahrikli Pan Tipi Beton Mikseri; 42 litre kapasiteli. Frekans kontrolü  ile  hız ayarı yapılabilmektedir.Kuru veya ıslak malzemelerde homojen karışımlar hazırlanabilmektedir. Numune kolayca boşaltılabilmekte ve temizlenebilmektedir. Tekerlekleri sayesinde kolaylıkla taşınabilir. Elektrostatik boya ve galvanizlidir. 
380 V, 50-60 Hz, 3 ph";Concrete Mixer with Double-Acting, Pan Type, Frequency Controlled, 42 L. The cauldron rotating around horizontally and top located beaters rotated opposite direction by a motor, 15/12 L effective mixing capacity, discharging system, straight edged, rubber tired, 220-240V, 50-60Hz, 1ph.;0,00;51330,00;2025-09-04 15:23:18.854;0,00;3450,00;
LT-C0095/SE;Belli Değil;"Pan Tipi Beton Mikseri; 56 litre kapasiteli. Frekans kontrolü  ile  hız ayarı yapılabilmektedir.Kuru veya ıslak malzemelerde homojen karışımlar hazırlanabilmektedir. Numune kolayca boşaltılabilmekte ve temizlenebilmektedir. Tekerlekleri sayesinde kolaylıkla taşınabilir. Elektrostatik boya ve galvanizlidir. 
380 V, 50-60 Hz, 3 ph";Concrete Mixer with frequency control, pan type cauldron horizontally rotating around its axis, discharging system, The total volume of the pan is 100 liters but the effective capacity of the mixer is 56 liters. The pan type mixer is also equipped with rubber wheels which provide high portability. 380 V, 50-60 Hz, 1 ph;0,00;5000,00;2025-09-04 15:23:18.855;0,00;2950,00;0,00
LT-C0096;Belli Değil;"Pan Tipi Beton Mikseri; 56 litre kapasiteli. Kuru veya ıslak malzemelerde homojen karışımlar hazırlanabilmektedir. Numune kolayca boşaltılabilmekte ve temizlenebilmektedir. Tekerlekleri sayesinde kolaylıkla taşınabilir. Elektrostatik boya ve galvanizlidir. 
220 V, 50 Hz, 1 ph";Concrete Mixer, pan type cauldron horizontally rotating around its axis, discharging system, The total volume of the pan is 100 liters but the effective capacity of the mixer is 56 liters. The pan type mixer is also equipped with rubber wheels which provide high portability. 220 V, 50 Hz, 1 ph;0,00;3500,00;2025-09-04 15:23:18.856;0,00;2460,00;0,00
LT-C0097;Belli Değil;"Pan Tipi Beton Mikseri; 56 litre kapasiteli. Kuru veya ıslak malzemelerde homojen karışımlar hazırlanabilmektedir. Numune kolayca boşaltılabilmekte ve temizlenebilmektedir. Tekerlekleri sayesinde kolaylıkla taşınabilir. Elektrostatik boya ve galvanizlidir. 
220 V, 60 Hz, 1 ph";Concrete Mixer, pan type cauldron horizontally rotating around its axis, discharging system, The total volume of the pan is 100 liters but the effective capacity of the mixer is 56 liters. The pan type mixer is also equipped with rubber wheels which provide high portability. 220 V, 60 Hz, 1 ph;0,00;3700,00;2025-09-04 15:23:18.857;0,00;2278,00;0,00
LT-C0098;Belli Değil;"Pan Tipi Beton Mikseri; ÇİFT MOTORLU. 56 litre kapasiteli. Kuru veya ıslak malzemelerde homojen karışımlar hazırlanabilmektedir. Numune kolayca boşaltılabilmekte ve temizlenebilmektedir. Tekerlekleri sayesinde kolaylıkla taşınabilir. Elektrostatik boya ve galvanizlidir. 380 V, 50-60 Hz, 3 ph";Concrete Mixer, DOUBLE ENGINE. pan type cauldron horizontally rotating around its axis, discharging system, The total volume of the pan is 100 liters but the effective capacity of the mixer is 56 liters. The pan type mixer is also equipped with rubber wheels which provide high portability. 380 V, 50-60 Hz, 3 ph;0,00;7200,00;2025-09-04 15:23:18.858;0,00;4150,00;0,00
LT-C0100;Belli Değil;"Drum Tipi Beton Mikseri; Beton, alçı ve mozaik gibi malzemelerin homojen olarak karıştırılması için kullanılır. Kazan Hacmi: 125 litre, Karıştırma Hacmi: 100 litre kapasiteli. Tekerleklidir. Elektrik ile çalışmaktadır. 220 V / 0,7 Kw";Concrete mixer drum type, steel batch, arm-circling type, 125 liter capacity, 100 liter usable volume capacity, prevention for accumulation of concrete at bottom. 220 V / 0,7 kW;0,00;6750,00;2025-09-04 15:23:18.859;0,00;1110,00;0,00
LT-C0101;Belli Değil;"Drum Tipi Beton Mikseri; Beton, alçı ve mozaik gibi malzemelerin homojen olarak karıştırılması için kullanılır. Kazan Hacmi: 140 litre, Karıştırma Hacmi: 120 litre kapasiteli. Tekerleklidir. Elektrik ile çalışmaktadır. 220 V / 0,7 kW";Concrete mixer drum type, steel batch, arm-circling type, 140 liter capacity, 120 liter usable volume capacity, prevention for accumulation of concrete at bottom. 220 V / 0,7 kW;0,00;2700,00;2025-09-04 15:23:18.860;0,00;1200,00;0,00
LT-C0102;Belli Değil;"Drum Tipi Beton Mikseri; Beton, alçı ve mozaik gibi malzemelerin homojen olarak karıştırılması için kullanılır.Kazan Hacmi: 160 litre, Karıştırma Hacmi: 140 litre kapasiteli. Tekerleklidir. Elektrik ile çalışmaktadır. 220 V / 0,7 kW";Concrete mixer drum type, steel batch, arm-circling type, 160 liter capacity, 140 liter usable volume capacity, prevention for accumulation of concrete at bottom. 220 V / 0,7 kW;0,00;2900,00;2025-09-04 15:23:18.861;0,00;1290,00;0,00
LT-C0103;Belli Değil;"Drum Tipi Beton Mikseri; Beton, alçı ve mozaik gibi malzemelerin homojen olarak karıştırılması için kullanılır. Kazan Hacmi: 180 litre, Karıştırma Hacmi: 160 litre kapasiteli. Tekerleklidir. Elektrik ile çalışmaktadır. 220 V / 0,7 kW";Concrete mixer drum type, steel batch, arm-circling type, 180 liter capacity, 160 liter usable volume capacity, prevention for accumulation of concrete at bottom. 220 V / 0,7 kW;0,00;3100,00;2025-09-04 15:23:18.862;0,00;1410,00;0,00
LT-C0104;Belli Değil;"Drum Tipi Beton Mikseri; Beton, alçı ve mozaik gibi malzemelerin homojen olarak karıştırılması için kullanılır. Kazan Hacmi: 300  litre, Karıştırma Hacmi:250  litre kapasiteli. Tekerleklidir. Elektrik ile çalışmaktadır. 380  V ";Concrete mixer drum type, steel batch, arm-circling type, 180 liter capacity, 160 liter usable volume capacity, prevention for accumulation of concrete at bottom. 220 V / 0,7 kW;0,00;8500,00;2025-09-04 15:23:18.863;0,00;2250,00;0,00
LT-C0094;Belli Değil;MONO ŞAFT KARIŞTIRICI;Mono shaft concrete mixer with unloading motor;;;2025-09-04 15:23:18.864;;;
LT-M1923;Belli Değil;3D MİKSER;3D MİXER;;;2025-09-04 15:23:18.865;;;
LT-C0055;Belli Değil;"V Hunisi; Taze Betonun belirli hIzla akarken ayrılma dayanımının V Hunisinde kalma süreleri gözlenmesi esasına
dayanır. Paslanmaz çelikten imal edilmiştir. Boşaltma ağzı kapaklıdır.";"V Funnel for Self-Compacting Concrete. The test set consists of a stainless steel funnel placed vertically on a supporting
stand.";0,00;3900,00;2025-09-04 15:23:18.866;0,00;510,00;0,00
LT-C0056;Belli Değil;"L Kutusu; Taze betonun dolma, akarak geçme yetisi, ayrılma dayanımı v.b. özellikleri tespit edilebilir.
Hunili tüp ve donatı testleri için özel olarak tasarlanmış çerçevesi bulunmaktadır.";L Shape Box Apparatus for Self-Compacting Concrete. Supplied complete with Filling Hopper and Base.;0,00;2000,00;2025-09-04 15:23:18.867;0,00;585,00;0,00
LT-C0057;Belli Değil;"U Kutusu; Taze betonun kapalı boşluklarda akışkanlığı tespit edilebilir.
Galvanizli çelik çerçeve; 3 adet 13 mm çapında çubuktan oluşmaktadır.";U Shape Box Apparatus for Self-Compacting Concrete. The U box is made of stainless steel consisting of three Ø 12 mm rebars. The Apparatus is mounted on a frame with a fixing mechanism.;0,00;4500,00;2025-09-04 15:23:18.868;0,00;675,00;0,00
LT-C0058;Belli Değil;"J Halkası; kendinden yerleşen taze beton için, çelikten mamül, 18mm çaplı 16 çubuklu. Dar Aralıklı J-Halkası Slump Konisi ve  900x900x3 mm Alt Tabla ile birlikte verilmektedir.
Çelik Ağırlıklı Başlık ayrıca sipariş edilmelidir.";J Ring Apparatus for Self-Compacting Concrete. J-Ring Narrow Gap with Ø 18 mm x 16 smooth bars is manufactured from stainless steel. Supplied with J-Ring with J-Ring Narrow Gap, Slump Cone and Base Plate. Steel weighted collar should be ordered separately.;0,00;1850,00;2025-09-04 15:23:18.869;0,00;540,00;0,00
LT-C0058/1;Belli Değil;Dar Aralıklı J-Halkası;J-Ring Narrow Gap;0,00;;2025-09-04 15:23:18.870;0,00;0,00;0,00
LT-C0058/2;Belli Değil;Alt Tabla 900*900* 3 mm ;Base Plate;0,00;125,00;2025-09-04 15:23:18.871;0,00;0,00;0,00
LT-C0058/3;Belli Değil;Çelik Ağırlıklı Başlık;Steel Weighted Collar;0,00;;2025-09-04 15:23:18.872;0,00;0,00;0,00
LT-C0038/1;Belli Değil;Slump Konisi, Ø200x Ø100x300 mm ölçülerinde.;Slump Cone. Ø200x Ø100x300 mm;0,00;125,00;2025-09-04 15:23:18.873;0,00;39,00;0,00
LT-C1150;Belli Değil; Dolgu Kutusu Aparatı (Kajima Testi);Fill Box Apparatus ( Kajima Test);0,00;3500,00;2025-09-04 15:23:18.874;0,00;;
LT-C0038;Belli Değil;"Slump Test Seti; Slump konisi, doldurma hunisi, şişleme çubuğu, tepsi, lastik tokmak ve çelik cetvel ile birlikte set olarak verilmektedir. Elektrostatik toz boyalı veya galvaniz kaplamadır.";Slump Test Set, complete with galvanized steel slump cone, cone funnel, tamping rod, base tray, ruber mallet and steel ruler.;0,00;2500,00;2025-09-04 15:23:18.875;0,00;150,00;0,00
LT-C0038/1;Belli Değil;Slump Konisi, Ø200x Ø100x300 mm ölçülerinde.;Slump Cone. Ø200x Ø100x300 mm;0,00;850,00;2025-09-04 15:23:18.876;0,00;39,00;0,00
LT-C0038/2;Belli Değil;Slump Doldurma Hunisi;Slump Cone Funnel;0,00;200,00;2025-09-04 15:23:18.877;0,00;11,00;0,00
LT-C0038/3;Belli Değil;Slump Tepsisi, 500x500x60mm ebatlarında, kulplu;Slump Base Plate. 500x500x60mm;0,00;850,00;2025-09-04 15:23:18.878;0,00;39,00;0,00
LT-G0163;Belli Değil;Şişleme Çubuğu. Ø16x600 mm;Tamping Rod. Ø16x600 mm;0,00;100,00;2025-09-04 15:23:18.879;0,00;8,40;0,00
LT-G0161;Belli Değil;Lastik Tokmak ;Rubber Mallet;0,00;90,00;2025-09-04 15:23:18.880;0,00;9,00;0,00
LT-G0175;Belli Değil;Çelik Cetvel 300x0.1 mm;Steel Ruler 300x0.1 mm;0,00;45,00;2025-09-04 15:23:18.881;0,00;7,20;0,00
LT-G0141;Belli Değil;Laboratuar Küreği Orta;Round Scoop, Medium;0,00;150,00;2025-09-04 15:23:18.882;0,00;15,00;0,00
LT-C0039;Belli Değil;"Slump Test Seti; Paslanmaz Çelik Slump Konisi, Paslanmaz Çelik Tepsi, Doldurma hunisi, Şişleme çubuğu lastik tokmak ve çelik cetvel ile birlikte set olarak verilmektedir.";Slump Test Set, Complete with stainless steel slump cone, stainless steel base tray, cone funnel, tamping rod, ruber mallet and steel ruler.;0,00;150,00;2025-09-04 15:23:18.883;0,00;174,00;0,00
LT-C0040;Belli Değil;"Portatif Slump Test Seti; Slump konisi, doldurma hunisi, şişleme çubuğu, tepsi, lastik tokmak ve çelik cetvel ile birlikte set olarak verilmektedir. Elektrostatik toz boyalı veya galvaniz kaplamadır.";Portable Slump Test Set, complete with galvanized steel slump cone, cone funnel, tamping rod, base tray, ruber mallet and steel ruler.;0,00;;2025-09-04 15:23:18.884;0,00;174,00;0,00
LT-C0041;Belli Değil;"Pnömatik Slump Test Seti; Slump konisi, doldurma hunisi, şişleme çubuğu, tepsi, lastik tokmak ve çelik cetvel ile birlikte set olarak verilmektedir. Elektrostatik toz boyalı veya galvaniz kaplamadır.";Pneumatic Slump Test Set;0,00;10230,00;2025-09-04 15:23:18.885;0,00;1100,00;0,00
LT-C0042/E;Belli Değil;"Vebe Cihazı EN; Silindir hazne, Slump Konisi, Saydam Diskli Metal Kol, Doldurma Hunisi ve Şişleme Çubuğu ile birlikte set olarak verilmektedir. 220 V, 50-60 Hz, 1 ph";Vibro Consistometer (Vebe) EN, consists of Vibrating Consistometer, Cylindrical Bucket, Slump Cone, Graduated Rod with Transparent Plate, Filling Cone and Tamping Rod. 220 V, 50-60 Hz, 1 ph;0,00;15075,60;2025-09-04 15:23:18.886;0,00;1050,00;0,00
LT-C0042/1;Belli Değil;Vibrasyonlu Tabla;Vibrating Consistometer;0,00;;2025-09-04 15:23:18.887;0,00;0,00;0,00
LT-C0042/2;Belli Değil;Silindir Hazne;Cylindrical Bucket;0,00;;2025-09-04 15:23:18.888;0,00;0,00;0,00
LT-C0042/3;Belli Değil;Saydam Diskli Metal Kol;Graduated Rod with Transparent Plate;0,00;;2025-09-04 15:23:18.889;0,00;0,00;0,00
LT-C0038/1;Belli Değil;Slump Konisi, Ø200x Ø100x300 mm ölçülerinde.;Slump Cone. Ø200x Ø100x300 mm;0,00;125,00;2025-09-04 15:23:18.890;0,00;39,00;0,00
LT-G0163;Belli Değil;Şişleme Çubuğu. Ø16x600 mm;Tamping Rod. Ø16x600 mm;0,00;17,50;2025-09-04 15:23:18.891;0,00;8,40;0,00
LT-C0042/A;Belli Değil;"Vebe Cihazı ASTM; Silindir hazne, Slump Konisi, Saydam Diskli Metal Kol, Doldurma Hunisi ve Şişleme Çubuğu ile birlikte set olarak verilmektedir. 220 V, 50-60 Hz, 1 ph";Vibro Consistometer (Vebe) ASTM, consists of Vibrating Consistometer, Cylindrical Bucket, Slump Cone, Graduated Rod with Transparent Plate, Filling Cone and Tamping Rod. 220 V, 50-60 Hz, 1 ph;0,00;15075,60;2025-09-04 15:23:18.892;0,00;1050,00;0,00
LT-C0044;Belli Değil;Sıkıştırma Faktörü Aleti, Üst üste konumlandırılmış, altlarında kolay açılabilir kapaklar bulunan 2 adet huni ve hunilerin altında bulunan silindirik toplama kabından meydana gelmiştir.;"Compacting Factor Apparatus, consists of two conical hoppers mounted on a cylinder. Each hopper has a hinged
flange with quick release mechanism and everything is mounted on a rigid steel stand.";0,00;;2025-09-04 15:23:18.893;0,00;720,00;0,00
LT-C0023;Belli Değil;"Yayılma Tablası Seti; üzerine betonun konulabileceği, (700 ±2) mm x (700 ±2) mm ölçülerinde Yayılma tablası, Ø130×Ø200×200 mm ölçülerinde Yayılma Tablası Konisi ve 40x40x200+125 mm ölçülerinde Ahşap Sıkıştırma Tokmağı ile birlikte set olarak verilmektedir.";Flow Table Test Set consists of a double table measuring 700x700mm and hinged at one side. The top table is covered with a flat metal plate 2mm thick, inscribed, and protected against corrosion. The stainless steel cone has a top Ø130mm, base Ø200mm, and is 200mm high. Supplied complete with wooden tamping rod.;0,00;7037,54;2025-09-04 15:23:18.894;0,00;420,00;0,00
LT-C0023/1;Belli Değil;"Yayılma Tablası; üzerine betonun konulabileceği, (700 ±2) mm x (700 ±2) mm ölçülerinde alana sahip, hareketli,
düz plâka ve bu plâkanın üzerine belirli yükseklikten düşürüleceği, üstteki plâkanın menteşeyle bağlı olduğu
sert alt tabakadan meydana gelmektedir.";Flow Table consists of a double table measuring 700x700mm and hinged at one side. The top table is covered with a flat metal plate 2mm thick, inscribed, and protected against corrosion. ;0,00;;2025-09-04 15:23:18.895;0,00;360,00;0,00
LT-C0023/2;Belli Değil;"Yayılma Tablası Konisi; Ø130×Ø200×200 mm ölçülerinde.";Flow Table Cone has a top Ø130mm, base Ø200mm, and is 200mm high.;0,00;90,00;2025-09-04 15:23:18.896;0,00;42,00;0,00
LT-C0023/3;Belli Değil;Ahşap Sıkıştırma Tokmağı, 40x40x200+125 mm ölçülerinde;Wooden tamper. 40x40x200+125 mm;0,00;;2025-09-04 15:23:18.897;0,00;18,00;0,00
LT-C0023/4;Belli Değil;"Yayılma Tablası Konisi; Ø130×Ø200×200 mm ölçülerinde.-GALVANİZ";;0,00;50,00;2025-09-04 15:23:18.898;0,00;;
LT-C0065;Belli Değil;"Taze Betonda Terleme ;  Taze karıştırılmış beton numunesine giren karışım suyunun, bağıl terleme miktarının belirlenmesinde kullanılır";Bleeding of Freshly Mixed Concrete is used for determination of the relative quantity of mixing water that will bleed from a sample of freshly mixed concrete.;0,00;;2025-09-04 15:23:18.899;0,00;;
LT-C0033;Belli Değil;"Sıkıştırabilme Derecesi Deney Aparatı (Waltz kabı); çimento hamurundan kısa sürede olumsuz etkilenmeyen metalden yapılmıştır ve prizma şekillidir.
Kullanıcıya kolaylık sağlamak açısından taşıma kulplu olarak imal edilmiştir. Elektrostatik toz boyalıdır.";Degree of Compactability (Waltz) Container,  Degree of Compactability (Waltz) Container, made of metal, 1.5mm thickness, 200x200 mm base, 400 mm height, square prism container with two carrying handles.;0,00;;2025-09-04 15:23:18.900;0,00;420,00;0,00
LT-C0025;Belli Değil;"Beton Proktor Penetrometresi; 16-32-65-160-325-650 mm² çaplı penetrasyon iğneleri ile birlikte verilmektedir.";Concrete Mortar Penetrometer, used to determine setting time of fresh concretes. Includes these interchangeable needles: 650, 325, 160, 65, 32, 16mm².;0,00;12000,00;2025-09-04 15:23:18.901;0,00;810,00;0,00
LT-C0025/1;Belli Değil;"Beton Proktor Penetrometresi İğne Seti;16-32-65-160-325-650 mm² çaplarında";Needle Set for Concrete Mortar Penetrometer (650, 325, 160, 65, 32, 16mm²);0,00;;2025-09-04 15:23:18.902;0,00;0,00;0,00
LT-C0028;Belli Değil;"Cep Tipi Beton Penetrometresi; Yerli.
Penetrasyon Piston Alanı: 32 mm²";Pocket Penetrometer, The penetration plunger has a tip area of 32 sq/mm. The plunger graduated 0,5 MPa.;0,00;10000,00;2025-09-04 15:23:18.903;0,00;390,00;0,00
LT-C0028/1;Belli Değil;"Cep Tipi Beton Penetrometresi; 
Penetrasyon Piston Alanı: 32 mm²";Pocket Penetrometer, The penetration plunger has a tip area of 32 sq/mm. The plunger graduated 0,5 MPa.;0,00;;2025-09-04 15:23:18.904;0,00;630,00;0,00
LT-C0070;Belli Değil;"Taze Betonda Hava Ölçer (B Tipi); 7 litre kapasiteli. %22'ye kadar hava yüzdesi tespit edilebilmektedir ve tam skalada ±%0.25 hassasiyette sahiptir. Sıyırma bıçağı ve sıkıştırma çubuğu ile birlikte set olarak verilmektedir. Taşıma Çantası ayrıca sipariş edilmelidir.";"Air Entrainment Meter, for fresh concrete, B type, manometer, 7 L capacity, supplied complete with Tamping Rod and Straight Edge.
Carrying Case should be ordered separately.";0,00;18300,00;2025-09-04 15:23:18.905;0,00;690,00;0,00
LT-C0070/1;Belli Değil;Hava Ölçer Manometresi;Manometer;0,00;510,00;2025-09-04 15:23:18.906;0,00;192,00;0,00
LT-C0070/2;Belli Değil;Şişleme Çubuğu;Tamping Rod;0,00;17,50;2025-09-04 15:23:18.907;0,00;15,00;0,00
LT-C0070/3;Belli Değil;Sıyırma Bıçağı;Straight Edge;0,00;20,00;2025-09-04 15:23:18.908;0,00;15,00;0,00
LT-C0070/4;Belli Değil;Taşıma Çantası;Carrying Case;0,00;;2025-09-04 15:23:18.909;0,00;90,00;0,00
LT-C0072;Belli Değil;"Taze Betonda Hava Ölçer (B Tipi), 8 litre
Menşei: Türkiye, Marka: Liya Test (Formtest Muadili)";"Air Entrainment Meter, for fresh concrete, B type, manometer, 8 L capacity,  supplied complete with Tamping Rod and Straight Edge.
Carrying Case should be ordered separately. LİYA TEST";0,00;;2025-09-04 15:23:18.910;0,00;1500,00;0,00
LT-C0072/1;Belli Değil;Hava Ölçer Manometresi;Manometer;0,00;235,00;2025-09-04 15:23:18.911;0,00;192,00;0,00
LT-C0072/2;Belli Değil;Şişleme Çubuğu;Tamping Rod;0,00;17,50;2025-09-04 15:23:18.912;0,00;15,00;0,00
LT-C0072/3;Belli Değil;Sıyırma Bıçağı;Straight Edge;0,00;;2025-09-04 15:23:18.913;0,00;15,00;0,00
LT-C0072/4;Belli Değil;Taşıma Çantası;Carrying Case;0,00;;2025-09-04 15:23:18.914;0,00;90,00;0,00
LT-C0070/F;Belli Değil;"İthal Taze Betonda Hava Ölçer (B Tipi), 
Menşei: Almanya, Marka: Formtest";"Air Entrainment Meter, for fresh concrete, B type, manometer, 8 L capacity,  supplied complete with Tamping Rod and Straight Edge.
FORMTEST";0,00;;2025-09-04 15:23:18.915;0,00;5100,00;0,00
LT-C0075;Belli Değil;"Birim Ağırlık Kovası, 3 litre kapasiteli. Kullanıcıya kolaylık sağlaması açısından iki adet kulpu bulunmaktadır.
Elektrostatik toz boyalıdır.";Unit Weight Measure, 3L capacity, Ø ID, mm deep, with handles, produced by electrostatic painted steel;0,00;240,00;2025-09-04 15:23:18.916;0,00;52,00;0,00
LT-C0076;Belli Değil;"Birim Ağırlık Kovası, 7 litre kapasiteli. Kullanıcıya kolaylık sağlaması açısından iki adet kulpu bulunmaktadır.
Elektrostatik toz boyalıdır.";Unit Weight Measure, 7L capacity, Ø ID, mm deep, with handles, produced by electrostatic painted steel;0,00;306,00;2025-09-04 15:23:18.917;0,00;61,00;0,00
LT-C0077;Belli Değil;"Birim Ağırlık Kovası, 10 litre kapasiteli. Kullanıcıya kolaylık sağlaması açısından iki adet kulpu bulunmaktadır.
Elektrostatik toz boyalıdır.";Unit Weight Measure, 10L capacity, Ø ID, mm deep, with handles, produced by electrostatic painted steel;0,00;400,00;2025-09-04 15:23:18.918;0,00;65,00;0,00
LT-C0078;Belli Değil;"Birim Ağırlık Kovası, 15 litre kapasiteli. Kullanıcıya kolaylık sağlaması açısından iki adet kulpu bulunmaktadır.
Elektrostatik toz boyalıdır.";Unit Weight Measure, 15L capacity, Ø ID, mm deep, with handles, produced by electrostatic painted steel;0,00;480,00;2025-09-04 15:23:18.919;0,00;74,00;0,00
LT-C0079;Belli Değil;"Birim Ağırlık Kovası, 30 litre kapasiteli. Kullanıcıya kolaylık sağlaması açısından iki adet kulpu bulunmaktadır.
Elektrostatik toz boyalıdır.";Unit Weight Measure, 30L capacity, Ø ID, mm deep, with handles, produced by electrostatic painted steel;0,00;615,00;2025-09-04 15:23:18.920;0,00;80,00;0,00
LT-C0066;Belli Değil;"Özgül ağırlık Test Seti; Set; Özgül Ağırlık Çerçevesi, Küp Numune Tutucusu, Plastik Su Kovası ve Tel Sepetten oluşmaktadır. 0.1 veya 0,5 gr hassasiyetli, alttan tartım özellikli bir terazi ile birlikte kullanılmalıdır. Terazi ayrıca sipariş edilmelidir.";"Specific Gravity Test Set; used with a suitable electronic balance for specific gravity determination of fresh and hardened concrete and aggregates. Supplied with a water tank, density basket and cradle. Balance should be ordered separately.";0,00;7226,00;2025-09-04 15:23:18.921;0,00;405,00;0,00
LT-C0066/1;Belli Değil;Özgül Ağırlık Çerçevesi;Specific Gravity Frame;0,00;416,00;2025-09-04 15:23:18.922;0,00;321,00;0,00
LT-C0066/2;Belli Değil;Küp Numune Tutucusu;Cradle;0,00;15,00;2025-09-04 15:23:18.923;0,00;11,81;0,00
LT-C0066/3;Belli Değil;Plastik Su Kovası. 28x38x30 cm;Density Tank. 28x38x30 cm;0,00;39,00;2025-09-04 15:23:18.924;0,00;20,59;0,00
LT-C0066/4;Belli Değil;Plastik Su Kovası. 40x40x30 cm;Density Tank. 40x40x30 cm;0,00;190,00;2025-09-04 15:23:18.925;0,00;27,00;0,00
LT-G0660;Belli Değil;Tel Sepet, 3,35 mm (No:6), paslanmaz çelik , 200mm çap, 200mm ;Density Basket, 3,35 mm (No:6), stainless steel , 200mm dia, 200mm ;0,00;1354,00;2025-09-04 15:23:18.926;0,00;51,60;0,00
LT-G0290;Belli Değil;Termometre, Tek Kanallı, Ölçüm Aralığı: -50 + 1300 C, Hassasiyet: ±1 C, Çözünürlük: 1 C. 9V pil ile birlikte verilmektedir. K-Tipi Thermokupl Kablosu ve Soketi ayrıca sipariş edilmelidir.;Thermometer, 1 Channel. Measuring Range: -50 + 1300 C, Accuracy: ±1 C, Resolution: 1 C. Supplied with 9V battery. K-Type Thermocouple Cable and Connector should be ordered separately.;0,00;330,00;2025-09-04 15:23:18.927;0,00;210,00;0,00
LT-G0291;Belli Değil;Termometre, Tek Kanallı, Ölçüm Aralığı:-200 + 1300 C, Hassasiyet: ±1.1 C yada okunan değerin  %±0.4'ü, Çözünürlük: 0.1 < 999 & 1 > 1000 C. 9V pil ile birlikte verilmektedir. K-Tipi Thermokupl Kablosu ve Soketi ayrıca sipariş edilmelidir.;Thermometer, 1 Channel. Measuring Range: -200 + 1300 C, Accuracy: ±1.1 C or ±0.4 % of reading value, Resolution: 0.1 < 999 & 1 > 1000 C. Supplied with 9V battery. K-Type Thermocouple Cable and Connector should be ordered separately.;0,00;765,00;2025-09-04 15:23:18.928;0,00;420,00;0,00
LT-G0292;Belli Değil;Termometre, İki Kanallı, Ölçüm Aralığı: -200 + 1300 C, Hassasiyet: ±1.1 C yada okunan değerin  %±0.4'ü, Çözünürlük: 0.1 < 999 & 1 > 1000 C. 9V pil ile birlikte verilmektedir. K-Tipi Thermokupl Kablosu ve Soketi ayrıca sipariş edilmelidir.;Thermometer, 2 Channels. Measuring Range: -200 + 1300 C, Accuracy: ±1.1 C or ±0.4 % of reading value, Resolution: 0.1 < 999 & 1 > 1000 C. Supplied with 9V battery. K-Type Thermocouple Cable and Connector should be ordered separately.;0,00;850,00;2025-09-04 15:23:18.929;0,00;471,00;0,00
LT-G0293;Belli Değil;Termometre, Dört  Kanallı, Ölçüm Aralığı: -200 + 1300 C, Hassasiyet: ±1.1 C yada okunan değerin  %±0.4'ü, Çözünürlük: 0.1 < 999 & 1 > 1000 C. 9V pil ile birlikte verilmektedir. K-Tipi Thermokupl Kablosu ve Soketi ayrıca sipariş edilmelidir.;"Thermometer, 4 Channels. Measuring Range: -200 + 1300 C, Accuracy: From -200 to 0 C; ±0.4 ±0.3 % of reading From 0 to 1300 C; ±0.4, Resolution: 0.1 C. Supplied with Lithium-Ion battery, Transport case and User Manual. K-Type Thermocouple Cable and Connector should be ordered separately.";0,00; ;2025-09-04 15:23:18.930;0,00;1380,00;0,00
LT-G0295/1;Belli Değil;K-Tipi Termokupl Kablosu. Tip: KTTE2X0,5T. 1 metre.;K-Type Thermocouple Cable, Type: KTTE2X0,5T;0,00;31,50;2025-09-04 15:23:18.931;0,00;19,00;0,00
LT-G0295/2;Belli Değil;Soket, Tip: OMTS-K-E. 1 adet.;Connector, Type: OMTS-K-E;0,00;31,50;2025-09-04 15:23:18.932;0,00;19,00;0,00
LT-C0001;Belli Değil;Plastik Küp Kalıp, 100mm. İki gözlü;Plastic Cube Mould, 100mm. Two gang;0,00;180,00;2025-09-04 15:23:18.933;0,00;24,00;0,00
LT-C00001/Z;Belli Değil;Polietilen Küp Kalıp, 100mm. ZUM Marka.;Polyurethane Cube Mould, Ø100 mm ;0,00;387,00;2025-09-04 15:23:18.934;0,00;19,00;0,00
LT-C0002;Belli Değil;Çelik Küp Kalıp,  100mm;Steel Cube Mould, 100mm;0,00;250,00;2025-09-04 15:23:18.935;0,00;114,00;0,00
LT-C0003;Belli Değil;Plastik Küp Kalıp, 150mm;Plastic Cube Mould, 150mm;0,00;180,00;2025-09-04 15:23:18.936;0,00;11,00;0,00
LT-C0004;Belli Değil;Polietilen Küp Kalıp, 150mm. ZUM Marka.;Plastic Cube Mould, 150mm, High Quality;0,00;100,00;2025-09-04 15:23:18.937;0,00;18,00;0,00
LT-C0003/M;Belli Değil;Polietilen Küp Kalıp, 150mm. MATEST Marka.;Plastic Cube Mould, 150mm, MATEST;0,00;140,00;2025-09-04 15:23:18.938;0,00;90,00;0,00
LT-C0005;Belli Değil;Çelik Küp Kalıp, 150mm;Steel Cube Mould, 150mm;0,00;430,00;2025-09-04 15:23:18.939;0,00;144,00;0,00
LT-C0006;Belli Değil;Çelik Küp Kalıp, 200mm;Steel Cube Mould, 200mm;0,00;500,00;2025-09-04 15:23:18.940;0,00;1622,00;0,00
LT-C0007;Belli Değil;Küp Kalıp Maşası;Tong for Cube Mould;0,00;;2025-09-04 15:23:18.941;0,00;60,00;0,00
LT-C0010;Belli Değil;Poliüretan Silindir Kalıp, Ø100x200 mm ;Polyurethane Cylinder Mould, Ø100x200 mm ;0,00;677,00;2025-09-04 15:23:18.942;0,00;63,00;0,00
LT-C0011;Belli Değil;Çelik Silindir Kalıp, Ø100x200 mm ;Steel Cylinder Mould, Ø100x200 mm ;0,00;837,50;2025-09-04 15:23:18.943;0,00;96,00;0,00
LT-C0012;Belli Değil;Plastik Silindir Kalıp, Yandan açılmalı. Ø100x200 mm ;Plastic Body with Steel Plate Cylinder Mould, Ø100x200 mm ;0,00;1396,00;2025-09-04 15:23:18.944;0,00;93,00;0,00
LT-C0013;Belli Değil;Plastik Silindir Kalıp, Ø150x300 mm ;Plastic Cylinder Mould, Ø150x300 mm ;0,00;1000,00;2025-09-04 15:23:18.945;0,00;90,00;0,00
LT-C0014;Belli Değil;Çelik Silindir Kalıp, Ø150x300 mm ;Steel Cylinder Mould, Ø150x300 mm ;0,00;2268,00;2025-09-04 15:23:18.946;0,00;108,00;0,00
LT-C0015;Belli Değil;Plastik Silindir Kalıp,Ø150x300 mm ;Plastic Body with Steel Plate Cylinder Mould, Ø150x300 mm ;0,00;1000,00;2025-09-04 15:23:18.947;0,00;105,00;0,00
LT-C0016;Belli Değil;Çelik Silindir Kalıp, Ø250x500 mm ;Steel Cylinder Mould, Ø250x500 mm ;0,00;;2025-09-04 15:23:18.948;0,00;150,00;0,00
LT-C0018;Belli Değil;Çelik Kiriş Kalıp, 100x100x400mm;Steel Beam Mould, 100x100x400mm ;0,00;;2025-09-04 15:23:18.950;0,00;120,00;0,00
LT-C0019;Belli Değil;Çelik Kiriş Kalıp, 100x100x500mm;Steel Beam Mould, 100x100x500mm ;0,00;;2025-09-04 15:23:18.951;0,00;129,00;0,00
LT-C0020;Belli Değil;Çelik Kiriş Kalıp, 150x150x600mm;Steel Beam Mould, 150x150x600mm ;0,00;;2025-09-04 15:23:18.952;0,00;192,00;0,00
LT-C0021;Belli Değil;Çelik Kiriş Kalıp, 150x150x750mm;Steel Beam Mould, 150x150x750mm ;0,00;;2025-09-04 15:23:18.953;0,00;207,00;0,00
LT-C0044/1;Belli Değil;"Şişeli Vibratör, Ø22mm, 2m hortum boyu, omuz tipi.
220 V, 50-60 Hz, 1 ph";"Poker Vibrator, Ø22mm,4m shaft
220 V, 50-60 Hz, 1 ph";0,00;17000,00;2025-09-04 15:23:18.954;0,00;600,00;
LT-C0045;Belli Değil;"Şişeli Vibratör, Ø32mm, 4m hortum boyu, omuz tipi.
220 V, 50-60 Hz, 1 ph";"Poker Vibrator, Ø32mm,4m shaft
220 V, 50-60 Hz, 1 ph";0,00;20000,00;2025-09-04 15:23:18.955;0,00;600,00;530,00
LT-C0046;Belli Değil;"Şişeli Vibratör, Ø38mm, 4m hortum boyu, omuz tipi.
220 V, 50-60 Hz, 1 ph";"Poker Vibrator, Ø38mm, 4m shaft
220 V, 50-60 Hz, 1 ph";0,00;850,00;2025-09-04 15:23:18.956;0,00;615,00;0,00
LT-C0047;Belli Değil;Şişeli Vibratör, Ø45mm, 4m hortum boyu, omuz tipi, 18.000 vib/dk frekanslı, 220 V, 50-60 Hz, 1 ph;"Poker Vibrator, Ø40mm, 4m shaft
220 V, 50-60 Hz, 1 ph";0,00;1500,00;2025-09-04 15:23:18.957;0,00;660,00;0,00
LT-C0048;Belli Değil;Şişeli Vibratör, Ø50mm, 4m hortum boyu, omuz tipi, 18.000 vib/dk frekanslı, 220 V, 50-60 Hz, 1 ph;"Poker Vibrator, Ø45mm, 4m shaft
220 V, 50-60 Hz, 1 ph";0,00;900,00;2025-09-04 15:23:18.958;0,00;690,00;0,00
LT-C0049;Belli Değil;Şişeli Vibratör, Ø45mm, 6m hortum boyu, omuz tipi, 18.000 vib/dk frekanslı, 220 V, 50-60 Hz, 1 ph;"Poker Vibrator, Ø45mm, 6m shaft
220 V, 50-60 Hz, 1 ph";0,00;1100,00;2025-09-04 15:23:18.959;0,00;690,00;0,00
LT-C0049/1;Belli Değil;Şişeli Vibratör, Ø50mm, 6m hortum boyu, omuz tipi, 18.000 vib/dk frekanslı, 220 V, 50-60 Hz, 1 ph;"Poker Vibrator, Ø50mm, 6m shaft
220 V, 50-60 Hz, 1 ph";0,00;1200,00;2025-09-04 15:23:18.960;0,00;690,00;0,00
LT-C0085;Belli Değil;Portatif Vibrasyon Masası, laboratuvar ve arazi kullanımı için uygundur. Kalıbın ölçüsüne bağlı olarak 1 Silindir yada 1 Küp Kalıp Yerleştirme Kapasitelidir. Kalıbı sabitleyebilmek için elastik bant ile birlikte verilmektedir.;"Vibrating Table, Portable; Vibrating table suitable for site and laboratory use, it accepts 1  piece cube or cylinder
mould can be clamped on the table depending on outer size of the mould to be used. Supplied complete with elastic bands to fix the mould to the table. Suitable for site use, where no electric supply is available. 220 V to DC 12 V";0,00;11230,00;2025-09-04 15:23:18.961;0,00;630,00;0,00
LT-C0086;Belli Değil;"Vibrasyon Masası, Vibrasyon Motoru gövdeye monte edilmiş konumdadır. Elektronik panelden kontrol edilmektedir. Kalıplar mengeneli sıkıştırma düzeneği ile bağlanmaktadır. Elektrostatik toz boyalıdır. 610x380x780 mm. 4 Kalıp Yerleştirme Kapasitelidir. 
220 V, 50-60 Hz, 1 ph";"Vibrating Table composed of vibration motor and control unit fitted to the steel housing.610x380x780 mm top table can hold 4 cylindrical or cube molds together by hinged clamp system. 
220 V, 50-60 Hz, 1 ph";0,00;12357,60;2025-09-04 15:23:18.962;0,00;750,00;0,00
LT-C0089;Belli Değil;"Vibrasyon Masası, Vibrasyon Motoru gövdeye monte edilmiş konumdadır. Elektronik panelden kontrol edilmektedir. Kalıplar mengeneli sıkıştırma düzeneği ile bağlanmaktadır. Elektrostatik toz boyalıdır. 800x750x780 mm. 9 Kalıp Yerleştirme Kapasitelidir. 
220 V, 50-60 Hz, 1 ph";"Vibrating Table composed of vibration motor and control unit fitted to the steel housing. 800x750x780 mm top table can hold 9 cylindrical or cube molds together by hinged clamp system. 
220 V, 50-60 Hz, 1 ph";0,00;16464,60;2025-09-04 15:23:18.963;0,00;1185,00;0,00
LT-C0087;Belli Değil;Vibrasyon Masası, Vibrasyon Motoru gövdeye monte edilmiş konumdadır. Elektronik panelden kontrol edilmektedir. Kalıplar mengeneli sıkıştırma düzeneği ile bağlanmaktadır. Elektrostatik toz boyalıdır. 620x1260x1055 mm. 8 Kalıp Yerleştirme Kapasitelidir. 220 V, 50-60 Hz, 1 ph;"Vibrating Table composed of vibration motor and control unit fitted to the steel housing. 620x1260x1055 mm top table can hold 8 cylindrical or cube molds together by hinged clamp system. 
220 V, 50-60 Hz, 1 ph";0,00;16464,60;2025-09-04 15:23:18.964;0,00;1185,00;0,00
LT-C0088;Belli Değil;"Vibrasyon Masası, Vibrasyon Motoru gövdeye monte edilmiş konumdadır. Elektronik panelden kontrol edilmektedir. Kalıplar direkt olarak çubuklara geçmektedir. Elektrostatik toz boyalıdır. 620x1260x1055 mm. 10 Kalıp Yerleştirme Kapasitelidir. 
220 V, 50-60 Hz, 1 ph";"Vibrating Table composed of vibration motor and control unit fitted to the steel housing. 620x1260x1055 mm top table can hold 10 cylindrical or cube molds together.
220 V, 50-60 Hz, 1 ph";0,00;6750,00;2025-09-04 15:23:18.965;0,00;1350,00;0,00
LT-C0110;Belli Değil;"Kür Tankı; Polietilen malzemeden üretilmiştir. Su sıcaklığını 20C ±2C de sabit tutmak için termostat kontrollü ısıtıcı, sirkülasyon pompası ve alt ızgara ile birlikte set olarak verilmektedir. 1000x2000x800 mm ölçülerinde. 
220 V, 50–60 Hz, 1 ph.";"Curing Tank. Polyethylene. complete with a heater, a circulating pump, coated plate, supplied with racks. Internal Dimensions:  1000x2000x800 mm (wxlxh), 
220 V, 50-60 Hz, 1 ph";0,00;17883,00;2025-09-04 15:23:18.966;0,00;1350,00;0,00
LT-C0111;Belli Değil;"Kür Tankı; Polietilen malzemeden üretilmiştir. Su sıcaklığını 20C ±2C de sabit tutmak için termostat kontrollü ısıtıcı, sirkülasyon pompası ve alt ızgara ile birlikte set olarak verilmektedir. 800x1850x700 mm ölçülerinde. 
220 V, 50-60 Hz, 1 ph";"Curing Tank. Polyethylene. complete with a heater, a circulating pump, coated plate, supplied with racks. 
Internal Dimensions:  800x1850x700 mm. 220 V, 50-60 Hz, 1 ph";0,00;16536,00;2025-09-04 15:23:18.967;0,00;1218,00;0,00
LT-C0112;Belli Değil;"Kür Tankı; Galvaniz malzemeden üretilmiştir. Su sıcaklığını 20C ±2C de sabit tutmak için termostat kontrollü ısıtıcı, sirkülasyon pompası ve alt ızgara ile birlikte set olarak verilmektedir. 80x150x55 cm ölçülerinde. 
220 V, 50-60 Hz, 1 ph";"Curing Tank. Galvanised. complete with a heater, a circulating pump, coated plate, supplied with racks. 
Internal Dimensions: 80x150x55 mm. 220 V, 50-60 Hz, 1 ph";0,00;1700,00;2025-09-04 15:23:18.968;0,00;1200,00;0,00
LT-C0113;Belli Değil;"Kür Tankı; Paslanmaz çelik malzemeden üretilmiştir. Su sıcaklığını 20C ±2C de sabit tutmak için termostat kontrollü ısıtıcı, sirkülasyon pompası ve alt ızgara ile birlikte set olarak verilmektedir. 80x150x55 mm ölçülerinde. 
220 V, 50-60 Hz, 1 ph";"Curing Tank. Stainless Steel. complete with a heater, a circulating pump, coated plate, supplied with racks. 
Internal Dimensions: 80x150x55 mm, 220 V, 50-60 Hz, 1 ph";0,00;;2025-09-04 15:23:18.969;0,00;3150,00;0,00
LT-C0114;Belli Değil;Üst Raf;Set of Removable Upper Racks;0,00;;2025-09-04 15:23:18.970;0,00;90,00;0,00
LT-C0115;Belli Değil;"Termostat kontrollü ısıtıcı; Su sıcaklığını 20C ±2C de sabit tutmak için.";"Curing Tank Heater, thermostat controlled heater.
220 V, 50-60 Hz, 1ph";0,00;4830,00;2025-09-04 15:23:18.971;0,00;225,00;0,00
LT-C0116;Belli Değil;Sirkülasyon Pompası;Circulation pump;0,00;500,00;2025-09-04 15:23:18.972;0,00;147,00;0,00
LT-C0007;Belli Değil;Küp Kalıp Maşası;Tong for Cube Mould;0,00;;2025-09-04 15:23:18.973;0,00;60,00;0,00
LT-C0008;Belli Değil;"Portatif Termostat kontrollü ısıtıcı; Su sıcaklığını 20C ±2C de sabit tutmak için Sirkülasyon motorlu";"Portable Curing Tank Heater, thermostat controlled heater with circulation pump
220 V, 50-60 Hz, 1ph";0,00;750,00;2025-09-04 15:23:18.974;0,00;345,00;0,00
LT-C0009;Belli Değil;Kür Tankı Dijital Gösterge;Curing Tank Digital Indicator;0,00;150,00;2025-09-04 15:23:18.975;0,00;108,00;0,00
LT-C0008/1;Belli Değil;Kür Tankı Rezistansı (LİYA TEST);Curing Tank Resistance (LİYA TEST);0,00;600,00;2025-09-04 15:23:18.976;0,00;45,00;0,00
LT-C0117;Belli Değil;"Hızlandırılmış Kür Tankı                              
Cidarlı,   28 günlük bekleme süresini 1 güne indirmek için kullanılır,   Altta bulunan buharlaştırıcı yardımıyla oluşan sıcak su ile kürlemek suretiyle betonun mukavemetini artırır, Aynı anda 8 adet 15'lik küp alabilir, İç hazne komple 304 kalite paslanmaz çelik(900x640x670 mm), Dış hazne ile iç hazne arası izoleli, Kumanda panosu ve kapağıyla birlikte. ";Accelerated Curing Tank;0,00;;2025-09-04 15:23:18.977;0,00;3000,00;0,00
LT-C0061;Belli Değil;"Manuel Aşındırma Cihazı. (Traşlama Makinası)
Numunelerin yüzeylerinin düzeltilmesi ve paralelliğinin sağlanması amacıyla kullanılmaktadır. 75 ile 150 mm çaplı numuneler arasında kullanılabilmektedir.Tek Numunelidir. 380 V, 50 Hz, 3 ph";"Manuel Grinding Machine.
Provides fast grinding of specimen ends to obtain plane and parallel surfaces. Suitable for 75 to 150 mm dia samples. Can be test for single sample. 220 V, 50 Hz, 1 ph";0,00;116503,80;2025-09-04 15:23:18.978;0,00;4750,00;0,00
LT-C0060;Belli Değil;"Otomatik Öğütme Makinası. (Traşlama Makinası)
Numunelerin yüzeylerinin düzeltilmesi ve paralelliğinin sağlanması amacıyla kullanılmaktadır.
Uygun adaptörler ile aynı anda 4 adet ∅150x300 mm silindir numuneler veya   aynı anda 4 adet ∅100x200 mm silindir numune test edilebilir.
 Diğer aparatlar ayrıca sipariş edilmelidir. 380 V, 50 Hz, 3 ph";"Automatic Grinding Machine.
Provides fast grinding of specimen ends to obtain plane and parallel surfaces. Once  4 pieces ∅150x300 mm cylinders and or 4 pieces   ∅100x200 mm cylinders can be ground with the suitable adaptors. Other adapters can be ordered seperately. 380 V, 50 Hz, 3 ph";0,00;116503,80;2025-09-04 15:23:18.979;0,00;12315,00;0,00
LT-C0060/1;Belli Değil;Otomatik Öğütme Makinası için Yedek Bıçak;Diamond Cutting Wheel;0,00;2000,00;2025-09-04 15:23:18.980;0,00;576,00;0,00
LT-C0060/1;Belli Değil;Otomatik Öğütme Makinası için Yedek Bıçak;Diamond Cutting Wheel;0,00;2000,00;2025-09-04 15:23:18.981;0,00;576,00;0,00
LT-C0060/2;Belli Değil;Ø150x300 mm silindir numuneler için adaptör;Adaptors for Ø150x300 mm cylinder samples;0,00;;2025-09-04 15:23:18.982;0,00;150,00;0,00
LT-C0060/3;Belli Değil;Ø100x200 mm silindir numuneler için adaptör;Adaptors for Ø100x200 mm cylinder samples;0,00;;2025-09-04 15:23:18.983;0,00;150,00;0,00
LT-C0060/4;Belli Değil;Ø150 mm küp numuneler için adaptör;Adaptors for Ø150 mm cube samples;0,00;;2025-09-04 15:23:18.984;0,00;150,00;0,00
LT-C0060/5;Belli Değil;Ø 35 mm, max. Ø 150 mm karot numuneler için adaptör;Adaptors for Ø 35 mm, max. Ø 150 mm core samples;0,00;;2025-09-04 15:23:18.985;0,00;150,00;0,00
LT-C0120;Belli Değil;"İklimlendirme Test Kabini;
Kullanılır hacim: 120 litre
Sıcaklık Çalısma Aralıgı : -20 °C / +60 °C ile 0 °C / +60 °C
Nemli sıcaklık aralıgı : 10 ºC / +60 ºC
Nem aralıgı : 20% - 95% Rh
Sıcaklık Hassasiyeti : ± 0.1 ºC
Nem Hassasiyeti : 1 % Rh
220 V, 50-60 Hz, 1 ph";"Climatic Chamber. 
Capacity: 120 L,
Temperature Range:  -20 °C / +60 °C and 0 °C / +60 °C 
Temperature Range with Humidity: 10 ºC / +60 ºC , 
Humidity Range: 20% - 95% Rh 
Temperature Sensitivity: ± 0.1 ºC
Humidity Sensitivity: 1 % Rh
220 V, 50-60 Hz, 1 ph";0,00;62500,00;2025-09-04 15:23:18.986;0,00;8100,00;0,00
LT-C0121;Belli Değil;"İklimlendirme Test Kabini;
Kullanılır hacim: 250 litre
Sıcaklık Çalısma Aralıgı : -20 °C / +60 °C ile 0 °C / +60 °C
Nemli sıcaklık aralıgı : 10 ºC / +60 ºC
Nem aralıgı : 20% - 95% Rh
Sıcaklık Hassasiyeti : ± 0.1 ºC
Nem Hassasiyeti : 1 % Rh
220 V, 50-60 Hz, 1 ph";"Climatic Chamber. 
Capacity: 250 L,
Temperature Range:  -20 °C / +60 °C and 0 °C / +60 °C 
Temperature Range with Humidity: 10 ºC / +60 ºC , 
Humidity Range: 20% - 95% Rh 
Temperature Sensitivity: ± 0.1 ºC
Humidity Sensitivity: 1 % Rh
220 V, 50-60 Hz, 1 ph";0,00;28000,00;2025-09-04 15:23:18.987;0,00;9900,00;0,00
LT-C0122;Belli Değil;"İklimlendirme Test Kabini;
Kullanılır hacim: 500 litre
Sıcaklık Çalısma Aralıgı : -20 °C / +60 °C ile 0 °C / +60 °C
Nemli sıcaklık aralıgı : 10 ºC / +60 ºC
Nem aralıgı : 20% - 95% Rh
Sıcaklık Hassasiyeti : ± 0.1 ºC
Nem Hassasiyeti : 1 % Rh
220 V, 50-60 Hz, 1 ph";"Climatic Chamber. 
Capacity: 500 L,
Temperature Range:  -20 °C / +60 °C and 0 °C / +60 °C 
Temperature Range with Humidity: 10 ºC / +60 ºC , 
Humidity Range: 20% - 95% Rh 
Temperature Sensitivity: ± 0.1 ºC
Humidity Sensitivity: 1 % Rh
220 V, 50-60 Hz, 1 ph";0,00;85000,00;2025-09-04 15:23:18.988;0,00;12900,00;0,00
LT-C6000;Belli Değil;ConSensor 2.0;Concrete Strength Measure (Online);0,00;5910,00;2025-09-04 15:23:18.989;0,00;11730,00;0,00
LT-C1254 ;Belli Değil;"İlk Emme Kiti, betonun yüzey emme özelliklerini değerlendirmek için kullanılır.
200 mm'lik sabit bir basma basıncına maruz kaldığında beton yüzeyine birim alan başına su akış hızı ölçülür. Ünite, bir ölçeğe monte edilmiş bir kapiler tüp, bir su haznesi ve bağlantı tüplerinden oluşur.";"Initial Absorption Kit is used to assess the surface absorption
characteristics of concrete. The rate of flow of water per unit area into a concrete surface when subjected to a constant head of 200 mm is measured. The unit consists of a capillary tube mounted on a scale, a water reservoir & connecting tubes";;;2025-09-04 15:23:18.990;;;
LT-CE0610;Belli Değil;Söndürme Kabı EN 459-2, kirecin verim tayininde kullanılır. ;Slaking vessel EN 459-2, used to determine yield of lime. ;;;2025-09-04 15:23:18.991;;;
LT-U0600;Belli Değil;"60 ton kapasiteli Demir Çekme Cihazı; 60 ton'a kadar Çekme ve Basma deneyleri yapılabilmektedir. 4 adet kolon üzerine oturtulmuş olan Yükleme Gövdesi, Otomatik Hidrolik Güç Ünitesi, Dijital veri okuma & kontrol sistemi, Yazılım, Özel yüksek mukavemetli çelikten mamul Hidrolik Çene Seti ile birlikte verilmektedir.
0-30 mm düz ve 8-32 mm çaplı numuneler test edilebilmektedir.
Düz numuneler için aparatlar ayrıca sipariş edilmelidir.
***Bilgisayar opsiyoneldir. Laboratuvarınızda bulunan  bir Bilgisayar ile birlikte kullanılabilmektedir. 
220 V, 50 Hz, 1ph";"600 kN capacity Hydraulic Universal Testing Machine, consist of Load Frame, Automatic Hydraulic Power Pack, Digital data acquisition & control system, Software and Hydraulic Grips. Apart from tensile tests, Universal Test Machines can also be used for compression tests up to the capacity of the machine. 0-40 mm flat and 8-32 mm round samples can be tested on 600 kN capacity frame.
Adapters for 0-40 mm flat samples should be ordered separetely.
220 V, 50 Hz, 1 ph. Computer is optional. ";0,00;264615,20;2025-09-04 15:23:18.992;0,00;15500,00;17500,00
LT-U1000;Belli Değil;"100 ton kapasiteli Demir Çekme Cihazı; 100 ton'a kadar Çekme ve Basma deneyleri yapılabilmektedir. 4 adet kolon üzerine oturtulmuş olan Yükleme Gövdesi, Otomatik Hidrolik Güç Ünitesi, Dijital veri okuma & kontrol sistemi, Yazılım, Özel yüksek mukavemetli çelikten mamul Hidrolik Çene Seti ile birlikte verilmektedir.
0-30 mm düz ve 8-40 mm çaplı numuneler test edilebilmektedir.
Düz numuneler için aparatlar ayrıca sipariş edilmelidir.
***Bilgisayar opsiyoneldir. Laboratuvarınızda bulunan bir Bilgisayar ile birlikte kullanılabilmektedir.
220 V, 50 Hz, 1ph";1000 kN capacity Hydraulic Universal Testing Machine, consist of Load Frame, Automatic Hydraulic Power Pack, Digital data acquisition & control system, Software and Hydraulic Grips. Apart from tensile tests, Universal Test Machines can also be used for compression tests up to the capacity of the machine. 0-40 mm flat and 8-40 mm round samples can be tested on 1000 kN capacity frame. Adapters for 0-40 mm flat samples should be ordered separetely. 220 V, 50 Hz, 1 ph. Computer is optional. ;0,00;328962,90;2025-09-04 15:23:18.993;0,00;21350,00;22000,00
LT-U0600S;Belli Değil;"Servo Hidrolik 60 ton kapasiteli Demir Çekme Cihazı; 60 ton'a kadar Çekme ve Basma deneyleri yapılabilmektedir. 4 adet kolon üzerine oturtulmuş olan Yükleme Gövdesi, Otomatik Servo Hidrolik Güç Ünitesi, Dijital veri okuma & kontrol sistemi, Yazılım, Özel yüksek mukavemetli çelikten mamul Hidrolik Çene Seti ile birlikte verilmektedir.
0-30 mm düz ve 8-32 mm çaplı numuneler test edilebilmektedir.
Düz numuneler için aparatlar ayrıca sipariş edilmelidir.
***Bilgisayar opsiyoneldir. Laboratuvarınızda bulunan  bir Bilgisayar ile birlikte kullanılabilmektedir. 
220 V, 50 Hz, 1ph";"600 kN capacity Servo Hydraulic Universal Testing Machine, consist of Load Frame, Automatic Servo Hydraulic Power Pack, Digital data acquisition & control system, Software and Hydraulic Grips. Apart from tensile tests, Universal Test Machines can also be used for compression tests up to the capacity of the machine. 0-40 mm flat and 8-32 mm round samples can be tested on 600 kN capacity frame.
Adapters for 0-40 mm flat samples should be ordered separetely.
220 V, 50 Hz, 1 ph. Computer is optional. ";0,00;264615,20;2025-09-04 15:23:18.994;0,00;15500,00;17500,00
LT-U1000S;Belli Değil;"Servo Hidrolik 100 ton kapasiteli Demir Çekme Cihazı; 100 ton'a kadar Çekme ve Basma deneyleri yapılabilmektedir. 4 adet kolon üzerine oturtulmuş olan Yükleme Gövdesi, Otomatik Servo Hidrolik Güç Ünitesi, Dijital veri okuma & kontrol sistemi, Yazılım, Özel yüksek mukavemetli çelikten mamul Hidrolik Çene Seti ile birlikte verilmektedir.
0-30 mm düz ve 8-40 mm çaplı numuneler test edilebilmektedir.
Düz numuneler için aparatlar ayrıca sipariş edilmelidir.
***Bilgisayar opsiyoneldir. Laboratuvarınızda bulunan bir Bilgisayar ile birlikte kullanılabilmektedir.
220 V, 50 Hz, 1ph";1000 kN capacity Servo Hydraulic Universal Testing Machine, consist of Load Frame, Automatic Servo Hydraulic Power Pack, Digital data acquisition & control system, Software and Hydraulic Grips. Apart from tensile tests, Universal Test Machines can also be used for compression tests up to the capacity of the machine. 0-40 mm flat and 8-40 mm round samples can be tested on 1000 kN capacity frame. Adapters for 0-40 mm flat samples should be ordered separetely. 220 V, 50 Hz, 1 ph. Computer is optional. ;0,00;328962,90;2025-09-04 15:23:18.995;0,00;21350,00;22000,00
LT-U0660;Belli Değil;600 kN Kapasiteli Boru Test Presi Gövdesi ve Loadcell. Teste tabi olacak boruların iç çapı max 2400 mm.;Concrete Pipe  Testing Machines 600 kN;0,00;291232,12;2025-09-04 15:23:18.996;0,00;;
LT-U1100;Belli Değil;1000kN Kapasiteli Boru Test Presi Gövdesi ve Loadcell. Teste tabi olacak boruların iç çapı max 3000 mm.;Concrete Pipe  Testing Machines 1000 kN;0,00;568291,20;2025-09-04 15:23:18.997;0,00;;
LT-R0060;Belli Değil;"600 kN Otomatik Karot-Kaya Test Presi; EN, Yükleme Gövdesi, Otomatik Hidrolik Güç Ünitesi, Dijital veri okuma & kontrol sistemi, Yazılım,  Ø 200x50 mm, Ø 200x70 mm ve Ø 200x80 mm Ara Mesafe Parçaları, Oynarbaşlık sistemli Üst Plaka,  Ø300 mm, Alt Plaka Ø300 mm ile birlikte set olarak verilmektedir. 220 V, 50-60 Hz, 1 ph
***Bilgisayar opsiyoneldir. Laboratuvarınızda bulunan 32 bit işletim sistemli bir Bilgisayar ile birlikte kullanılabilmektedir. ";"600 kN Automatic Core-Rock Compression Testing Machine; EN, consist of Load Frame, Automatic Hydraulic Power Pack, Digital data acquisition & control system, Software, Distance Pieces, Ø 205x25 mm, Ø 205x50 mm and Ø 205x80 mm, Upper Platen (with ball seating assembly) Ø300 mm, Lower Platen Ø300 mm, Loading Cylinder Assembly & Limit Switch for safety, Front and Rear Protective Doors for safety. 220 V, 50-60 Hz, 1 ph
***Computer should be ordered separately.";0,00;;2025-09-04 15:23:18.998;0,00;7850,00;0,00
LT-R0061;Belli Değil;"600 kN Otomatik Karot-Kaya Test Presi; ASTM, Yükleme Gövdesi, Otomatik Hidrolik Güç Ünitesi, Dijital veri okuma & kontrol sistemi, Yazılım,  Ø 165x25 mm, Ø 165x50 mm ve Ø 165x80 mm Ara Mesafe Parçaları, Oynarbaşlık sistemli Üst Plaka,  Ø165 mm, Alt Plaka Ø165 mm ile birlikte set olarak verilmektedir. 220 V, 50-60 Hz, 1 ph
***Bilgisayar opsiyoneldir. Laboratuvarınızda bulunan 32 bit işletim sistemli bir Bilgisayar ile birlikte kullanılabilmektedir. ";"600 kN Automatic Core-Rock Compression Testing Machine; ASTM, consist of Load Frame, Automatic Hydraulic Power Pack, Digital data acquisition & control system, Software, Distance Pieces, Ø 165x25 mm, Ø 165x50 mm and Ø 165x80 mm, Upper Platen (with ball seating assembly) Ø165 mm, Lower Platen Ø165 mm, Loading Cylinder Assembly & Limit Switch for safety, Front and Rear Protective Doors for safety. 220 V, 50-60 Hz, 1 ph
***Computer should be ordered separately.";0,00;;2025-09-04 15:23:18.999;0,00;7550,00;0,00
LT-R0060/1;Belli Değil;"600 kN kapasiteli Karot-Kaya Testi EN Yükleme gövdesi.
Ø 205x50mm, Ø 205x70 mm ve Ø 205x80 mm Ara Mesafe Parçaları, Oynarbaşlık sistemli Üst Plaka,  Ø300 mm, Alt Plaka Ø300 mm ile birlikte set olarak verilmektedir.";"600 kN capacity Concrete Compression Load Frame, EN, 
Complete with Distance Pieces, Ø 205x25 mm, Ø 205x50 mm and Ø 205x80 mm, Upper Platen (with ball seating assembly) Ø300 mm, Lower Platen Ø300 mm, Loading Cylinder Assembly & Limit Switch for safety, Front and Rear Protective Doors for safety.";0,00;;2025-09-04 15:23:18.1000;0,00;3875,00;0,00
LT-R0061/1;Belli Değil;"600 kN kapasiteli Karot-Kaya Testi ASTM Yükleme gövdesi.
Ø 165x25 mm, Ø 165x50 mm ve Ø 165x80 mm Ara Mesafe Parçaları, Oynarbaşlık sistemli Üst Plaka,  Ø165 mm, Alt Plaka Ø165 mm ile birlikte set olarak verilmektedir. ";"600 kN capacity Concrete Compression Load Frame, ASTM, 
Complete with Distance Pieces, Ø 165x25 mm, Ø 165x50 mm and Ø 165x80 mm, Upper Platen (with ball seating assembly) Ø165 mm, Lower Platen Ø165 mm, Loading Cylinder Assembly & Limit Switch for safety, Front and Rear Protective Doors for safety.";0,00;;2025-09-04 15:23:18.1001;0,00;3575,00;0,00
LT-C0031;Belli Değil;"Silindir başlıklama Seti; 100 ve 150 mm çaplı silindir numuneler için kullanılan plakaları ile birlikte verilmektedir.
75 mm çaplı plakalar ayrıca sipariş edilmelidir.";"Cylinder Capping Set, for 100 mm and 150 mm diameter cylinders/cores. 
Ø 75 mm cylinder specimens should be ordered separately.";0,00;1000,00;2025-09-04 15:23:18.1002;0,00;150,00;0,00
LT-C0031/1;Belli Değil;Silindir Başlıklama Çerçevesi;Cylinder Capping Frame;0,00;115,00;2025-09-04 15:23:18.1003;0,00;67,50;0,00
LT-C0031/2;Belli Değil;Başlıklama Plakası, Ø 75x20 mm;Base Plate, Ø 75x20 mm;0,00;40,00;2025-09-04 15:23:18.1004;0,00;30,00;0,00
LT-C0031/3;Belli Değil;Başlıklama Plakası, Ø 100x20 mm;Base Plate, Ø 100x20 mm;0,00;50,00;2025-09-04 15:23:18.1005;0,00;38,00;0,00
LT-C0031/4;Belli Değil;Başlıklama Plakası, Ø 150x20 mm;Base Plate, Ø 150x20 mm;0,00;60,00;2025-09-04 15:23:18.1006;0,00;45,00;0,00
LT-C0030;Belli Değil;Ergitme Potası, 3,5 litre kapasitelidir. Başlıklama bileşiğinin (kükürt) eritilmesi amacıyla tasarlanmıştır. Termostat kontrollü ısıtıcı, 40- 350°C arasında sıcaklığı sabit tutabilmektedir. Kapaklıdır. Kepçe ile birlikte verilmektedir. Kükürt ve Grafit ayrıca sipariş edilmelidir. 220 V, 50/60 Hz, 1 ph;"Melting Pot, designed for melting capping compound, sulphur and similar materials, adjustable thermostat to deliver close temperature control automatically, 40 to 350°C, 3,5 liter capacity, Supplied with scoop. Sulphur and Graphite should be ordered separately. 
220 V, 50/60 Hz, 1 ph";0,00;450,00;2025-09-04 15:23:18.1007;0,00;270,00;0,00
LT-G0715;Belli Değil;Kükürt 1 kg;Sulphur. 1 kg;0,00;30,00;2025-09-04 15:23:18.1008;0,00;7,20;0,00
LT-G0715/1;Belli Değil;Kükürt 25 kg;Sulphur. 25 kg;0,00;450,00;2025-09-04 15:23:18.1009;0,00;75,00;0,00
LT-G0716;Belli Değil;Grafit 1 kg;Graphite. 1 kg;0,00;100,00;2025-09-04 15:23:18.1010;0,00;12,00;0,00
LT-G0716/1;Belli Değil;Grafit 25 kg;Graphite. 25 kg;0,00;1250,00;2025-09-04 15:23:18.1011;0,00;195,00;0,00
LT-G0165;Belli Değil;Kepçe;Scoop;0,00;20,00;2025-09-04 15:23:18.1012;0,00;10,80;0,00
LT-C0050;Belli Değil;∅ 150 mm Beton Test Silindiri için ∅ 160 mm Çelik Başlık (1 adet fiyatıdır);ø 150 mm Capping Retainers;0,00;180,00;2025-09-04 15:23:18.1013;0,00;;
LT-C0050/1;Belli Değil;∅ 150 mm Beton Test Silindiri için ∅ 160 mm Neopren Başlık, Shore 70 Sertliğinde (1 adet fiyatıdır);ø 150 mm Neoprene Pads;0,00;70,00;2025-09-04 15:23:18.1014;0,00;;
LT-C0051;Belli Değil;∅ 100 mm Beton Test Silindiri için Çelik Başlık (1 adet fiyatıdır);ø 100 mm Capping Retainers;0,00;200,00;2025-09-04 15:23:18.1015;0,00;;
LT-C0051/1;Belli Değil;∅ 100 mm beton karot numuneleri için Neopren Başlık. (1 adet fiyatıdır);ø 100 mm Neoprene Pads;0,00;65,00;2025-09-04 15:23:18.1016;0,00;;
LT-C0130;Belli Değil;Masa Tipi Kesme Makinası, 350mm bıçak çapı, 125 mm kesme derinliği, 470mm kesme uzunluğu, 0.37 hp- 220V sulu kesim motoru, 3hp 380V elektrik motorlu. Karot numuneleri için Mengene opsiyoneldir, ayrıca sipariş edilmelidir.;Masonry Saw (Specimen Cutting Machine) Ø350 mm blade dia., 125mm cutting depth, 470mm cutting length, 0.37 hp 220V water pump, 3 hp 380V electric motor.;0,00;35953,25;2025-09-04 15:23:18.1017;0,00;1755,00;0,00
LT-C0130/1;Belli Değil;Kesme Bıçağı, elmas dişli, 350mm çaplı;Cutting Blade, Ø350mm;0,00;600,00;2025-09-04 15:23:18.1018;0,00;150,00;0,00
LT-C0130/2;Belli Değil;Masa Tipi Kesme Makinası, 350mm bıçak çapı, 125 mm kesme derinliği, 470mm kesme uzunluğu, 0.37 hp- 220V sulu kesim motoru, 3hp 220V elektrik motorlu.Karot numuneleri için Mengene opsiyoneldir, ayrıca sipariş edilmelidir.;Concrete Cutting Machine. bench type, 350 mm blade dia., 125mm cutting depth, 470mm cutting length, 0.37 hp 220V water pump, 3 hp 220V electric motor.;0,00;6500,00;2025-09-04 15:23:18.1019;0,00;1860,00;0,00
LT-C0131;Belli Değil;Masa Tipi Kesme Makinası, 450mm bıçak çapı, 175 mm kesme derinliği, 420 mm kesme uzunluğu, 0.37 hp- 220V sulu kesim motoru, 4hp 380V elektrik motorlu.Karot numuneleri için Mengene opsiyoneldir, ayrıca sipariş edilmelidir.;Masonry Saw (Specimen Cutting Machine) Ø450 mm blade, 175mm cutting depth, 420mm cutting length, 0.37 hp 220V water pump, 4 hp 380V electric motor.;0,00;14500,00;2025-09-04 15:23:18.1020;0,00;1950,00;0,00
LT-C0131/1;Belli Değil;Kesme Bıçağı, elmas dişli, 450mm çaplı;Cutting Blade, Ø450 mm;0,00;700,00;2025-09-04 15:23:18.1021;0,00;300,00;0,00
LT-C0131/2;Belli Değil;Masa Tipi Kesme Makinası, 450mm bıçak çapı, 175 mm kesme derinliği, 420 mm kesme uzunluğu, 0.37 hp- 220V sulu kesim motoru, 4hp 220V elektrik motorlu.Karot numuneleri için Mengene opsiyoneldir, ayrıca sipariş edilmelidir.;Concrete Cutting Machine. bench type, 450 mm blade dia., 175mm cutting depth, 420mm cutting length, 0.37 hp 220V water pump, 4 hp 220V electric motor.;0,00;5000,00;2025-09-04 15:23:18.1022;0,00;2010,00;0,00
LT-C0132;Belli Değil;Masa Tipi Kesme Makinası, Bims-Ytong Kesme, 600mm bıçak çapı, 250 mm kesme derinliği, 500 mm kesme uzunluğu, 0.37 hp- 220V sulu kesim motoru, 5,5 hp 380V elektrik motorlu.Karot numuneleri için Mengene opsiyoneldir, ayrıca sipariş edilmelidir.;Masonry Saw (Specimen Cutting Machine) Ø600 mm blade, 250 mm cutting depth, 500mm cutting length, 0.37 hp 220V water pump, 5,5 hp 380V electric motor.;0,00;6500,00;2025-09-04 15:23:18.1023;0,00;2250,00;0,00
LT-C0132/1;Belli Değil;Kesme Bıçağı, elmas dişli, 600 mm çaplı;Cutting Blade, Ø600mm;0,00;800,00;2025-09-04 15:23:18.1024;0,00;390,00;0,00
LT-C0133;Belli Değil;Masa Tipi Kesme Makinası, 350 mm bıçak çapı, 130 mm kesme derinliği, 1800 mm kesme uzunluğu, 0.37 hp- 220V sulu kesim motoru, 4 hp 380V elektrik motorlu.Karot numuneleri için Mengene opsiyoneldir, ayrıca sipariş edilmelidir.;Concrete Cutting Machine, big size. bench type, 350 mm blade dia., 130mm cutting depth, 18000 mm cutting length, 0.37 hp 220V water pump, 4 hp 380V electric motor.;0,00;5000,00;2025-09-04 15:23:18.1025;0,00;4650,00;0,00
LT-C0133/1;Belli Değil;Kesme Bıçağı, elmas dişli, 350mm çaplı;Cutting Blade, Ø350mm;0,00;335,00;2025-09-04 15:23:18.1026;0,00;156,00;0,00
LT-C0134;Belli Değil;Karot numuneleri için Mengene;Clamp for Concrete Cutting Machine;0,00;;2025-09-04 15:23:18.1027;0,00;165,00;0,00
LT-G0600;Belli Değil;"Karot Alma Makinası;                                                     
2600 W, Delme çapı : 50-255mm, 2 Devirli  460rpm-840rpm. Metal gövde, Ana mil etrafında 360 derece dönebilen su başlığı,  Kumanda şalteri ( voltaj korumalı- makinayı açma/kapama butonu), Debriyaj sistemi, Hafif rahat taşınabilir. Karot makinası ayağı ile birlikte verilmektedir. Ağırlık: 25,2 kg. 220 V, 50-60 Hz, 1 ph";"Universal Coring Machine; 2600W, Drilling dia: 50-255, Two speeds: 460rpm-840rpm. Metal frame, Feed lever change without any tool (right/left side). Feed lever – drilling in tight areas. Quick-change plate – motor/rig. Weight: 25,2 kg. 220 V, 50-60 Hz, 1 ph";0,00;43000,00;2025-09-04 15:23:18.1028;0,00;1923,00;0,00
LT-G0603;Belli Değil;"Karot Alma Makinası, HİLTİ. 
2200 W, max delme çapı: 25-202mm. 3 Devirli: 420rpm-700-1570 rpm,  Karot makinası ayağı, sulu kesim için bağlantı hortumu ile birlikte verilmektedir. 16,3 Kg.  230V, 50-60 Hz, 1 ph";Universal Coring Machine, motor max power 2200W, three speeds: 420rpm-700-1570rpm, coring range 25-202mm. Supplied complete with stabilising feet, connection hose. 16,3 kg. 230V, 50-60 Hz, 1 ph ;0,00;12500,00;2025-09-04 15:23:18.1029;0,00;0,00;0,00
LT-G0604;Belli Değil;"Karot Alma Makinası, HİLTİ.
2500 W, 2 hızlı: 360rpm-850rpm, max delme çapı: 52-250mm, delme derinliği: 600mm, yumuşak başlangıç ve aşırı yükleme koruması mevcuttur. Karot makinası ayağı, sulu kesim için bağlantı hortumu, bıçakları kolay söküp takmak için anahtarı standart olarak verilmektedir. 26 Kg.  220-240V, 50-60 Hz, 1 ph";Universal Coring Machine, motor max power 2500W, two speeds: 360rpm-850rpm, coring range 52-250mm, coring depth: 600mm, soft start and thermal overload protection. Supplied complete with stabilising feet, connection hose and strap wrench for fitting and removal of core bits. 26 kg. 220-240V, 50-60 Hz, 1 ph ;0,00;18500,00;2025-09-04 15:23:18.1030;0,00;0,00;0,00
LT-G0605;Belli Değil;Karot Alma Makinası, 2800 W, 2 hızlı: 450rpm-900rpm, max delme çapı: 152-254mm. Karot makinası sehpası, sulu kesim için bağlantı hortumu, bıçakları kolay söküp takmak için anahtarı standart olarak verilmektedir.  220-240V, 50-60 Hz, 1 ph;Universal Coring Machine, motor max power 2800W, two speeds: 450rpm-900rpm, coring range 152-254mm. Supplied complete with stabilising feet, connection hose and strap wrench for fitting and removal of core bits. 220-240V, 50-60 Hz, 1 ph ;0,00;;2025-09-04 15:23:18.1031;0,00;7200,00;0,00
LT-G0606;Belli Değil;Laboratuvar Tipi Karot Makinası, büyük boyutlu kaya, doğal taş ve beton numunelerinden karot alınması için. Karot bıçakları ayrıca sipariş edilmeliri. 230V, 50-60Hz, 1faz.;Laboratory Type Core Drilling Machine, for taking core samples from large sized rock, natural stone and concrete samples. Coring bits should be ordered seperately.230V, 50-60Hz, 1ph.;0,00;;2025-09-04 15:23:18.1032;0,00;4650,00;
LT-G0606/1;Belli Değil;Karot Bıçağı, Ø  21.46mm;Core Bit, Ø  21.46mm;;;2025-09-04 15:23:18.1033;;;
LT-G0606/2;Belli Değil;Karot Bıçağı, Ø  30.10 mm;Core Bit, Ø  30.10 mm;;;2025-09-04 15:23:18.1034;;;
LT-G0606/3;Belli Değil;Karot Bıçağı, Ø  38.10mm;Core Bit, Ø  38.10mm;;;2025-09-04 15:23:18.1035;;;
LT-G0606/4;Belli Değil;Karot Bıçağı, Ø  42.04 mm;Core Bit, Ø  42.04 mm;;;2025-09-04 15:23:18.1036;;;
LT-G0606/5;Belli Değil;Karot Bıçağı, Ø  54.74 mm;Core Bit, Ø  54.74 mm;;;2025-09-04 15:23:18.1037;;;
LT-G0606/6;Belli Değil;Karot Bıçağı, Ø   60.50mm;Core Bit, Ø   60.50mm;;;2025-09-04 15:23:18.1038;;;
LT-G0610;Belli Değil;Karot Bıçağı, beton numuneleri için, Ø50 mm, 400mm boy;For concrete sampling, segment type diamond coring bit, 50mm dia, 400mm height.;0,00;1500,00;2025-09-04 15:23:18.1039;0,00;150,00;0,00
LT-G0615;Belli Değil;Karot Bıçağı, kaya numuneleri için, NX, Ø54,74 mm, 400mm boy;For rock sampling, segment type diamond coring bit, 54,74mm dia, 400mm height.;0,00;;2025-09-04 15:23:18.1040;0,00;165,00;0,00
LT-G0611;Belli Değil;Karot Bıçağı, beton numuneleri için, Ø75 mm, 400mm boy;For concrete sampling, segment type diamond coring bit, 75mm dia, 400mm height.;0,00;1777,00;2025-09-04 15:23:18.1041;0,00;165,00;0,00
LT-G0612;Belli Değil;Karot Bıçağı, beton numuneleri için, Ø100 mm, 400mm boy;For concrete sampling, segment type diamond coring bit, 100mm dia, 400mm height.;0,00;2454,00;2025-09-04 15:23:18.1042;0,00;180,00;0,00
LT-G0613;Belli Değil;Karot Bıçağı, beton numuneleri için, Ø150 mm, 400mm boy;For concrete sampling, segment type diamond coring bit, 150mm dia, 400mm height.;0,00;3600,00;2025-09-04 15:23:18.1043;0,00;249,00;0,00
LT-G0614;Belli Değil;Karot Bıçağı, beton numuneleri için, Ø200 mm, 400mm boy;For concrete sampling, segment type diamond coring bit, 200mm dia, 400mm height.;0,00;5000,00;2025-09-04 15:23:18.1044;0,00;330,00;0,00
LT-C0140;Belli Değil;"Donatı Çekme Cihazı 30 Ton;(BULON ÇEKME CİHAZI) Betona ankre edilen donatıların çekme dayanımlarını ve sıyrılma değerlerini tespit etmek amacıyla kullanılmaktadır. Kapasite : 30 ton, Manometreli olan cihaz Hidrolik el pompalıdır. Q 32mm'e kadar demir Çekebilmektedir. 8-10,12-14,16-18,20-22,24-26,28-30-32 mm ölçülerinde Özel 8 adet Çene Takımı ile birlikte verilmektedir.";Manuel Pull Out Test Apparatus. 30 ton capacity. Rebar Pull-Out Force Testers have a steel hydraulic cylinder and has 30 ton capacity hydraulic jack and hand pump. Complete with 8-10-12-14-16-18-20-22-24-26-28-30-32 mm Special Jaw Set.;0,00;61093,88;2025-09-04 15:23:18.1045;0,00;3150,00;0,00
LT-C0140/1;Belli Değil;"Donatı Çekme Cihazı 50 ton ;(BULON ÇEKME CİHAZI) Betona ankre edilen donatıların çekme dayanımlarını ve sıyrılma değerlerini tespit etmek amacıyla kullanılmaktadır. Kapasite : 30 ton, Manometreli olan cihaz Hidrolik el pompalıdır. Q 32mm'e kadar demir Çekebilmektedir. 8-10,12-14,16-18,20-22,24-26,28-30-32 mm ölçülerinde Özel 8 adet Çene Takımı ile birlikte verilmektedir.";Manuel Pull Out Test Apparatus. 50 ton capacity. Rebar Pull-Out Force Testers have a steel hydraulic cylinder and has 30 ton capacity hydraulic jack and hand pump. Complete with 8-10-12-14-16-18-20-22-24-26-28-30-32 mm Special Jaw Set.;0,00;61093,88;2025-09-04 15:23:18.1046;0,00;3150,00;0,00
LT-C0141;Belli Değil;"Dijital Donatı Çekme Cihazı 30 ton; Betona ankre edilen donatıların çekme dayanımlarını ve sıyrılma değerlerini tespit etmek amacıyla kullanılmaktadır. Kapasite : 30 ton, LPI Dijital veri okuma sistemi, 30 ton kapasiteli Hidrolik krikoya bağlıdır. El pompası 1 % hassasiyet sağlar ve yük yada çekme kuvveti değerleri okunabilmektedir. 
8-10-12-14-16-18-20-22-24-26-28-30-32 mm ölçülerinde Özel Çene Takımı ile birlikte verilmektedir.
 ";"Digital  Pull Out Test Apparatus. 30 ton capacity. Rebar Pull-Out Force Testers have a steel hydraulic cylinder. LPI Battery Operated Digital Readout Unit connected to a 30 tons capacity hydraulic jack
and hand pump provides 1 % sensitive load or tensional strength value readings. Complete with 8-10-12-14-16-18-20-22-24-26-28-30-32 mm Special Jaw Set.";0,00;68370,00;2025-09-04 15:23:18.1047;0,00;5082,00;0,00
LT-C0141/1;Belli Değil;"Dijital Donatı Çekme Cihazı 50 ton; Betona ankre edilen donatıların çekme dayanımlarını ve sıyrılma değerlerini tespit etmek amacıyla kullanılmaktadır. Kapasite : 30 ton, LPI Dijital veri okuma sistemi, 30 ton kapasiteli Hidrolik krikoya bağlıdır. El pompası 1 % hassasiyet sağlar ve yük yada çekme kuvveti değerleri okunabilmektedir. 
8-10-12-14-16-18-20-22-24-26-28-30-32 mm ölçülerinde Özel Çene Takımı ile birlikte verilmektedir.
 ";"Digital  Pull Out Test Apparatus. 50 ton capacity. Rebar Pull-Out Force Testers have a steel hydraulic cylinder. LPI Battery Operated Digital Readout Unit connected to a 30 tons capacity hydraulic jack
and hand pump provides 1 % sensitive load or tensional strength value readings. Complete with 8-10-12-14-16-18-20-22-24-26-28-30-32 mm Special Jaw Set.";0,00;68370,00;2025-09-04 15:23:18.1048;0,00;5082,00;0,00
LT-C0143;Belli Değil;"Donatı Çekme Krikosu; Hortumu ve Bağlantı aparatları ile birlikte.";Pull Out Hydraulic Jack. Complete with Hose and Connection apparatus.;0,00;2378,00;2025-09-04 15:23:18.1049;0,00;1920,00;0,00
LT-C0144;Belli Değil;Donatı Çekme Cihazı Pistonu;Piston. for Pull Out Test Apparatus.;0,00;;2025-09-04 15:23:18.1050;0,00;630,00;0,00
LT-C0142;Belli Değil;8-10-12-14-16-18-20-22-24-26-28-30-32 mm ölçülerinde Özel Çene Takımı, Çene Yuvası ile birlikte;Special Jaw Set. 8-10-12-14-16-18-20-22-24-26-28-30-32 mm.;0,00;;2025-09-04 15:23:18.1051;0,00;600,00;0,00
LT-C03278;Belli Değil;LPI Dijital veri okuma sistemi ve Basınç Transduseri;LPI Battery Operated Digital Readout Unit;0,00;;2025-09-04 15:23:18.1052;0,00;1200,00;0,00
LT-C0143;Belli Değil;Çene Yuvası;Jaw Seat;0,00;;2025-09-04 15:23:18.1053;0,00;144,00;0,00
LT-C0142/1;Belli Değil;Çene Seti Ø 8-10 mm;Jaw Set for Ø 8-10 mm;0,00;;2025-09-04 15:23:18.1054;0,00;57,00;0,00
LT-C0142/2;Belli Değil;Çene Seti Ø 12-14 mm;Jaw Set for Ø 12-14 mm;0,00;;2025-09-04 15:23:18.1055;0,00;57,00;0,00
LT-C0142/3;Belli Değil;Çene Seti Ø 16-18 mm;Jaw Set for Ø 16-18 mm;0,00;;2025-09-04 15:23:18.1056;0,00;57,00;0,00
LT-C0142/4;Belli Değil;Çene Seti Ø 20-22 mm;Jaw Set for Ø 20-22 mm;0,00;;2025-09-04 15:23:18.1057;0,00;57,00;0,00
LT-C0142/5;Belli Değil;Çene Seti Ø 24-26 mm;Jaw Set for Ø 24-26 mm;0,00;;2025-09-04 15:23:18.1058;0,00;57,00;0,00
LT-C0142/6;Belli Değil;Çene Seti Ø 28-30 mm;Jaw Set for Ø 28-30 mm;0,00;;2025-09-04 15:23:18.1059;0,00;57,00;0,00
LT-C0142/7;Belli Değil;Çene Seti Ø 30-32 mm;Jaw Set for Ø 30-32 mm;0,00;;2025-09-04 15:23:18.1060;0,00;57,00;0,00
LT-C0142/8;Belli Değil;Çene Seti Ø 32-34 mm;Jaw Set for Ø 32-34 mm;0,00;;2025-09-04 15:23:18.1061;0,00;57,00;0,00
LT-C0170;Belli Değil;"Beton Permeabilite Deney Seti, 3 numune kapasiteli, 150x150x150 mm, 200x200x200 mm küp yada 100x200 mm, 150x300mm numuneleri test etmeye uygundur. 8 bar'a kadar 0.2 bar hassasiyetle basınç ayarı yapılabilmektedir. Basınç, cihaz üzerindeki manometreden görülebilmektedir.
Set ; su miktarının ölçümü için büretler ve her hücre için sızdırmazlık contalarından oluşmaktadır. 8 barlık kompresörle birlikte çalışan cihaz için kompresör ayrıca sipariş edilmelidir.";"Concrete Impermeability Test Set, 3 specimen capacity, for 150x150x150 mm, 200x200x200 mm cube or 100x200 mm, 150x300mm cylinder specimens.  Pressure to the sample, up to 8 bar with 0,2 bar precision is generated by way of compressed air applied to the integral water tank and controlled by a pressure regulator; with a pressure gauge. The Air Compressor should be ordered separately.";0,00;41189,60;2025-09-04 15:23:18.1062;0,00;2525,00;0,00
LT-C0171;Belli Değil;"Beton Permeabilite Deney Seti, 6 numune kapasiteli, 150x150x150 mm, 200x200x200 mm küp yada 100x200 mm, 150x300mm numuneleri test etmeye uygundur. 8 bar'a kadar 0.2 bar hassasiyetle basınç ayarı yapılabilmektedir. Basınç, cihaz üzerindeki manometreden görülebilmektedir.
Set ; su miktarının ölçümü için büretler ve her hücre için sızdırmazlık contalarından oluşmaktadır. 8 barlık kompresörle birlikte çalışan cihaz için kompresör ayrıca sipariş edilmelidir.";"Concrete Impermeability Test Set, 6 specimen capacity, for 150x150x150 mm, 200x200x200 mm cube or 100x200 mm, 150x300mm cylinder specimens.  Pressure to the sample, up to 8 bar with 0,2 bar precision is generated by way of compressed air applied to the integral water tank and controlled by a pressure regulator; with a pressure gauge. The Air Compressor should be ordered separately.";0,00;61551,80;2025-09-04 15:23:18.1063;0,00;2937,00;0,00
LT-G0225;Belli Değil;"Kompresör 8 Bar / 25 lt. 220 V, 50 Hz, 1 ph
Hava Tabancası ve Spiral hortum ile birlikte";Air pressure Pump, 8 Bar / 25 lt. 220 V, 50 Hz, 1 ph;0,00;6500,00;2025-09-04 15:23:18.1064;0,00;345,00;0,00
LT-C0180;Belli Değil;Dijital Pull-Off Dayanım (Bond) Test Cihazı;Digital Pull-Off Strength (Bond) Tester;0,00;45000,00;2025-09-04 15:23:18.1065;0,00;4800,00;0,00
LT-C0180/1;Belli Değil;Delme ucu, merkezleme aparatı ile birlikte. Ø 50 mm;"Drill bit with centering bit for the preparation of the test surface, 
Ø 50 mm";0,00;;2025-09-04 15:23:18.1066;0,00;0,00;0,00
LT-C0180/2;Belli Değil;Delme ucu, merkezleme aparatı ile birlikte. Ø 20 mm;"Drill bit with centering bit for the preparation of the test surface, 
Ø 20 mm";0,00;;2025-09-04 15:23:18.1067;0,00;0,00;0,00
LT-C0180/3;Belli Değil;Metal yüzük, Ø 50 mm, 25 mm yükseklik, EN 1015-12;Metal ring (dinking die), Ø 50 mm, 25 mm high, for fresh plaster, to EN 1015-12;0,00;;2025-09-04 15:23:18.1068;0,00;0,00;0,00
LT-C0180/4;Belli Değil;Alüminyum kare plaka 50 mm x 50 mm, EN 1348;Aluminum square plate 50 mm x 50 mm to EN 1348;0,00;;2025-09-04 15:23:18.1069;0,00;0,00;0,00
LT-C0180/5;Belli Değil;Alüminyum Test Diski, Ø 50 mm x 20 mm kalınlık;Aluminum test disc Ø 50 mm x 20 mm thick;0,00;;2025-09-04 15:23:18.1070;0,00;0,00;0,00
LT-C0180/6;Belli Değil;Alüminyum Test Diski, Ø 20 mm x 20 mm kalınlık;Aluminum test disc Ø 20 mm x 20 mm thick;0,00;;2025-09-04 15:23:18.1071;0,00;0,00;0,00
LT-C0180/7;Belli Değil;Paslanmaz Çelik Test Diski, Ø 50 mm x 20 mm kalınlık, EN 1015-12;Stainless steel test disc Ø 50 mm x 20 mm thick to EN 1015-12;0,00;;2025-09-04 15:23:18.1072;0,00;0,00;0,00
LT-C0180/8;Belli Değil;Yapıştırıcı. 250 ml;Fast setting adhesive for pull-off test. 250 ml;0,00;;2025-09-04 15:23:18.1073;0,00;0,00;0,00
LT-C0180/9;Belli Değil;Seri Kablo;Serial cable;0,00;;2025-09-04 15:23:18.1074;0,00;0,00;0,00
LT-C0150;Belli Değil;"Beton Test Çekici (Schmidt Çekici); N tipi. Gövdesi Alüminyumdan imal edilmiştir. Ölçüm Aralığı: 10-70 N/mm² sıkışma dayanımı, Çarpma Enerjisi : 2.207 Joule (0,225 mkgf). Çarpma değeri çekiç üstünden direkt okunmaktadır. Aşındırma taşı ve Taşıma çantası ile birlikte set olarak verilmektedir.";Concrete Test Hammer (Schmidt Hammer), N Type, used to determine in-situ compressive strength of concrete. Measuring Range: 10-70 N/mm², Impact Energy: 2.207 Joule (0,225 mkgf). Aluminium body, Supplied complete with calibration curve chart in N/mm² (Mpa) values, abrasive stone and carrying case.;0,00;1806,70;2025-09-04 15:23:18.1075;0,00;510,00;0,00
LT-C0150/1;Belli Değil;"Beton Test Çekici (Schmidt Çekici); PROCEQ. 
N tipi. Gövdesi Alüminyumdan imal edilmiştir. Ölçüm Aralığı: 10-70 N/mm² sıkışma dayanımı, Çarpma Enerjisi : 2.207 Joule (0,225 mkgf). Çarpma değeri çekiç üstünden direkt okunmaktadır. Aşındırma taşı ve Taşıma çantası ile birlikte set olarak verilmektedir.";"Concrete Test Hammer (Schmidt Hammer), PROCEQ
N Type, used to determine in-situ compressive strength of concrete. Measuring Range: 10-70 N/mm², Impact Energy: 2.207 Joule (0,225 mkgf). Aluminium body, Supplied complete with calibration curve chart in N/mm² (Mpa) values, abrasive stone and carrying case.";0,00;;2025-09-04 15:23:18.1076;0,00;3660,00;0,00
LT-C0151;Belli Değil;"Beton Test Çekici (Schmidt Çekici); MENŞEİ: İTALYA
N tipi. Gövdesi Alüminyumdan imal edilmiştir. Ölçüm Aralığı: 10-120 N/mm² sıkışma dayanımı, Çarpma Enerjisi : 2.207 Joule (0,225 mkgf). Kullanma Kılavuzu, psi eğrileri, Not Defteri, Kalem, Aşındırma taşı, Pozisyon şablonu (uzunluğu 30 mm), Fenolftalein atomizör, omuz askılı çanta, Kalibrasyon ve QC belgesi ile birlikte verilmektedir.";"Concrete Test Hammer (Schmidt Hammer), ITALY.
N Type, used to determine in-situ compressive strength of concrete. Measuring Range: 10-120 N/mm², Impact Energy: 2.207 Joule (0,225 mkgf). Aluminium body, Supplied complete with calibration curve chart in N/mm² (Mpa) values, abrasive stone and carrying case.";0,00;;2025-09-04 15:23:18.1077;0,00;2100,00;0,00
LT-C0151/1;Belli Değil;"Elektronik Beton Test Çekici (SilverSchmidt Çekici); PROCEQ. 
N tipi. Gövdesi Alüminyumdan imal edilmiştir. Ölçüm Aralığı: 10-70 N/mm² sıkışma dayanımı, Çarpma Enerjisi : 2.207 Joule (0,225 mkgf). Çarpma değeri çekiç üstünden direkt okunmaktadır. Aşındırma taşı ve Taşıma çantası ile birlikte set olarak verilmektedir.";"Electronic Concrete Test Hammer (SilverSchmidt Hammer), PROCEQ
N Type, used to determine in-situ compressive strength of concrete. Measuring Range: 10-70 N/mm², Impact Energy: 2.207 Joule (0,225 mkgf). Aluminium body, Supplied complete with calibration curve chart in N/mm² (Mpa) values, abrasive stone and carrying case.";0,00;;2025-09-04 15:23:18.1078;0,00;6210,00;0,00
LT-C0153 ;Belli Değil;"Elektronik, Bilgisayar Bağlantılı Beton Test Çekici (SilverSchmidt Çekici); PROCEQ. 
N tipi. Gövdesi Alüminyumdan imal edilmiştir. Ölçüm Aralığı: 10-70 N/mm² sıkışma dayanımı, Çarpma Enerjisi : 2.207 Joule (0,225 mkgf). Çarpma değeri çekiç üstünden direkt okunmaktadır. Aşındırma taşı ve Taşıma çantası ile birlikte set olarak verilmektedir.";"Electronic PC Connector, Concrete Test Hammer (SilverSchmidt Hammer), PROCEQ
N Type, used to determine in-situ compressive strength of concrete. Measuring Range: 10-70 N/mm², Impact Energy: 2.207 Joule (0,225 mkgf). Aluminium body, Supplied complete with calibration curve chart in N/mm² (Mpa) values, abrasive stone and carrying case.";0,00;;2025-09-04 15:23:18.1079;0,00;7920,00;0,00
LT-C0152;Belli Değil;"Dijital Beton Test Çekici (Digi-Schmidt Çekici); PROCEQ. 
N tipi. Gövdesi Alüminyumdan imal edilmiştir. Ölçüm Aralığı: 10-70 N/mm² sıkışma dayanımı, Çarpma Enerjisi : 2.207 Joule (0,225 mkgf). Çarpma değeri çekiç üstünden direkt okunmaktadır. Aşındırma taşı ve Taşıma çantası ile birlikte set olarak verilmektedir.";"Digital Concrete Test Hammer (Digi-Schmidt Hammer), PROCEQ
N Type, used to determine in-situ compressive strength of concrete. Measuring Range: 10-70 N/mm², Impact Energy: 2.207 Joule (0,225 mkgf). Aluminium body, Supplied complete with calibration curve chart in N/mm² (Mpa) values, abrasive stone and carrying case.";0,00;;2025-09-04 15:23:18.1080;0,00;10980,00;0,00
LT-C0155;Belli Değil;"Dijital Beton Test Çekici (Schmidt Çekici); 
N tipi. Gövdesi Alüminyumdan imal edilmiştir. Ölçüm Aralığı: 10-120 N/mm² sıkışma dayanımı, Çarpma Enerjisi : 2.207 Joule (0,225 mkgf). Kullanma Kılavuzu, psi eğrileri, Not Defteri, Kalem, Aşındırma taşı, Pozisyon şablonu (uzunluğu 30 mm), Fenolftalein atomizör, omuz askılı çanta, Kalibrasyon ve QC belgesi ile birlikte verilmektedir.";"Digital Concrete Test Hammer (Schmidt Hammer),
N Type, used to determine in-situ compressive strength of concrete. Measuring Range: 10-120 N/mm², Impact Energy: 2.207 Joule (0,225 mkgf). Aluminium body, Supplied complete with calibration curve chart in N/mm² (Mpa) values, abrasive stone and carrying case.";0,00;6128,70;2025-09-04 15:23:18.1081;0,00;1350,00;0,00
LT-C0091;Belli Değil;"Beton Test Çekici Kalibrasyon Örsü; N tipi çekiçlerin test kalibrasyonunu yapmak için dizayn edilmiştir. Çelikten imal edilmiştir.";Concrete Test Hammer (Schmidt Hammer) Calibration Anvil;0,00;3509,00;2025-09-04 15:23:18.1082;0,00;240,00;0,00
LT-C0092;Belli Değil;"Beton Test Çekici Kalibrasyon Örsü; PROCEQ. 
N tipi çekiçlerin test kalibrasyonunu yapmak için dizayn edilmiştir. Çelikten imal edilmiştir.";Concrete Test Hammer (Schmidt Hammer) Calibration Anvil. PROCEQ;0,00;;2025-09-04 15:23:18.1083;0,00;4800,00;0,00
LT-C0185;Belli Değil;"Ultrasonik test cihazı. Pundit Lab. Plus, 
İthal, Proceq, İsviçre";Pundit Ultrasonic Testing Instrumen. Pundit Lab Plus, PROCEQ;0,00;378129,00;2025-09-04 15:23:18.1084;0,00;16800,00;0,00
LT-C0186;Belli Değil;"Ultrasonik test cihazı. Pundit Lab. 
İthal, Proceq, İsviçre";Pundit Ultrasonic Testing Instrumen. Pundit Lab, PROCEQ;0,00;332219,00;2025-09-04 15:23:18.1085;0,00;14850,00;0,00
LT-C0159;Belli Değil;"Donatı Tespit Cihazı; betondaki donatının yerini bulmakta kullanılmaktadır. Bosch Marka. Çelik algılama derinliği  (Maksimum): 60mm, Bakır algılama derinliği (Maksimum): 50mm, otomatik kalibrasyon özelliği, 9V alkali pil ile çalışır.";Concrete Covermeter. Steel detection depth: Max. 60 mm, Cooper detection depth: Max. 50 mm, automatic calibration, 9V alkaline battery.;0,00;3000,00;2025-09-04 15:23:18.1086;0,00;240,00;0,00
LT-C0160;Belli Değil;"Donatı Tespit Cihazı; betondaki donatının yerini bulmakta kullanılmaktadır. Bosch Marka. Çelik algılama derinliği  (Maksimum): 120 mm, Bakır algılama derinliği (Maksimum): 80 mm, 9V alkali pil ile çalışır.";Concrete Covermeter. Steel detection depth: Max. 120 mm, Cooper detection depth: Max. 80 mm, automatic calibration, 9V alkaline battery.;0,00;697,00;2025-09-04 15:23:18.1087;0,00;300,00;0,00
PM-600;Belli Değil;Profometre PM-6 Noktasal. PM-600. PROCEQ, İsviçre;Concrete Covermeter. Profometre 6. PM-600. PROCEQ;0,00;;2025-09-04 15:23:18.1088;0,00;15600,00;0,00
PM-630;Belli Değil;Profometre PM-6 Tarama. PM-630. PROCEQ, İsviçre;Concrete Covermeter. Profometre 6. PM-630. PROCEQ;0,00;;2025-09-04 15:23:18.1089;0,00;20400,00;0,00
PM-650;Belli Değil;Profometre PM-6 Çapraz Tarama. PM-650. PROCEQ, İsviçre;Concrete Covermeter. Profometre 6. PM-650. PROCEQ;0,00;;2025-09-04 15:23:18.1090;0,00;25050,00;0,00
PS250;Belli Değil;HİLTİ Donatı Tespit Cihazı. Tarayıcı + Monitör;HİLTİ Covermeter. Scanner + Monitor;0,00;;2025-09-04 15:23:18.1091;0,00;0,00;0,00
PS200;Belli Değil;HİLTİ Donatı Tespit Cihazı. Tarayıcı;HİLTİ Covermeter. Scanner;0,00;;2025-09-04 15:23:18.1092;0,00;0,00;0,00
PS1000;Belli Değil;HİLTİ Donatı Tespit Cihazı. X- Scan Tarayıcı + Monitör;HİLTİ Covermeter. X- Scan Scanner + Monitor;0,00;;2025-09-04 15:23:18.1093;0,00;0,00;0,00
PS1000;Belli Değil;HİLTİ Donatı Tespit Cihazı. Tarayıcı;HİLTİ Covermeter. Scanner;0,00;;2025-09-04 15:23:18.1094;0,00;0,00;0,00
PSA 100;Belli Değil;HİLTİ Donatı Tespit Cihazı. Monitör;HİLTİ Covermeter. Monitor;0,00;;2025-09-04 15:23:18.1095;0,00;0,00;0,00
LT-C0165;Belli Değil;"Çatlak Mikroskobu;
Ölçüm aralığı: 4 mm.  0,02 mm taksimatlı.
Büyütme: x35
Ağırlık: 600 g";"Crack Detection Microscope;
Measuring range:4 mm. and div. 0,02 mm.
Magnification: x35
Weight: 600 g";0,00;;2025-09-04 15:23:18.1096;0,00;1440,00;0,00
LT-CE0005;Belli Değil;"Blaine Cihazı; Metal tablaya dik olarak monte edilmiş U tipi manometre tüpü, paslanmaz çelik hücre, 1 mm çapında 30-40 delikli disk, puar, puar hortumu, plastik huni, Manometre sıvısı ve 100 adet filtre kağıdından oluşur.";Blaine Permeability Apparatus used to determine particle size of portland cement and limes in terms of their specific surface. The apparatus supplied complete with a  U manometer tube, stainless steel stand, rubber aspirator, plastic funnel and 100 piece filter paper.;0,00;6686,00;2025-09-04 15:23:18.1097;0,00;225,00;0,00
LT-CE0005/1;Belli Değil;U Manometre Tüp;U manometer tube;0,00;2750,00;2025-09-04 15:23:18.1098;0,00;90,00;0,00
LT-CE0005/2;Belli Değil;Piston, Hücre ve Delikli Diski ile birlikte. ;Cell with Perforated disc;0,00;2073,00;2025-09-04 15:23:18.1099;0,00;78,00;0,00
LT-CE0005/3;Belli Değil;250 ml Manometre Sıvısı;Manometer liquid in bottle, 250 ml;0,00;423,00;2025-09-04 15:23:18.1100;0,00;9,00;0,00
LT-CE0005/4;Belli Değil;Puar;Rubber Aspirator Bulb;0,00;226,00;2025-09-04 15:23:18.1101;0,00;9,00;0,00
LT-G0129;Belli Değil;Plastik Huni, 100 mm;Plastic Funnel, 100 mm;0,00;97,00;2025-09-04 15:23:18.1102;0,00;5,40;0,00
LT-CE0005/5;Belli Değil;Filtre Kağıdı 100 adet Blaine Permeabilite Cihazı için;Filter Paper for Blaine Permeability Apparatus. Pack of 100;0,00;762,00;2025-09-04 15:23:18.1103;0,00;21,00;0,00
LT-CE0005/6;Belli Değil;Filtre Kağıdı 1000 adet Blaine Permeabilite Cihazı için;Filter Paper for Blaine Permeability Apparatus. Pack of 1000;0,00;294,00;2025-09-04 15:23:18.1104;0,00;150,00;0,00
LT-CE0010;Belli Değil;"Otomatik Blaine Cihazı; Dijital zaman sayıcılı ve digital termometrelidir. Gösterge 1/10  saniyelidir. Kalibrasyon kumu ayrıca sipariş edilmelidir. 220 V, 50-60 Hz, 1 ph";Automatic Blaine Permeability Apparatus used to determine particle size of portland cement and limes in terms of their specific surface. The apparatus supplied complete with a  U manometer tube, stainless steel stand, rubber aspirator, plastic funnel and 100 piece filter paper.;0,00;31000,00;2025-09-04 15:23:18.1105;0,00;6750,00;0,00
LT-CE0006;Belli Değil;Kalibrasyon Kumu. 100 ml x 2 şişe. (No. 2800-3990);Calibration Sand.100 ml x 2 bottles. (No. 2800-3990);0,00;31000,00;2025-09-04 15:23:18.1106;0,00;1860,00;0,00
LT-CE0007;Belli Değil;Kireç Reaktivitesi Tayin Cihazı;LIME REACTIVITY TEST APPARATUS;0,00;;2025-09-04 15:23:18.1107;0,00;;
LT-CE0035/S;Belli Değil;"Üç Gözlü Kalıp; 40x40x160 mm";Three Gang Mould for 40x40x160mm prisms, steel;0,00;3543,12;2025-09-04 15:23:18.1108;0,00;216,00;0,00
LT-CE0035/2;Belli Değil;Çelik İnsert, LT-CE0035 için. 1 set=10 adet;Steel Insert for LT-CE0035, Pack of 10;0,00;;2025-09-04 15:23:18.1109;0,00;30,00;0,00
LT-CE0035/3;Belli Değil;Referans Çubuğu, 160 mm uzunluğunda;Reference Rod. 160 mm lenght;0,00;;2025-09-04 15:23:18.1110;0,00;78,00;0,00
LT-CE0038;Belli Değil;Çimento Büzülme Kalıbı İki gözlü, 25x25x285mm;Cement Shrinkage Mould. Two Gang. 25x25x285mm;0,00;290,00;2025-09-04 15:23:18.1111;0,00;243,00;0,00
LT-CE0038/2;Belli Değil;Çelik İnsert, LT-CE0038 için. 1 set=10 adet;Steel Insert for LT-CE0038, Pack of 10;0,00;;2025-09-04 15:23:18.1112;0,00;30,00;0,00
LT-CE0038/3;Belli Değil;Referans Çubuğu, 305 mm uzunluğunda;Reference Rod. 305 mm lenght;0,00;;2025-09-04 15:23:18.1113;0,00;96,00;0,00
LT-A0048;Belli Değil;"Boy Ölçüm Çerçevesi; Betonun kuruma çekmesi üzerinde agregaların etkisinin tayini esasına dayanır. 205 mm kadar uzunluktaki örnekleri test edebilir, ölçüm yüksekliği ayarlanabilir.";Length Comparator, used to determine the changes in length of cement/concrete prisms, the top anvil is adjustable to suit the required specimen up to 205mm.;0,00;;2025-09-04 15:23:18.1114;0,00;300,00;0,00
LT-G8000;Belli Değil;Analog Komparatör Saati, 10 x 0,01 mm;Analog Dial Indicator, 10 x 0,01 mm;0,00;400,00;2025-09-04 15:23:18.1115;0,00;39,00;0,00
LT-G8009;Belli Değil;Dijital Komparatör Saati, 12.7 x 0,001 mm;Digital Dial Indicator, 12.7 x 0,001 mm;0,00;2500,00;2025-09-04 15:23:18.1116;0,00;210,00;0,00
LT-A0048/AS;Belli Değil;"Analog Büzülme Deney Seti; Boy Ölçüm Çerçevesi, İki Gözlü Kalıp  25x25x285mm, çelik inset (10 adet), Referans Çubuğu 305 mm ve 0,01 mm analog komparatör saati ile birlikte set olarak verilmektedir. ";"Analog Shrinkage Test Set; 
The set consists of length measuring frame, 2 gang steel mould 25x25x285 mm, steel inserts for mould, reference rod 305 mm and  0,01 mm analogue dial gauge.";0,00;1200,00;2025-09-04 15:23:18.1117;0,00;693,00;0,00
LT-A0048/DS;Belli Değil;"Dijital Büzülme Deney Seti; Boy Ölçüm Çerçevesi, İki Gözlü Kalıp  25x25x285mm, çelik inset (10 adet), Referans Çubuğu 305 mm ve 0.001mm dijital komparatör saati ile birlikte set olarak verilmektedir. ";"Digital Shrinkage Test Set; 
The set consists of length measuring frame, 2 gang steel mould 25x25x285 mm, steel inserts for mould, reference rod 205 mm and 0.001mm digital dial gauge.";0,00;;2025-09-04 15:23:18.1118;0,00;822,00;0,00
LT-A0043;Belli Değil;GILLMORE APARATI;Gilmoere Apparatus;0,00;5000,00;2025-09-04 15:23:18.1119;0,00;;
LT-CE0046;Belli Değil;Hava Ölçer. 1 litre kapasiteli.;Air Entrainment Meter, 1 liter capacity;0,00;16500,00;2025-09-04 15:23:18.1120;0,00;1350,00;0,00
LT-CE0090;Belli Değil;Islak Eleme Aparatı;Wet Sieving Apparatus;0,00;;2025-09-04 15:23:18.1121;0,00;;
LT-CE0048;Belli Değil;Çimento Numune Alıcı,Ø38x580 mm,Paketlenmiş Çimento için;Cement Samplers, Ø38x580 mm, for packed cements;0,00;;2025-09-04 15:23:18.1122;0,00;;
LT-CE0049;Belli Değil;Çimento Numune Alıcı, Ø35x1500 mm,Dökme Çimento için;Cement Samplers, Ø35x1500 mm, for silo cement;0,00;;2025-09-04 15:23:18.1123;0,00;;
LT-CE0047;Belli Değil;"Akış Hunisi. EN 445 Standardına uygun olarak üretilmektedir. 
Metal stand, koni, 150 mm çaplı, 1,5 mm göz açıklıklı elek, 10 mm çaplı ağızlıklar ve 1 litre kapasiteli beher ile birlikte verilmektedir.
Ø8, Ø9, Ø11 ve Ø13 mm ağızlıklar ayrıca sipariş edilmelidir.";"Flow Cone; EN 445. The Flow Cone Set is supplied complete with Cone, Stand Fitting Bush, Sieve, Plastic Beaker and Ø 10 mm nozzle.
It can also be fit with other nozzles Ø8, Ø9, Ø11 and Ø13 mm.";0,00;;2025-09-04 15:23:18.1124;0,00;900,00;0,00
LT-CE0047/1;Belli Değil;Akış Hunisi;Flow Cone Apparatus;0,00;;2025-09-04 15:23:18.1125;0,00;0,00;0,00
LT-CE0047/2;Belli Değil;Metal Stand;Stand and Fitting Bush;0,00;;2025-09-04 15:23:18.1126;0,00;0,00;0,00
LT-CE0047/3;Belli Değil;Elek, 1.5 mm göz açıklığında;Sieve, 1.5 mm opening;0,00;70,00;2025-09-04 15:23:18.1127;0,00;60,00;0,00
LT-CE0047/4;Belli Değil;Ø 8 mm Ağızlık;Ø 8 mm Nozzle;0,00;;2025-09-04 15:23:18.1128;0,00;0,00;0,00
LT-CE0047/5;Belli Değil;Ø 9 mm Ağızlık;Ø 9 mm Nozzle;0,00;;2025-09-04 15:23:18.1129;0,00;0,00;0,00
LT-CE0047/6;Belli Değil;Ø 10 mm Ağızlık;Ø 10 mm Nozzle;0,00;;2025-09-04 15:23:18.1130;0,00;0,00;0,00
LT-CE0047/7;Belli Değil;Ø 11 mm Ağızlık;Ø 11 mm Nozzle;0,00;;2025-09-04 15:23:18.1131;0,00;0,00;0,00
LT-CE0047/8;Belli Değil;Ø 13 mm Ağızlık;Ø 13 mm Nozzle;0,00;;2025-09-04 15:23:18.1132;0,00;0,00;0,00
LT-G0514;Belli Değil;Plastik Beher, 1000 ml;Plastic Beaker, 1000 ml;0,00;4800,00;2025-09-04 15:23:18.1133;0,00;6,60;0,00
LT-CE0044;Belli Değil;Marsh Hunisi ve Kabı. Sert plastik;Marsh Funnel Viscometer;0,00;6345,00;2025-09-04 15:23:18.1134;0,00;210,00;0,00
LT-CE0042;Belli Değil;Çamur Terazisi. Yerli.;Mud Balance;0,00;32000,00;2025-09-04 15:23:18.1135;0,00;465,00;0,00
LT-CE0042/1;Belli Değil;Çamur Terazisi Taşıma Çantası;Mud Balance Carrying case;0,00;250,00;2025-09-04 15:23:18.1136;0,00;60,00;0,00
LT-CE0042/2;Belli Değil;Çamur Terazisi. İthal;Mud Balance;0,00;1590,00;2025-09-04 15:23:18.1137;0,00;810,00;0,00
LT-CE0017;Belli Değil;MODİFİYE VİCAT KONİ PENETROMETRESİ;Modified Vicat Cone Penetrometer;0,00;;2025-09-04 15:23:18.1138;0,00;;
LT-CE0014;Belli Değil;"Vikat Test Seti. EN Model. Çimentoların priz süresi ve genleşmesi tayini esasına dayanır. Kalıp, başlangıç ve bitiş iğnesi (EN Model), cam plaka ve kıvam sondası ve  Cam Termometre; max 110 °C ile birlikte set olarak verilmektedir.";Vicat Test Set EN, used to determine setting time measurements of cement, complete with vicat mould, initial and final set needle, supporting plate and consistency plunger.;0,00;1550,00;2025-09-04 15:23:18.1139;0,00;180,00;0,00
LT-CE0014/1;Belli Değil;Vikat Aleti;Vicat Frame;0,00;;2025-09-04 15:23:18.1140;0,00;72,00;0,00
LT-CE0014/2;Belli Değil;Vikat Kalıbı (EN Model);Vicat Mould (EN Model);0,00;1350,00;2025-09-04 15:23:18.1141;0,00;18,00;0,00
LT-CE0014/3;Belli Değil;Başlangıç İğnesi EN, 1.13 mm çapında;Initial set needle, EN Model, 1.13 mm dia.;0,00;25,00;2025-09-04 15:23:18.1142;0,00;18,00;0,00
LT-CE0014/4;Belli Değil;Bitiş İğnesi EN, 1.13 mm çapında;Final set needle, EN, 1.13 mm dia.;0,00;25,00;2025-09-04 15:23:18.1143;0,00;18,00;0,00
LT-CE0014/5;Belli Değil;Kıvam Sondası, 10 mm çapında;Consistency Plunger, 10 mm dia.;0,00;25,00;2025-09-04 15:23:18.1144;0,00;18,00;0,00
LT-CE0014/6;Belli Değil;Vikat Cam Plakası;Vicat Supporting Plate;0,00;;2025-09-04 15:23:18.1145;0,00;4,80;0,00
LT-CE0014/7;Belli Değil;Ek Ağırlık, 700 g, EN;Additional Weight, 700 g, EN;0,00;;2025-09-04 15:23:18.1146;0,00;17,40;0,00
LT-G0182;Belli Değil;"Cam Termometre; max 110 °C";"Glass Thermometer; max 110 °C";0,00;128,00;2025-09-04 15:23:18.1147;0,00;9,00;0,00
LT-AS0028;Belli Değil;Penetrometre Taşıma Kabı ;Transfer Dish;0,00;40,00;2025-09-04 15:23:18.1148;0,00;6,75;0,00
LT-CE0015;Belli Değil;Vikat Test Seti. ASTM Model. Çimentoların priz süresi ve genleşmesi tayini esasına dayanır. Kalıp, başlangıç iğnesi, cam plaka ve kıvam sondası ve termometre ile birlikte set olarak verilmektedir.;Vicat Test Set ASTM, used to determine setting time measurements of cement, complete with vicat mould, initial set needle, supporting plate and consistency plunger.;0,00;;2025-09-04 15:23:18.1149;0,00;180,00;0,00
LT-CE0015/1;Belli Değil;Vikat Kalıbı (ASTM Model);Vicat Mould (ASTM Model);0,00;;2025-09-04 15:23:18.1150;0,00;18,00;0,00
LT-CE0015/2;Belli Değil;Başlangıç İğnesi ASTM, 1 mm çapında;Initial set needle, ASTM Model, 1 mm dia.;0,00;;2025-09-04 15:23:18.1151;0,00;18,00;0,00
LT-CE0016;Belli Değil;OTOMATİK VİKAT CİHAZI;AUTOMATİC VİCAT APPARATUS;0,00;;2025-09-04 15:23:18.1152;0,00;6750,00;
LT-CE0061;Belli Değil;"Le Chatelier Balonu, Çimento özgül ağırlık deneylerinde kullanılır. 0 ile 1 ml ve 18 ile 24 ml arası derecelendirilmiştir.
250 ml kapasitelidir.";Le Chatelier Flask,  250ml, Neck is graduated from 0 to 1ml  and from 18 to 24ml.;0,00;1590,00;2025-09-04 15:23:18.1153;0,00;120,00;0,00
LT-CE0062;Belli Değil;Le Chatelier Kalıbı, 30 mm çapında, 30 mm yüksekliğinde olan ve 150 mm uzunluğunda iki adet çubukla birleştirilmek suretiyle imal edilmiştir.;Le Chatelier Mould, The mould consists of a spring tensioned split cylinder Ø 30 x 30 mm with two indicator stems which measure 150 mm from the points to the center line of the cylinder and O ring.;0,00;170,00;2025-09-04 15:23:18.1154;0,00;120,00;0,00
LT-CE0063;Belli Değil;Le Chatelier Test Seti, 3 adet Le Chatelier kalıbı, 6 adet 50x50mm cam plaka, 1 adet 300 gr ağırlık, 3 adet 100gr ağırlık, şişleme çubuğu, çelik cetvel ve taşıma çantasıyla birlikte set olarak verilmektedir.;"Le Chatelier Test Set is supplied with 3 pieces Le Chatelier Moulds, 6 pieces 50x50 mm Glass
Plates, 300 gr Weight, 3 pieces 100 gr Weight, 70 gr Tamping Rod, Steel Ruler and Carrying Case.";0,00;700,00;2025-09-04 15:23:18.1155;0,00;525,00;0,00
LT-CE0063/1;Belli Değil;Cam Plaka, 5x5 cm;Glass Plate, 5x5 cm;0,00;;2025-09-04 15:23:18.1156;0,00;12,00;0,00
LT-CE0063/2;Belli Değil;300 gr Ağırlık;300 gr Weight;0,00;;2025-09-04 15:23:18.1157;0,00;12,00;0,00
LT-CE0063/3;Belli Değil;100 gr Ağırlık;100 gr Weight;0,00;;2025-09-04 15:23:18.1158;0,00;9,00;0,00
LT-CE0063/4;Belli Değil;Şişleme Çubuğu Ø 1,7 cm;Tamping Rod, Ø 1,7 cm;0,00;;2025-09-04 15:23:18.1159;0,00;16,80;0,00
LT-G0175;Belli Değil;Çelik Cetvel 300x0.1 mm;Steel Ruler 300x0.1 mm;0,00;8,00;2025-09-04 15:23:18.1160;0,00;7,20;0,00
LT-CE0060;Belli Değil;"Le Chatelier Su Banyosu, çimentoların priz süresi ve genleşmesi tayini esasına dayanır. İçi paslanmaz çelik, dışı elektrostatik toz boyalıdır. Dijital göstergesi mevcuttur.
12 adet Le Chatelier kalıp alabilen rafı mevcuttur. Kalıplar ayrıca sipariş edilmelidir. Su sıcaklığını (20 ± 2) ºC den (30 ± 5) dakikada kaynama sıcaklığına ulaştırabilmektedir. 220 V, 50-60 Hz, 1 ph";"Le Chatelier Water Bath, used for the determination of setting time and expansion of cement samples. Inside of bath is made from stainless steel, complete with a removable rack to hold up to 12 Le Chatelier moulds, with a digital indicator. The bath reaches the boiling point in approx. 30 minutes. Le Chatelier Moulds are should be ordered separately. 220 V, 50-60 Hz, 1 ph
";0,00;750,00;2025-09-04 15:23:18.1161;0,00;930,00;0,00
LT-CE0050;Belli Değil;Manuel Çimento Yayılma Tablası, EN. Elle çevirerek kullanılmaktadır. Tabla, 300 mm çapında prinçten imal edilmiştir. Prinç kalıbı ve Şişleme Çubuğu ile birlikte verilmektedir.;Manuel Cement Flow Table, EN, used to determine the flow of hydraulic cement mortars and cement pastes, is fitted with a hand wheel. the table is manufactured from brass and Ø 300 mm. Supplied complete with brass flow mould and tamper.;0,00;10074,90;2025-09-04 15:23:18.1162;0,00;585,00;0,00
LT-CE0050/1;Belli Değil;Çimento Yayılma Kalıbı, EN. 100x70x60 mm;Cement Flow Mould. EN, The cone made of brass has dimensions of Ø 100 mm base x Ø 70 mm top x Ø 60 mm.;0,00;2250,00;2025-09-04 15:23:18.1163;0,00;177,00;0,00
LT-CE0050/2;Belli Değil;Şişleme Çubuğu, EN. Ø40x200 mm, 250 gr;Tamping Rod. EN. Ø40x200 mm, 250 gr;0,00;;2025-09-04 15:23:18.1164;0,00;24,00;0,00
LT-CE0051;Belli Değil;Manuel Çimento Yayılma Tablası, ASTM. Elle çevirerek kullanılmaktadır. Tabla, 254 mm çapında prinçten imal edilmiştir. Prinç kalıbı ve Şişleme Çubuğu ile birlikte verilmektedir.;Manuel Cement Flow Table, ASTM, used to determine the flow of hydraulic cement mortars and cement pastes, hand driven, the table is manufactured from brass and Ø 254 mm. Supplied complete with brass flow mould and tamper.;0,00;10074,90;2025-09-04 15:23:18.1165;0,00;585,00;0,00
LT-CE0051/1;Belli Değil;Çimento Yayılma Kalıbı, ASTM. 100x70x50 mm;Cement Flow Mould. ASTM. The cone made of brass has dimensions of Ø 100 mm base x Ø 70 mm top x Ø 50 mm.;0,00;2250,00;2025-09-04 15:23:18.1166;0,00;177,00;0,00
LT-CE0051/2;Belli Değil;Şişleme Çubuğu, Ahşap, ASTM. 13x25x150 mm;Tamping Rod. ASTM. Hardwood, 13x25x150 mm;0,00;;2025-09-04 15:23:18.1167;0,00;24,00;0,00
LT-CE0052;Belli Değil;Motorlu Çimento Yayılma Tablası, EN .Düşüş sayıları ayarlanabilir ve düşüş sayısı tamamlandığında otomatik olarak durmaktadır. Motor saniyede 1 devir döner. Tabla, 300 mm çapında prinçten imal edilmiştir. Prinç kalıbı ve Şişleme Çubuğu ile birlikte verilmektedir.;"Motorized Cement Flow Table EN, used to determine the flow of hydraulic cement mortars and cement pastes, motorized with digital counter, the table is manufactured from brass and Ø 300 mm. Supplied complete with brass flow mould and tamper. 
220 V, 50-60 Hz, 1 ph";0,00;21421,50;2025-09-04 15:23:18.1168;0,00;1605,00;0,00
LT-CE0053;Belli Değil;Motorlu Çimento Yayılma Tablası, ASTM .Düşüş sayıları ayarlanabilir ve düşüş sayısı tamamlandığında otomatik olarak durmaktadır. Motor saniyede 1 devir döner. Tabla, 254 mm çapında prinçten imal edilmiştir. Prinç kalıbı ve Şişleme Çubuğu ile birlikte verilmektedir.;"Motorized Cement Flow Table ASTM, used to determine the flow of hydraulic cement mortars and cement pastes, motorized with digital counter, the table is manufactured from brass and Ø 254 mm. Supplied complete with brass flow mould and tamper.
220 V, 50-60 Hz, 1 ph";0,00;21421,50;2025-09-04 15:23:18.1169;0,00;1605,00;0,00
LT-CE0065;Belli Değil;Plunger Penetrometre, Düşme yüksekliği 100 mm'dir ve piston aparatı 90 g'dır. Ø 8 x 7 cm Test Kabı ve Şişleme Çubuğu ile birlikte verilmektedir.;"Plunger Penetration Apparatus; Consisting of a steel base with recess to house the test cup and the vertical column holding the penetration plunger assembly. The height of drop is 100 mm and the weight of plunger assembly is 90 g. Supplied complete with Ø 8 x 7 cm Test Cup and Tamper.";0,00;;2025-09-04 15:23:18.1170;0,00;0,00;0,00
LT-CE0065/1;Belli Değil;Test Kabı, Ø 8 x 7 cm.;"Test cup; Ø 8 x 7 cm";0,00;;2025-09-04 15:23:18.1171;0,00;0,00;0,00
LT-CE0065/2;Belli Değil;Şişleme Çubuğu;Tamper;0,00;;2025-09-04 15:23:18.1172;0,00;0,00;0,00
LT-CE0029;Belli Değil;Manuel Çimento Mikseri, Çimentonun homojen olarak karışımını sağlamak esasına dayanır. Cihaz üzerindeki potansiyometreden cihaz hızı ayarlanabilir. 5 litre kapasiteli karıştırma kabı ve karıştırma paleti ile birlikte verilmektedir. 220 V, 50-60 Hz, 1 ph;Manuel mortar mixer, 5 liter capacity, The user can choose speeds easily by using switch fitted to the machine. The mixer is supplied complete with 5lt capacity bowl and the beater. 220 V, 50-60 Hz, 1 ph;0,00;48000,00;2025-09-04 15:23:18.1173;0,00;1680,00;0,00
LT-CE0030;Belli Değil;"Otomatik Çimento Mikseri; Çimentonun homojen olarak karışımını sağlamak esasına dayanır. Manuel ve otomatik olarak çalışabilmektedir.  Cihaz üzerindeki potansiyometreden cihaz hızı ayarlanabilir.  Hız ve zaman kontrollüdür. 5 litre kapasiteli karıştırma kabı ve karıştırma paleti ile birlikte verilmektedir. 
220 V, 50-60 Hz, 1 ph";Automatic Programmable Mortar Mixer, 5 liter capacity, The mixing head rotates in the speed of 62 and 125 rpm, the beater 140 and 285 rpm. The mixer is supplied complete with 5lt capacity bowl and the beater. 220 V, 50-60 Hz, 1 ph;0,00;50000,00;2025-09-04 15:23:18.1174;0,00;3500,00;0,00
LT-CE0029/1;Belli Değil;Çimento Mikseri için Karıştırma kabı, 5 litre kapasiteli.;Bowl for LT-CE0029;0,00;450,00;2025-09-04 15:23:18.1175;0,00;160,00;0,00
LT-CE0029/2;Belli Değil;Çimento Mikseri için Karıştırma paleti;Beater for LT-CE0029;0,00;300,00;2025-09-04 15:23:18.1176;0,00;110,00;0,00
LT-CE0035;Belli Değil;"Üç Gözlü Çelik Kalıp; 40x40x160 mm";Three Gang Mould for 40x40x160mm prisms, steel;0,00;3543,12;2025-09-04 15:23:18.1177;0,00;132,00;0,00
LT-CE0035/1;Belli Değil;Doldurma Hunisi, 40x40x160 mm çimento numune kalıplarının gevşek malzeme ile doldurulabilmesi esasına dayanır.;Feed Hopper for 40x40x160 mm cement moulds.;0,00;;2025-09-04 15:23:18.1178;0,00;57,00;0,00
LT-CE0036;Belli Değil;"Üç Gözlü Çelik Kalıp; 50x50x50 mm";Three Gang Cube Mould 50x50x50 mm, steel;0,00;3358,40;2025-09-04 15:23:18.1179;0,00;129,00;0,00
LT-CE0037;Belli Değil;"Tek Gözlü Çelik Küp Kalıp; 70,7 mm";Cube Mould 70,7 mm, steel;0,00;1776,80;2025-09-04 15:23:18.1180;0,00;84,00;0,00
LT-CE0038;Belli Değil;Çimento Büzülme Kalıbı İki gözlü, 25x25x285mm;Cement Shrinkage Mould. Two Gang. 25x25x285mm, steel;0,00;;2025-09-04 15:23:18.1181;0,00;243,00;0,00
LT-CE0038/2;Belli Değil;"Çelik İnsert; 1 set=10 adet";Steel Insert, Pack of 10;0,00;;2025-09-04 15:23:18.1182;0,00;30,00;0,00
LT-CE0038/3;Belli Değil;Referans Çubuğu, 305 mm uzunluğunda;Reference Rod. 305 mm;0,00;;2025-09-04 15:23:18.1183;0,00;96,00;0,00
LT-CE0070;Belli Değil;"Çimento Sarsma Masası; 40x40x160 mm çimento numunelerinin kalıp içerisinde sıkıştırılması esasına dayanır. Tabla 60 devir/dak. hızındadır. Tabla düşüş yüksekliği 15 mm'dir. Elektronik sayacı sayesinde ayarlanan vurma sayısına ulaştığında otomatik olarak durur. 220 V, 50-60 Hz, 1 ph";Jolting Table used for compaction of cement mortar pastes with 40x40x160mm cement moulds. It moves at 60 R.p.m and falling height is 15mm conforming with EN 196-1. The digital encounter stops machine at required count automatically. Supplied without moulds.  220 V, 50-60 Hz, 1 ph;0,00;6500,00;2025-09-04 15:23:18.1184;0,00;1260,00;0,00
LT-CE0075;Belli Değil;Standart kum 1350gr;Reference Sand, 1350gr;0,00;40,00;2025-09-04 15:23:18.1185;0,00;9,00;0,00
LT-CE0080/G;Belli Değil;"Kür Kabini,
Kullanılır hacim: 120 litre
Sıcaklık Çalışma Aralığı : 20 ±1 ºC
Nem Aralığı : % 20 - % 95
İç Yüzey Yapısı : Paslanmaz Çelik 304 18/8 İç Hazne
Dıs Yüzey Yapısı : Elektrostatik Toz Boyalı Çelik
Tek Programlı, Numerik Ekran";"Curing Cabinet;
Capacity: 120 L, 
Temperature Range: 20 ±1 ºC, 
Humidity Range from 20 to 95%, 
Stainless steel interior.
Single Programmed, Numeric Display";0,00;155000,00;2025-09-04 15:23:18.1186;0,00;6300,00;0,00
LT-CE0080;Belli Değil;"Kür Kabini,
Kullanılır hacim: 120 litre
Sıcaklık Çalışma Aralığı : 20 ±1 ºC
Nem Aralığı : % 20 - % 95
İç Yüzey Yapısı : Paslanmaz Çelik 304 18/8 İç Hazne
Dıs Yüzey Yapısı : Elektrostatik Toz Boyalı Çelik
Adım Kontrollü (10 programlı), Siemens LCD Dokunmatik Ekran";"Curing Cabinet;
Capacity: 120 L, 
Temperature Range: 20 ±1 ºC, 
Humidity Range from 20 to 95%, 
Stainless steel interior.
Step Controlled (10 programs), Siemens LCD Touch Screen";0,00;155000,00;2025-09-04 15:23:18.1187;0,00;8100,00;0,00
LT-CE0081/G;Belli Değil;"Kür Kabini,
Kullanılır hacim: 250 litre
Sıcaklık Çalışma Aralığı : 20 ±1 ºC
Nem Aralığı : % 20 - % 95
İç Yüzey Yapısı : Paslanmaz Çelik 304 18/8 İç Hazne
Dıs Yüzey Yapısı : Elektrostatik Toz Boyalı Çelik
Tek Programlı, Numerik Ekran";"Curing Cabinet;
Capacity: 250 L, 
Temperature Range: 20 ±1 ºC, 
Humidity Range from 20 to 95%, 
Stainless steel interior.
Single Programmed, Numeric Display
";0,00;218000,00;2025-09-04 15:23:18.1188;0,00;6900,00;0,00
LT-CE0081;Belli Değil;"Kür Kabini,
Kullanılır hacim: 250 litre
Sıcaklık Çalışma Aralığı : 20 ±1 ºC
Nem Aralığı : % 20 - % 95
İç Yüzey Yapısı : Paslanmaz Çelik 304 18/8 İç Hazne
Dıs Yüzey Yapısı : Elektrostatik Toz Boyalı Çelik
Adım Kontrollü (10 programlı), Siemens LCD Dokunmatik Ekran";"Curing Cabinet;
Capacity: 250 L, 
Temperature Range: 20 ±1 ºC, 
Humidity Range from 20 to 95%, 
Stainless steel interior.
Step Controlled (10 programs), Siemens LCD Touch Screen";0,00;218000,00;2025-09-04 15:23:18.1189;0,00;8910,00;0,00
LT-CE0082/G;Belli Değil;"Kür Kabini,
Kullanılır hacim: 500 litre
Sıcaklık Çalışma Aralığı : 20 ±1 ºC
Nem Aralığı : % 20 - % 95
İç Yüzey Yapısı : Paslanmaz Çelik 304 18/8 İç Hazne
Dıs Yüzey Yapısı : Elektrostatik Toz Boyalı Çelik
Tek Programlı, Numerik Ekran";"Curing Cabinet;
Capacity: 500 L, 
Temperature Range: 20 ±1 ºC, 
Humidity Range from 20 to 95%, 
Stainless steel interior.
Single Programmed, Numeric Display";0,00;275000,00;2025-09-04 15:23:18.1190;0,00;10500,00;0,00
LT-CE0082;Belli Değil;"Kür Kabini,
Kullanılır hacim: 500 litre
Sıcaklık Çalışma Aralığı : 20 ±1 ºC
Nem Aralığı : % 20 - % 95
İç Yüzey Yapısı : Paslanmaz Çelik 304 18/8 İç Hazne
Dıs Yüzey Yapısı : Elektrostatik Toz Boyalı Çelik
Adım Kontrollü (10 programlı), Siemens LCD Dokunmatik Ekran";"Curing Cabinet;
Capacity: 500 L, 
Temperature Range: 20 ±1 ºC, 
Humidity Range from 20 to 95%, 
Stainless steel interior.
Step Controlled (10 programs), Siemens LCD Touch Screen";0,00;275000,00;2025-09-04 15:23:18.1191;0,00;10500,00;0,00
LT-CE0083/G;Belli Değil;"Kür Kabini,
Kullanılır hacim: 750 litre
Sıcaklık Çalışma Aralığı : 20 ±1 ºC
Nem Aralığı : % 20 - % 95
İç Yüzey Yapısı : Paslanmaz Çelik 304 18/8 İç Hazne
Dıs Yüzey Yapısı : Elektrostatik Toz Boyalı Çelik
Tek Programlı, Numerik Ekran";"Curing Cabinet;
Capacity: 750 L, 
Temperature Range: 20 ±1 ºC, 
Humidity Range from 20 to 95%, 
Stainless steel interior.
Single Programmed, Numeric Display";0,00;363000,00;2025-09-04 15:23:18.1192;0,00;11700,00;0,00
LT-CE0083;Belli Değil;"Kür Kabini,
Kullanılır hacim: 750 litre
Sıcaklık Çalışma Aralığı : 20 ±1 ºC
Nem Aralığı : % 20 - % 95
İç Yüzey Yapısı : Paslanmaz Çelik 304 18/8 İç Hazne
Dıs Yüzey Yapısı : Elektrostatik Toz Boyalı Çelik
Adım Kontrollü (10 programlı), Siemens LCD Dokunmatik Ekran";"Curing Cabinet;
Capacity: 750 L, 
Temperature Range: 20 ±1 ºC, 
Humidity Range from 20 to 95%, 
Stainless steel interior.
Step Controlled (10 programs), Siemens LCD Touch Screen";0,00;363000,00;2025-09-04 15:23:18.1193;0,00;14580,00;0,00
LT-CE0084;Belli Değil;"Kür Kabini,
Kullanılır hacim: 1000 litre
Sıcaklık Çalışma Aralığı : 20 ±1 ºC
Nem Aralığı : % 20 - % 95
İç Yüzey Yapısı : Paslanmaz Çelik 304 18/8 İç Hazne
Dıs Yüzey Yapısı : Elektrostatik Toz Boyalı Çelik
Adım Kontrollü (10 programlı), Siemens LCD Dokunmatik Ekran";"Curing Cabinet;
Capacity: 1000 L, 
Temperature Range: 20 ±1 ºC, 
Humidity Range from 20 to 95%, 
Stainless steel interior.";0,00;135000,00;2025-09-04 15:23:18.1194;0,00;15000,00;0,00
LT-CE0100;Belli Değil;"15/250 kN Çift Pistonlu Otomatik Çimento Test Presi; Yükleme Gövdesi, Otomatik Hidrolik Güç Ünitesi, Dijital veri okuma & kontrol sistemi ve  Yazılım ile birlikte set olarak verilmektedir. Basma ve Eğilme Testleri Yapılabilmektedir. Basınç deneyi kapasitesi 250 kN (25 ton ), Eğilme deneyi kapasitesi 15 kN (1,5 ton)dur. Çift pistonlu ve Çift Load celli sisteme sahiptir. Çift Kalibrasyonludur. 40x40x160 mm numunelerin basma ve eğilme deneyleri yapılabilmektedir. Eğilme ve Basma Başlıkları, Ara mesafe parçaları ve şeffaf  güvenlik kapısı  (fabraikada monte edilmelidir.) ayrıca sipariş edilmelidir. 220 V, 50-60 Hz, 1 ph
***Bilgisayar opsiyoneldir. Laboratuvarınızda bulunan 32 bit işletim sistemli bir Bilgisayar ile birlikte kullanılabilmektedir. ";"15/250 kN Automatic Flexure/Compression Cement Testing Machine, consist of Very rigid two column single or double chamber Load Frames, Automatic Hydraulic Power Pack, Digital data acquisition & control system and Software. Compression Test Capacity is 250 kN (25 ton),  Flexure  Test Capacity is 15 kN (1,5 ton). The machine is suitable for 40x40x160 mm sample's compression and flexure test. Compression and flexure jigs, distance pieces, and also removable transparent front-rear safety doors (should be factory installed) should be ordered separately. 220 V, 50-60 Hz, 1 ph
***Computer should be ordered separately.";0,00;129041,00;2025-09-04 15:23:18.1195;0,00;7700,00;0,00
LT-CE0100/1;Belli Değil;15/250 kN Çimento Test Gövdesi. Basma ve Eğilme Testleri Yapılabilmektedir. Basınç deneyi kapasitesi 250 kN (25 ton ), Eğilme deneyi kapasitesi 15 kN (1,5 ton)dur. 40x40x160 mm numunelerin basma ve eğilme deneyleri yapılabilmektedir. Eğilme ve Basma Başlıkları, Ara mesafe parçaları ve şeffaf  güvenlik kapısı  (fabraikada monte edilmelidir.) ayrıca sipariş edilmelidir.;"15/250 kN Flexure/Compression Cement Testing Load Frames. Compression Test Capacity is 250 kN (25 ton),  Flexure  Test Capacity is 15 kN (1,5 ton). The machine is suitable for 40x40x160 mm sample's compression and flexure test. Compression and flexure jigs, distance pieces, and also removable transparent front-rear safety doors (should be factory installed) should be ordered separately.
";0,00;;2025-09-04 15:23:18.1196;0,00;3875,00;0,00
LT-CE0250;Belli Değil;"250 kN Otomatik Çimento Basma Test Presi; Yükleme Gövdesi, Otomatik Hidrolik Güç Ünitesi, Dijital veri okuma & kontrol sistemi ve  Yazılım ile birlikte set olarak verilmektedir. Basınç deneyi kapasitesi 250 kN (25 ton )dur. Basma Başlıkları, Ara mesafe parçaları ve şeffaf  güvenlik kapısı  (fabraikada monte edilmelidir.) ayrıca sipariş edilmelidir.  220 V, 50-60 Hz, 1 ph
***Bilgisayar opsiyoneldir. Laboratuvarınızda bulunan 32 bit işletim sistemli bir Bilgisayar ile birlikte kullanılabilmektedir. ";"250 kN Automatic Compression Cement Testing Machine, consist of Load Frame, Automatic Hydraulic Power Pack, Digital data acquisition & control system and Software. Compression test capacity is 250 kN (25 ton). The machine is suitable for 40x40x160 mm sample's compression test. Compression jigs, distance pieces, and also removable transparent front-rear safety doors (should be factory installed) should be ordered separately. 220 V, 50-60 Hz, 1 ph
***Computer should be ordered separately.";0,00;;2025-09-04 15:23:18.1197;0,00;7187,00;0,00
LT-CE0250/1;Belli Değil;250 kN Çimento Basma Test Gövdesi. Basınç deneyi kapasitesi 250 kN (25 ton )dur. Basma Başlıkları, Ara mesafe parçaları ve şeffaf  güvenlik kapısı  (fabraikada monte edilmelidir.) ayrıca sipariş edilmelidir.;250 kN Compression Cement Testing Load Frame. Compression test capacity is 250 kN (25 ton). The machine is suitable for 40x40x160 mm sample's compression test. Compression jigs, distance pieces, and also removable transparent front-rear safety doors (should be factory installed) should be ordered separately.;0,00;;2025-09-04 15:23:18.1198;0,00;4687,00;0,00
LT-CE9500;Belli Değil;"Çimento + Fayans Çekme Test Presi. 
Çift Pistonlu. Kapasite 2-20 ton,
40x40x160 mm Basma ve Eğilme, Fayans Çekme deneyleri yapılabilmektedir, Gösterge  Digital Elektronik Load Cell, Hidrolik Hız ayarlı sistem, Bilgisayarlı Otomatik sistem. Basma ve Eğilme Testlerini Otomatik, Çekme Testleri Manuel olarak yapılabilmektedir. 220 V, 50-60 Hz, 1 ph
***Bilgisayar opsiyoneldir. Laboratuvarınızda bulunan 32 bit işletim sistemli bir Bilgisayar ile birlikte kullanılabilmektedir. ";"Cement + Tile Tensile Compression Machine;
Double Piston. Capacity: 2-20 ton.
Produced for 40x40x160 mm Compression, Flexural and Tile tensile tests. Digital Electronic Load Cell, Hydraulic Adjustable Speed System, Computer controlled Automatic System. Automatic for Compression and Flexure, Manual for Tile Tensile Tests. 
220 V, 50-60 Hz, 1 ph
***Computer should be ordered separately.";0,00;20000,00;2025-09-04 15:23:18.1199;0,00;9500,00;0,00
LT-CE0100/2;Belli Değil;"Eğilme Test Jigi; 40x40x160mm numunler için uygundur.";Flexure Jig Assembly to test 40x40x160 mm mortar prisms;0,00;700,00;2025-09-04 15:23:18.1200;0,00;270,00;0,00
LT-CE0100/3;Belli Değil;"Basınç Test Jigi; 50x50x50 mm numunler için uygundur.";Compression Jig Assembly to test 50 mm (2”) mortar cubes;0,00;700,00;2025-09-04 15:23:18.1201;0,00;270,00;0,00
LT-CE0100/4;Belli Değil;"Basınç Test Jigi; 40x40x40 mm numunler için uygundur.";Compression Jig Assembly to test portions of 40x40x160 mm mortar prisms;0,00;700,00;2025-09-04 15:23:18.1202;0,00;270,00;0,00
LT-CE0100/5;Belli Değil;"Basınç Test Jigi; 70,7 mm numunler için uygundur.";Compression Jig Assembly BS, to test 70,7 mm mortar cubes;0,00;700,00;2025-09-04 15:23:18.1203;0,00;270,00;0,00
LT-CE0101 ;Belli Değil;Çekme/Yapışma Dayanımı Test Aparatı, 5 kN kapasiteli, EN 12004-2, 5 kN yük hücresi ile birlikte. Çekme başlıklı plaka seti test edilecek ürüne bağlı olarak ayrıca sipariş edilmelidir Çimento basınç/eğilme deney presi ile beraber sipariş edilmelidir.;Tensile Adhesion Strength Test Apparatus, 5 kN, EN 12004-2, Supplies complete with 5 kN load cell. Pull-head plates set should be ordered separately according to standard of product tested. It should be ordered with cement compression/flexure testing machines.;;;2025-09-04 15:23:18.1204;;;
LT-CE0102;Belli Değil;Çekme Başlık Seti , EN 1348;Pull Headed Plate Set, EN 1348;;;2025-09-04 15:23:18.1205;;;
LT-CE0103;Belli Değil;Çekme Başlık Seti , EN 1015-12;Pull Headed Plate Set, EN 1015-12;;;2025-09-04 15:23:18.1206;;;
LT-CE0104;Belli Değil;Konik Şekilli Halka, EN 1015-12;Conical Shaped Ring, EN 1015-12;;;2025-09-04 15:23:18.1207;;;
LT-CE0150;Belli Değil;"Otomatik Hidrolik Güç Ünitesi ve Dijital Grafik Ekranlı Okuma Sistemi. Yazılım ücretsiz olarak sistem ile birlikte verilmektedir.
Çok nokta kalibrasyon imkanı. 220V, 50-60Hz, 1ph
***Bilgisayar opsiyoneldir.";"Hydraulic Power Pack and Digital Data Acquisition & Control System. Complete with Software. 220 V, 50-60 Hz, 1 ph.
***Computer should be ordered separately.";0,00;;2025-09-04 15:23:18.1208;0,00;4325,00;0,00
LT-CE0151;Belli Değil;"Otomatik Hidrolik Güç Ünitesi.
220V, 50-60Hz, 1ph";Hydraulic Power Pack;0,00;;2025-09-04 15:23:18.1209;0,00;2093,00;0,00
LT-CE0152;Belli Değil;Dijital Grafik Ekranlı Okuma Sistemi. Yazılım ücretsiz olarak sistem ile birlikte verilmektedir.;Digital Data Acquisition & Control System;0,00;;2025-09-04 15:23:18.1210;0,00;2232,00;0,00
LT-CE0153;Belli Değil;Yazılım;Software;0,00;;2025-09-04 15:23:18.1211;0,00;60,00;0,00
LT-CE0100/6;Belli Değil;Ara Mesafe Parçası, Ø 150 x 15 mm;Distance Pieces, Ø 150 x 15 mm;0,00;;2025-09-04 15:23:18.1212;0,00;48,00;0,00
LT-CE0100/7;Belli Değil;Ara Mesafe Parçası, Ø 150 x 30 mm;Distance Pieces, Ø 150 x 30 mm;0,00;;2025-09-04 15:23:18.1213;0,00;54,00;0,00
LT-CE0100/8;Belli Değil;Ara Mesafe Parçası, Ø 150 x 50 mm;Distance Pieces, Ø 150 x 50 mm;0,00;;2025-09-04 15:23:18.1214;0,00;66,00;0,00
LT-CE0100/9;Belli Değil;Ara Mesafe Parçası, Ø 150 x 90 mm;Distance Pieces, Ø 150 x 90 mm;0,00;;2025-09-04 15:23:18.1215;0,00;78,00;0,00
LT-G0800;Belli Değil;Bilgisayar ve Yazıcı;Computer & Printer;0,00;20000,00;2025-09-04 15:23:18.1216;0,00;936,00;0,00
LT-CE0022;Belli Değil;"Bilyalı Değirmen; hem yaş hem de kuru öğütme işlemine uygun olarak tasarlanmıştır. Ø 305 x 305 mm iç ölçülerindedir.
22 lt lik silindirik değirmen haznesine sahiptir. 100 x 300 mm ebadında yandan kauçuk conta kapaklıdır. Dönüş Hızı 70 d/d Olarak ayarlanacaktır. Aşağıda belirtilen çap ve adetlerde Bilyalar (38,1 mm; 43 adet, 31,75 mm ; 67 adet, 25,40 mm; 10 adet, 19,05 mm; 71 adet, 15,87 mm; 94 adet)  ile birlikte verilmektedir. 220 V, 50-60 Hz, 1 ph";"Ball Mill; Int. Dimensions: Ø 305 x 305 mm. Rotational Speed: 70 rpm. Supplied with 22 lt capacity cylindrical tank and balls ( 36 mm; 43 pieces, 30 mm ; 67 pieces, 25,40 mm; 10 pieces, 19,05 mm; 71 pieces, 12,70 mm; 94 pieces).  220 V, 50-60 Hz, 1 ph";0,00;43305,94;2025-09-04 15:23:18.1217;0,00;4080,00;0,00
LT-CE0025;Belli Değil;"Bond Değirmeni; hem yaş hem de kuru öğütme işlemine uygun olarak tasarlanmıştır. 22 lt lik silindirik değirmen haznesine sahiptir. 100 x 300 mm ebadında yandan kauçuk conta kapaklıdır. Dönüş Hızı Ayarlanabilmektedir. Standart hız 70 d/d Olarak ayarlanacaktır. Aşağıda belirtilen çap ve adetlerde Bilyalar (38,1 mm; 43 adet, 31,75 mm ; 67 adet, 25,40 mm; 10 adet, 19,05 mm; 71 adet, 15,87 mm; 94 adet) ile birlikte verilmektedir. 220 V, 50-60 Hz, 1 ph";"Bond Grinding Test Mill. The rotation speed can adjustable.
The standard default speed is 70 rpm. Supplied with 22 lt capacity cylindrical tank,  balls ( 36 mm; 43 pieces, 30 mm ; 67 pieces, 25,40 mm; 10 pieces, 19,05 mm; 71 pieces, 12,70 mm; 94 pieces).  220 V, 50-60 Hz, 1 ph";0,00;9000,00;2025-09-04 15:23:18.1218;0,00;4350,00;0,00
LT-CE0022/1;Belli Değil;"Bilyalı Değirmen için Bilya Seti; 38,1 mm; 43 adet, 31,75 mm ; 67 adet, 25,40 mm; 10 adet, 19,05 mm; 71 adet, 15,87 mm; 94 adet.";"Balls for Ball Mill. The balls are made of corrosion resistance steel. 
36 mm; 43 pieces, 30 mm ; 67 pieces, 25,40 mm; 10 pieces, 19,05 mm; 71 pieces, 12,70 mm; 94 pieces.";0,00;6200,00;2025-09-04 15:23:18.1219;0,00;870,00;0,00
LT-S0047;Belli Değil;Dinamik Konik Penetrometre, 8 Kg lık Tokmak, Penetrasyon Çubuğu, 2 adet konik uç, Örs, Alt ve Üst Uzatma çubukları, Uzatma çubukları için adaptör, Açık ağız anahtar ve 8 mm, Allen anahtar  13,17, 4 mm, Çelik cetvel ve Taşıma çantası ile birlikte set olarak verilmektedir.  ;"TRL Dynamic Cone Penetrometer, consists of  Drop sliding hammer 8 kg weight dropping mass trough a height of 575 mm, 2 pcs. Penetration rod with conical 60° point and 20 mm dia., Anvil with driving rod, Segmented lower extension rod, Segmented upper extension rod, Segmented adaptor for extension rods, Bar wrench,
Spanners, Tommy bar, Steel Ruler, All contained in a carrying case.";0,00;10607,20;2025-09-04 15:23:18.1220;0,00;1050,00;0,00
LT-S0047/1;Belli Değil;Dinamik Konik Penetrometre için 8 Kg lık Tokmak;Drop sliding hammer 8 kg;0,00;;2025-09-04 15:23:18.1221;0,00;0,00;0,00
LT-S0047/2;Belli Değil;Konik Uç, 60°;Spare 60° cone;0,00;;2025-09-04 15:23:18.1222;0,00;0,00;0,00
LT-S0047/3;Belli Değil;Örs;Anvil with driving rod;0,00;;2025-09-04 15:23:18.1223;0,00;0,00;0,00
LT-S0047/4;Belli Değil;Alt Uzatma Çubuğu;Segmented lower extension rod;0,00;;2025-09-04 15:23:18.1224;0,00;0,00;0,00
LT-S0047/5;Belli Değil;Üst Uzatma Çubuğu;Segmented upper extension rod;0,00;;2025-09-04 15:23:18.1225;0,00;0,00;0,00
LT-S0047/6;Belli Değil;Uzatma çubukları için adaptör;Segmented adaptor for extension rods;0,00;;2025-09-04 15:23:18.1228;0,00;0,00;0,00
LT-S0080 ;Belli Değil;ARAZİ İNCELEME KİTİ;Field Inspection Testing Kit;;;2025-09-04 15:23:18.1229;;;
LT-S0175;Belli Değil;SU SEVİYESİ ÖLÇÜM CİHAZI;Water Level Measuring Device;0,00;;2025-09-04 15:23:18.1230;0,00;;
LT-S0018;Belli Değil;İğne Deliği Deneyi Aparatı,sıkıştırılmış bir numuneye açılan küçük bir delikten su akıtılması yolu ile killi zeminlerin erozyon duyarlılığı ölçülür.  Ø 33mm İç Çaplı;Pinhole Test Apparatus, Ø33mm ID;0,00;;2025-09-04 15:23:18.1231;0,00;;
LT-S0019;Belli Değil;İğne Deliği Deneyi Aparatı,sıkıştırılmış bir numuneye açılan küçük bir delikten su akıtılması yolu ile killi zeminlerin erozyon duyarlılığı ölçülür.  Ø 44mm İç Çaplı;Pinhole Test Apparatus, Ø44mm ID;0,00;;2025-09-04 15:23:18.1232;0,00;;
LT-S0500/4;Belli Değil;Havası Alınmış Su Tankı, 7 lt;Constant Level Water Tank, 7 lt;0,00;;2025-09-04 15:23:18.1233;0,00;0,00;0,00
LT-S0020;Belli Değil;Kesafet Deneyleri için Özel kum. 1000 gr. No.30 (600 mikron) ile No.50 (300 mikron) mikron arasında.;Standard Sand for density tests, passing 600 micron and retained on 300 micron. Pack of 1000 gr.;0,00;30,00;2025-09-04 15:23:18.1234;0,00;9,00;0,00
LT-S0021;Belli Değil;Kesafet Deneyleri için Özel kum. 1000 gr. No. 16 (1,18 mm) ile No.30 (600 mikron) arasında.;Standard Sand for density tests, passing No. 16 (1,18 mm) and retained on  No.30 (600 mikron). Pack of 1000 gr.;0,00;30,00;2025-09-04 15:23:18.1235;0,00;9,00;0,00
LT-S0022;Belli Değil;Cep Tipi Kesme Vane Deney Ekipmanı,kohezyonlu zeminlerde, kesme dayanımının arazide veya laboratuvarda belirlemesinde kullanılabilen pratik bir aparattır. Deney çukurlarında ya da shelby tüplerinden elde edilmiş numunelere sıklıkla uygulanan, hızlı ve etkili kesme dayanımı belirleme yöntemidir. Plastik taşıma kabı ile birlikte verilmektedir.;Pocket Type Vane Tester;0,00;;2025-09-04 15:23:18.1236;0,00;;
LT-S0100 ;Belli Değil;"LABORATUVAR TİPİ VANE KESME CİHAZI 
  
";Laboratory Type Vane Shear;0,00;;2025-09-04 15:23:18.1237;0,00;;
LT-S0101;Belli Değil;MOTORLU LABORATUVAR TİPİ VANE KESME CİHAZI ;Motorized Laboratory Type Vane Shear;0,00;;2025-09-04 15:23:18.1238;0,00;;
LT-S0085;Belli Değil;"Yüzey Numunesi Alma Seti; BS, Çakma bileziği, Çakma tokmağı ve numune alma tüpü ile birlikte set olarak verilmektedir. 
Tokmak 5 kg ağırlığındadır, Bilezik ve Numune Alma Tüpü 73 mm çapındadır. ";Surface Soil Sampler Set, BS, ∅ 73 mm Surface Soil Sampler Set consists of a Driving dolly, 5 kg driving rammer and Ø 73 mm x 66 mm Sampling Tube.;0,00;;2025-09-04 15:23:18.1239;0,00;240,00;0,00
LT-S0085/1;Belli Değil;Numune Alma Tüpü, BS, Ø 73 mm x 66 mm.;Sampling Tube, BS, Ø 73 mm x 66 mm;0,00;;2025-09-04 15:23:18.1240;0,00;75,00;0,00
LT-S0086;Belli Değil;"Yüzey Numunesi Alma Seti; BS, Çakma bileziği, Çakma tokmağı ve numune alma tüpü ile birlikte set olarak verilmektedir. 
Tokmak 10 kg ağırlığındadır, Bilezik ve Numune Alma Tüpü 100 mm çapındadır. ";Surface Soil Sampler Set, BS, ∅ 100 mm Surface Soil Sampler Set consists of a Driving dolly, 10 kg driving rammer and Ø 100 mm x 130 mm Sampling Tube.;0,00;350,00;2025-09-04 15:23:18.1241;0,00;330,00;0,00
LT-S0086/1;Belli Değil;Numune Alma Tüpü, BS, Ø 100 mm x 130 mm.;Sampling Tube, BS, Ø 100 mm x 130 mm;0,00;75,00;2025-09-04 15:23:18.1242;0,00;90,00;0,00
LT-S0087;Belli Değil;"Yüzey Numunesi Alma Seti; BS, Çakma bileziği, Çakma tokmağı ve numune alma tüpü ile birlikte set olarak verilmektedir. 
Tokmak 16 kg ağırlığındadır, Bilezik ve Numune Alma Tüpü 150 mm çapındadır. ";Surface Soil Sampler Set, BS, ∅ 150 mm Surface Soil Sampler Set consists of a Driving dolly, 16 kg driving rammer and Ø 150 mm x 180 mm Sampling Tube.;0,00;;2025-09-04 15:23:18.1243;0,00;555,00;0,00
LT-S0087/1;Belli Değil;Numune Alma Tüpü, BS, Ø 150 mm x 180 mm.;Sampling Tube, BS, Ø 150 mm x 180 mm;0,00;;2025-09-04 15:23:18.1244;0,00;120,00;0,00
LT-S0090;Belli Değil;"Yüzey Numunesi Alma Seti; ASTM/CNR, Tokmak, Çakma kafalı tokmak kılavuzu ve numune alma tüpü ile birlikte set olarak verilmektedir. 
Tokmak 5 kg ağırlığındadır, Numune Alma Tüpü 3"" mm çapındadır. ";"Surface Soil Sampler Set, ASTM/CNR, ∅ 3"" Surface Soil Sampler Set consists of a drive head, 5 kg drive hammer and a thin wall sampling tube.";0,00;;2025-09-04 15:23:18.1245;0,00;555,00;0,00
LT-S0090/1;Belli Değil;"Numune Alma Tüpü, ASTM/CNR, Ø 3"" x 70 mm.";"Sampling Tube, ASTM/CNR, Ø 3"" x 70 mm";0,00;;2025-09-04 15:23:18.1246;0,00;135,00;0,00
LT-S0091;Belli Değil;"Yüzey Numunesi Alma Seti; ASTM/CNR, Tokmak, Çakma kafalı tokmak kılavuzu ve numune alma tüpü ile birlikte set olarak verilmektedir. 
Tokmak 5 kg ağırlığındadır, Numune Alma Tüpü 4"" mm çapındadır. ";"Surface Soil Sampler Set, ASTM/CNR, ∅ 4"" Surface Soil Sampler Set consists of a drive head, 5 kg drive hammer and a thin wall sampling tube.";0,00;;2025-09-04 15:23:18.1247;0,00;734,00;0,00
LT-S0091/1;Belli Değil;"Numune Alma Tüpü, ASTM/CNR, Ø 4"" x 127 mm.";"Sampling Tube, ASTM/CNR, Ø 4"" x 127 mm";0,00;;2025-09-04 15:23:18.1248;0,00;180,00;0,00
LT-S0145;Belli Değil;Manual toprak burgusu seti, T tipi burgu kolu (1 m), 1m uzatma kolu, Ø80mm, Ø100mm ve Ø150mm auger kafaları ile birlikte. ;Hand Operated Auger Boring Set, including T handle with 1 m rod, 1 m extension rod, Ø80mm, Ø100mm and Ø150mm auger heads.;;;2025-09-04 15:23:18.1249;;;
LT-S0101;Belli Değil;"Zemin Proktor Penetrometresi; 4,52 - 5,23 - 6,40 - 9,07 - 12,83 - 16,54 - 20, 22 - 24,79 - 28,55 mm çaplı penetrasyon iğneleri ve Taşıma Çantası ile birlikte verilmektedir.";Soil Proctor Penetrometer, Used to determine in field the moisture-penetration resistance relationship of fine grained soils. Complete with 9 interchangeable stainless steel needles Ø 4,52 - 5,23 - 6,40 - 9,07 - 12,83 - 16,54 - 20, 22 - 24,79 - 28,55 mm, accessories, carrying case.;0,00;18000,00;2025-09-04 15:23:18.1250;0,00;996,00;0,00
LT-S0101/1;Belli Değil;"Zemin Proktor Penetrometre İğnesi; Ø 4,52 mm";"Interchangeable stainless steel needle; Ø 4,52 mm";0,00;;2025-09-04 15:23:18.1251;0,00;0,00;0,00
LT-S0101/2;Belli Değil;"Zemin Proktor Penetrometre İğnesi; Ø 5,23 mm";"Interchangeable stainless steel needle; Ø 5,23 mm";0,00;;2025-09-04 15:23:18.1252;0,00;0,00;0,00
LT-S0101/3;Belli Değil;"Zemin Proktor Penetrometre İğnesi; Ø 6,40 mm";"Interchangeable stainless steel needle; Ø 6,40 mm";0,00;;2025-09-04 15:23:18.1253;0,00;0,00;0,00
LT-S0101/4;Belli Değil;"Zemin Proktor Penetrometre İğnesi; Ø 9,07 mm";"Interchangeable stainless steel needle; Ø 9,07 mm";0,00;;2025-09-04 15:23:18.1254;0,00;0,00;0,00
LT-S0101/5;Belli Değil;"Zemin Proktor Penetrometre İğnesi; Ø 12,83 mm";"Interchangeable stainless steel needle; Ø 12,83 mm";0,00;;2025-09-04 15:23:18.1255;0,00;0,00;0,00
LT-S0101/6;Belli Değil;"Zemin Proktor Penetrometre İğnesi; Ø 16,54 mm";"Interchangeable stainless steel needle; Ø 16,54 mm";0,00;;2025-09-04 15:23:18.1256;0,00;0,00;0,00
LT-S0101/7;Belli Değil;"Zemin Proktor Penetrometre İğnesi; Ø 20,22 mm";"Interchangeable stainless steel needle; Ø 20,22 mm";0,00;;2025-09-04 15:23:18.1257;0,00;0,00;0,00
LT-S0101/8;Belli Değil;"Zemin Proktor Penetrometre İğnesi; Ø 24,79 mm";"Interchangeable stainless steel needle; Ø 24,79 mm";0,00;;2025-09-04 15:23:18.1258;0,00;0,00;0,00
LT-S0101/9;Belli Değil;"Zemin Proktor Penetrometre İğnesi; Ø 28,55 mm";"Interchangeable stainless steel needle; Ø 28,55 mm";0,00;;2025-09-04 15:23:18.1259;0,00;0,00;0,00
LT-S0105;Belli Değil;Cep Tipi Zemin Penetrometresi;Pocket Type Penetrometer;0,00;675,00;2025-09-04 15:23:18.1260;0,00;660,00;0,00
LT-S0105/1;Belli Değil;Cep Tipi Zemin Penetrometresi YERLİ;Soil pocket penetrometer;0,00;350,00;2025-09-04 15:23:18.1261;0,00;390,00;0,00
LT-S0120;Belli Değil;Motorlu Hidrolik Numune Çıkarıcı. Yatay Tip. 38 ile 160 mm çaplı tüplerden ve Proktor, CBR ve Marshall kalıplarından numune çıkartılabilmektedir. 60 kN kapasiteli ve Strok boyu: 70 cm.  Ø 100 mm (4”) ve Ø 150 mm (6”) kalıplar için adaptörleri ile birlikte verilmektedir. Farklı ölçüler için adaptörler ayrıca sipariş edilmelidir. 220 V, 50-60 Hz, 1 ph;"Motorized Hydraulic Specimen Extruder, Horizontal Type is used for quick and smooth extrusion of soil specimens from 38 mm to 160 mm tubes and also Proctor, CBR and Marshall Moulds. The Extruder has 60 kN capacity and 70 cm ram travel. Adaptors with different sizes should be ordered separately if required. Supplied complete with Adaptors for Ø 100 mm (4”) and Ø 150 mm (6”) moulds. 
220 V, 50-60 Hz, 1 ph";0,00;4495,00;2025-09-04 15:23:18.1262;0,00;2812,00;0,00
LT-S0115;Belli Değil;Motorlu Hidrolik Numune Çıkarıcı. Dikey Tip. 38 ile 160 mm çaplı tüplerden ve Proktor, CBR ve Marshall kalıplarından numune çıkartılabilmektedir. 60 kN kapasiteli ve Strok boyu: 70 cm.  Ø 100 mm (4”) ve Ø 150 mm (6”) kalıplar için adaptörleri ile birlikte verilmektedir. Farklı ölçüler için adaptörler ayrıca sipariş edilmelidir. 220 V, 50-60 Hz, 1 ph;"Motorized Hydraulic Specimen Extruder, Vertical Type is used for quick and smooth extrusion of soil specimens from 38 mm to 160 mm tubes and also Proctor, CBR and Marshall Moulds. The Extruder has 60 kN capacity and 70 cm ram travel. Adaptors with different sizes should be ordered separately if required. Supplied complete with Adaptors for Ø 100 mm (4”) and Ø 150 mm (6”) moulds. 
220 V, 50-60 Hz, 1 ph";0,00;;2025-09-04 15:23:18.1263;0,00;3062,00;0,00
LT-S0120/1;Belli Değil;Adaptör Ø 38 mm tüpler için ;Adaptor Ø 38 mm tube;0,00;;2025-09-04 15:23:18.1264;0,00;54,00;0,00
LT-S0120/2;Belli Değil;Adaptör Ø 50 mm tüpler için ;Adaptor Ø 50 mm tube;0,00;;2025-09-04 15:23:18.1265;0,00;57,00;0,00
LT-S0120/3;Belli Değil;Adaptör Ø 70 mm tüpler için ;Adaptor Ø 70mm tube;0,00;;2025-09-04 15:23:18.1266;0,00;60,00;0,00
LT-S0120/4;Belli Değil;Adaptör Ø 100 mm tüpler için ;Adaptor Ø 100 mm tube;0,00;;2025-09-04 15:23:18.1267;0,00;63,00;0,00
LT-S0120/5;Belli Değil;Adaptör Ø 150 mm tüpler için ;Adaptor Ø 150 mm tube;0,00;;2025-09-04 15:23:18.1268;0,00;66,00;0,00
LT-U0035;Belli Değil;"Marshall-CBR Numune Çıkarıcı; 4”, 6”, 100 mm ve 150 mm çaplı numune kalıplarında sıkışmış numunenin kolay bir şekilde çıkarılması için tasarlanmıştır. 5 ton kaldırma kapasitelidir. Kuvvet el ile basmalı hidrolik kriko ile sağlanmaktadır.";Marshall- CBR Sample Extruder, 50kN extrusion force, hydraulic sample ejector. Complete with ∅ 4”, 6”, 100 mm and 150 mm  adaptors to extrude standard and modified proctor, CBR and marshall molds.;0,00;490,00;2025-09-04 15:23:18.1269;0,00;300,00;0,00
LT-S0125;Belli Değil;"Yatay Universal Manuel Numune Çıkarıcı. 35 ile 101,6 mm çaplı tüplerden ve Proktor, CBR ve Marshall kalıplarından numune çıkartılabilmektedir. 60 kN kapasiteli ve Strok boyu: 650 cm. 
Ø 38 ve 100 mm çaplı numuneleri çıkartmak için adaptörleri ve ayarlanabilir numune alma tablası ile birlikte verilmektedir.
Farklı ölçüler için adaptörler ayrıca sipariş edilmelidir. 
220 V, 50-60 Hz, 1 ph";"Hand Operated Screw Extruder; The unit extrudes samples from Ø 35 to 101,6 mm with maximum stroke of 650 mm. Horizontal Type and 60 kN extrusion force. Supplied complete with adaptors to extrude samples having Ø 38 mm and 100 mm, supporting bench, sample receiving table both adjustable in height and lowerable.
Supplied with Ø 38 mm, Ø 50 mm, Ø 75 mm, Ø 100 mm, Ø 150 mm
Adaptors (ring and tamper).";0,00;;2025-09-04 15:23:18.1270;0,00;1080,00;0,00
LT-S0125/1;Belli Değil;Adaptör Ø 38 mm tüpler için ;Adaptor Ø 38 mm tube;0,00;;2025-09-04 15:23:18.1271;0,00;54,00;0,00
LT-S0125/2;Belli Değil;Adaptör Ø 50 mm tüpler için ;Adaptor Ø 50 mm tube;0,00;;2025-09-04 15:23:18.1272;0,00;57,00;0,00
LT-S0125/3;Belli Değil;Adaptör Ø 70 mm tüpler için ;Adaptor Ø 70mm tube;0,00;;2025-09-04 15:23:18.1273;0,00;60,00;0,00
LT-S0125/4;Belli Değil;Adaptör Ø 100 mm tüpler için ;Adaptor Ø 100 mm tube;0,00;;2025-09-04 15:23:18.1274;0,00;63,00;0,00
LT-S0125/5;Belli Değil;Adaptör Ø 150 mm tüpler için ;Adaptor Ø 150 mm tube;0,00;;2025-09-04 15:23:18.1275;0,00;66,00;0,00
LT-S0025;Belli Değil;Soil Lathe Numune Çıkarıcı;Soil Lathe;0,00;750,00;2025-09-04 15:23:18.1276;0,00;600,00;0,00
LT-G0170;Belli Değil;Kıl Testere;Open Wire Saw;0,00;;2025-09-04 15:23:18.1277;0,00;10,80;0,00
LT-G0170/1;Belli Değil;Kıl Testere Teli;Wire;0,00;;2025-09-04 15:23:18.1278;0,00;2,40;0,00
LT-G0171;Belli Değil;Düzeltme Bıçağı;Trimming Knife;0,00;;2025-09-04 15:23:18.1279;0,00;18,00;0,00
LT-S0006;Belli Değil;"Tekstür Analiz Seti; Hızlı Karıştırıcı, 152 H Hidrometer, Bouyoucos Silindiri ve Paslanmaz Çelik Karıştırma Çubuğu ile birlikte verilmektedir. 220-240 V 50-60 Hz";"Measuring Soil Texture Test Set; supplied with High Speed Stirrer, -5 to 60 g/l range 152 H Hydrometer, Bouyoucos Cylinder,
1205 ml and Stainless Steel Stirring Rod. 220-240 V 50-60 Hz";0,00;3150,00;2025-09-04 15:23:18.1280;0,00;609,00;0,00
LT-S0007;Belli Değil;"Hızlı Toprak Mikseri; boşken 10,000 dev/dk üzeri dönebilmektedir, Inox karıştırma kabı ile birlikte verilmektedir.";"High Speed Stirrer operates at over 10,000 rpm, includes dispersion cup, stirring paddle, automatic switch-on by positioning bowl.
220-240 V 50-60 Hz";0,00;1750,00;2025-09-04 15:23:18.1281;0,00;450,00;0,00
LT-S0005/5;Belli Değil;"Hidrometre 152H, ASTM D422, AASHTO T88;, -5 - +60g 1° bölmeli";"Hydrometer 152H, ASTM D422, AASHTO T88; -5 - +60g 1° division";0,00;1500,00;2025-09-04 15:23:18.1282;0,00;90,00;0,00
LT-S0006/1;Belli Değil;Hidrometre (Bouyoucos) Silindiri. (1205 mL) ;Bouyoucos Cylinder, 1205 ml, graduated;0,00;1300,00;2025-09-04 15:23:18.1283;0,00;48,00;0,00
LT-S0006/2;Belli Değil;Karıştırma Çubuğu;Stirring Rod, Stainless Steel;0,00;50,00;2025-09-04 15:23:18.1284;0,00;21,00;0,00
LT-S0005;Belli Değil;Hidrometre deney seti, Hidrometre Su Banyosu, Sirkülasyon Pompası, Isıtıcı, Tıpa, Hızlı Toprak Mikseri, 6 adet 1000 ml Sedimantasyon Mezürü, 1 adet 151 H Hidrometre, 1 kg Sodyum Hegzametafosfat ve 600 ml Beher ile birlikte set olarak verilmektedir.;Hydrometer Test Set, Supplied with Hydrometer Water Bath, Circulation Pump, Heater, Soil Mixer, 6 x 1000 ml Sedimentation Measure, 151 H Hydrometer, 1 kg Sodium Hexametaphosphate and 600 ml Beaker.;0,00;7500,00;2025-09-04 15:23:18.1285;0,00;990,00;0,00
LT-S0008;Belli Değil;Dijital Hidrometre deney seti, Dijital Hidrometre Su Banyosu, Sirkülasyon Pompası, Isıtıcı, Tıpa, Hızlı Toprak Mikseri, 6 adet 1000 ml Sedimantasyon Mezürü, 1 adet 151 H Hidrometre, 1 kg Sodyum Hegzametafosfat ve 600 ml Beher ile birlikte set olarak verilmektedir.;Digital Hydrometer Test Set, Supplied with Digital Hydrometer Water Bath, Circulation Pump, Heater, Soil Mixer, 6 x 1000 ml Sedimentation Measure, 151 H Hydrometer, 1 kg Sodium Hexametaphosphate and 600 ml Beaker.;0,00;;2025-09-04 15:23:18.1286;0,00;1260,00;0,00
LT-S0003;Belli Değil;"Hidrometre Banyosu; sirkülasyonludur. Ortam sıcaklığı  +35°C sıcaklık aralığında, ±0.5°C hassasiyette çalışmaktadır. 8 mezür kapasiteli, 50 litre tank kapasitelidir. Plastik kılıflı cam gövdeden imal edilmiştir. 
230V, 50-60Hz ";"Hydrometer Water Bath; circulation system. Temperature range: Ambient to 35°C, Sensitivity: 0.5°C. 8 pieces glass measuring cylinders capacity, 50 liter vessel. 230V, 50-60Hz ";0,00;550,00;2025-09-04 15:23:18.1287;0,00;158,00;0,00
LT-S0004;Belli Değil;"Dijital Hidrometre Banyosu; sirkülasyonludur. Ortam sıcaklığı + 35°C sıcaklık aralığında, ±0.5°C hassasiyette çalışmaktadır. 8 mezür kapasiteli, 50 litre tank kapasitelidir. Plastik kılıflı cam gövdeden imal edilmiştir. 
230V, 50-60Hz ";"Digital Hydrometer Water Bath; circulation system. Temperature range: Ambient to 35°C, Sensitivity: 0.5°C. 8 pieces glass measuring cylinders capacity, 50 liter vessel. 230V, 50-60Hz ";0,00;;2025-09-04 15:23:18.1288;0,00;420,00;0,00
LT-S0005/2;Belli Değil;Sirkülasyon Pompası;Circulation Pump;0,00;400,00;2025-09-04 15:23:18.1289;0,00;12,00;0,00
LT-S0005/3;Belli Değil;Isıtıcı;Heater;0,00;600,00;2025-09-04 15:23:18.1290;0,00;18,00;0,00
LT-S0005/4;Belli Değil;"Hidrometre 151H, ASTM D422, AASHTO T88; 0,995 - 1,038g 0,001° bölmeli";"Hydrometer 151H, ASTM D422, AASHTO T88; 0,995 - 1,038g 0,001° division";0,00;1500,00;2025-09-04 15:23:18.1291;0,00;105,00;0,00
LT-S0005/6;Belli Değil;"Sedimantasyon Mezürü, 1000 ml.kapasiteli, düz cilalı ağızlı, 18"" (457mm) x 2-½"" dış çap";"Hydrometer Jars, 1000 ml capacity, flat mouth, 18"" (457mm) length x 2-½"" outer diameter, 6 in set";0,00;1055,00;2025-09-04 15:23:18.1292;0,00;42,60;0,00
LT-G0718;Belli Değil;Sodyum Hegzametafosfat, 1 kg;Sodium hexametaphosphate.1 kg;0,00;180,00;2025-09-04 15:23:18.1293;0,00;12,60;0,00
LT-G0404;Belli Değil;Cam Beher 600ml;Glass Beaker 600ml;0,00;124,00;2025-09-04 15:23:18.1294;0,00;8,40;0,00
LT-S1803;Belli Değil;Imhoff Hunisi;Imhoff Funnels;;;2025-09-04 15:23:18.1295;;;
LT-S0030;Belli Değil;"Yarı Otomatik Konik Penetrometre; dijital uzama ölçer, 30° açılı paslanmaz çelik koni ve batma zamanı ayarlama ünitesi ile birlikte. 
220 V, 50-60 Hz, 1 ph";"Semi-Automatic Digital Penetrometer for Liquid Limit used to determine penetration under constant load and temperature. Supplied complete with penetration timer unit, 30° cone. 
220 V, 50-60 Hz, 1 ph";0,00;14892,97;2025-09-04 15:23:18.1296;0,00;810,00;0,00
LT-S0030/1;Belli Değil;Paslanmaz çelik Penetrasyon Konisi, 30° açılı;Liquid Limit Penetration Test Cone 30° Angle, Stainless Steel;0,00;;2025-09-04 15:23:18.1297;0,00;45,00;0,00
LT-S0030/2;Belli Değil;30° Penetrasyon Konisi için Konik Test Aparatı;30° Cone Test Gauge for LT-S0030/1;0,00;;2025-09-04 15:23:18.1298;0,00;224,00;0,00
LT-S0030/3;Belli Değil;Paslanmaz çelik Penetrasyon Konisi, 60° açılı;Liquid Limit Penetration Test Cone 60° Angle, Stainless Steel;0,00;;2025-09-04 15:23:18.1299;0,00;90,00;0,00
LT-S0030/4;Belli Değil;60° Penetrasyon Konisi için Konik Test Aparatı;60° Cone Test Gauge for LT-S0030/4;0,00;;2025-09-04 15:23:18.1300;0,00;24,00;0,00
LT-G0152;Belli Değil;Numune Kutusu, 55mm çap x 35mm derinlik;Moisture content tin, Ø 5,5 x 3,5 cm;0,00;40,00;2025-09-04 15:23:18.1301;0,00;3,13;0,00
LT-G0151;Belli Değil;Numune Kutusu, 75mm çap x 45mm derinlik;Moisture content tin, ∅ 7,5 x 4,5 cm;0,00;50,00;2025-09-04 15:23:18.1302;0,00;4,50;0,00
LT-S0040;Belli Değil;Büzülme Limit Test Seti, 2 adet Ø 45 x 10 mm rutubet kutusu, 1 adet Ø 55 x 35 mm rutubet kutusu, büzülme limit camı, Ø 120 mm porselen pota, 150 mm spatula, 25 ml cam mezür ve taşıma çantası ile birlikte set olarak verilmektedir.;Shrinkage Limit Test Set, Supplied with 2 pieces Ø 45 x 10 mm Moisture Content Tin, Ø 55 x 35 mm Moisture Content Tin, Shrinkage Plate with three Metal Prongs, Ø 120 mm Porcelain Dish, 150 mm Spatula, 25 ml Graduated Glass Cylinder and Carrying Case.;0,00;1500,00;2025-09-04 15:23:18.1303;0,00;90,00;0,00
LT-S0040/1;Belli Değil;Büzülme limit camı;Shrinkage Plate with three Metal Prongs;0,00;;2025-09-04 15:23:18.1304;0,00;9,00;0,00
LT-G0153;Belli Değil;Numune Kutusu, Kapaklı, Alüminyum, Ø: 45 x 10 mm;Moisture Tin with Cover, Aluminum, Ø: 45 x 10 mm;0,00;35,00;2025-09-04 15:23:18.1305;0,00;1,80;0,00
LT-G0152;Belli Değil;Numune Kutusu, Kapaklı, Alüminyum, Ø: 55 x 35 mm;Moisture Tin with Cover, Aluminum, Ø: 55 x 35 mm;0,00;40,00;2025-09-04 15:23:18.1306;0,00;3,13;0,00
LT-G0761;Belli Değil;Porselen Pota, Ø 120 mm;Porcelain Dish,  Ø 120 mm;0,00;213,00;2025-09-04 15:23:18.1307;0,00;21,60;0,00
LT-G0311;Belli Değil;Spatula Orta Boy, Tahta Saplı, Esnek, 150 mm;Spatula, 150 mm;0,00;;2025-09-04 15:23:18.1308;0,00;15,00;0,00
LT-G0415;Belli Değil;Cam Mezür, 25ml;Graduated Glass Cylinder, 25 ml;0,00;102,00;2025-09-04 15:23:18.1309;0,00;7,20;0,00
LT-S0041;Belli Değil;Büzülme Limit Kalıbı;Linear Shrinkage Mould;0,00;1003,93;2025-09-04 15:23:18.1310;0,00;45,00;0,00
LT-S0035;Belli Değil;Manuel Likit Limit Aleti, BS. Metal Oluk açma bıçağı ile birlikte verilmektedir.(Casagranda);Manuel Liquid Limit Test Apparatus, BS. Comprises a removable brass cup, adjustable crank and cam mechanism, blow counter and base. Supplied with Metal grooving tool.;0,00;700,00;2025-09-04 15:23:18.1311;0,00;390,00;0,00
LT-S0036;Belli Değil;Manuel Likit Limit Aleti, ASTM. Metal Oluk açma bıçağı ile birlikte verilmektedir.(Casagranda);Manuel Liquid Limit Test Apparatus, ASTM. Comprises a removable brass cup, adjustable crank and cam mechanism, blow counter and base. Supplied with Metal grooving tool.;0,00;7700,00;2025-09-04 15:23:18.1312;0,00;390,00;0,00
LT-S0037;Belli Değil;Otomatik(Casagranda) Likit Limit Aleti, BS. Metal Oluk açma bıçağı ile birlikte verilmektedir.;Automatic Liquid Limit Test Apparatus, BS. Comprises a removable brass cup, adjustable crank and cam mechanism, blow counter and base. Supplied with Metal grooving tool.;0,00;;2025-09-04 15:23:18.1313;0,00;630,00;0,00
LT-S0038;Belli Değil;Otomatik Likit Limit Aleti, ASTM. Metal Oluk açma bıçağı ile birlikte verilmektedir.;Automatic Liquid Limit Test Apparatus, ASTM. Comprises a removable brass cup, adjustable crank and cam mechanism, blow counter and base. Supplied with Metal grooving tool.;0,00;1100,00;2025-09-04 15:23:18.1314;0,00;630,00;0,00
LT-S0036/1;Belli Değil;Metal Oluk Açma Bıçağı, ASTM.;Metal Grooving Tool and Gauge Block, ASTM;0,00;125,00;2025-09-04 15:23:18.1315;0,00;66,00;0,00
LT-S0036/2;Belli Değil;Plastik Oluk Açma Bıçağı, ASTM;Plastic Grooving Tool, ASTM;0,00;;2025-09-04 15:23:18.1316;0,00;0,00;0,00
LT-S0035/1;Belli Değil;Plastik Oluk Açma Bıçağı, BS;Plastic Grooving Tool, BS;0,00;40,00;2025-09-04 15:23:18.1317;0,00;0,00;0,00
LT-S0036/3;Belli Değil;Yedek Prinç Kap;Spare Brass Cup;0,00;125,00;2025-09-04 15:23:18.1318;0,00;0,00;0,00
LT-S0045;Belli Değil;"Plastik Limit Test Seti; 6 adet Ø 55 cm x 35 mm numune kutusu, 300x300x5mm Cam Plaka, Ø12 cm Porselen Pota, Ø 3 x 100 mm Referans Çubuğu ve 100 mm Spatula  ile birlikte set olarak verilmektedir.";"Plastic Limit Test Set; Supplied with 6 pieces Ø 55 cm x 35 mm Moisture Content Tins, 300x300x5 mm Glass Plate, Ø 12 cm Porcelain Dish, Ø 3 x 100 mm Reference Rod, 100 mm Spatula and Carrying Case.";0,00;1500,00;2025-09-04 15:23:18.1319;0,00;105,00;0,00
LT-S0045/1;Belli Değil;Plastik Limit Cam Plakası, 300x300x5 mm;Plastic Limit Glass Plate, 300x300x5 mm;0,00;;2025-09-04 15:23:18.1320;0,00;9,00;0,00
LT-S0045/2;Belli Değil;Plastik Limit Referans Çubuğu, Ø3 x 100 mm;Plastic Limit Reference Rod. Ø3 x 100 mm;0,00;;2025-09-04 15:23:18.1321;0,00;6,00;0,00
LT-G0152;Belli Değil;Numune Kutusu, 55mm çap x 35mm derinlik;Moisture content tin, Ø 5,5 x 3,5 cm;0,00;40,00;2025-09-04 15:23:18.1322;0,00;3,13;0,00
LT-G0761;Belli Değil;Porselen Pota, Ø 120 mm;Porcelain Dish,  Ø 120 mm;0,00;213,00;2025-09-04 15:23:18.1323;0,00;21,60;0,00
LT-G0310;Belli Değil;Spatula Küçük, Tahta Saplı, Esnek, 100 mm;Spatula, 100 mm;0,00;;2025-09-04 15:23:18.1324;0,00;13,80;0,00
LT-S0055;Belli Değil;"Standart Proktor Kalıp, ASTM.  
İç çap: 101.6 ± 0,4 mm, Boy: 116,4 ± 0,5 mm";"Standard Proctor Mould, ASTM.  
Int. Dia: 101.6 ± 0,4 mm, Height: 116,4 ± 0,5 mm";0,00;450,00;2025-09-04 15:23:18.1325;0,00;75,00;0,00
LT-S0056;Belli Değil;"Modifiye Proktor Kalıp, ASTM.  
İç çap: 152.4 ± 0,7 mm, Boy: 116,4 ± 0,5 mm";"Modified Proctor Mould, ASTM.  
Int. Dia: 152.4 ± 0,7 mm, Height: 116,4 ± 0,5 mm";0,00;180,00;2025-09-04 15:23:18.1326;0,00;85,00;0,00
LT-S0060;Belli Değil;"A Tipi Standart Proktor Kalıp, EN. 
İç çap: 100 ± 1 mm, Boy: 120 ± 1 mm";"A Type Standard Proctor Mould, EN.  
Int. Dia: 100 ± 1 mm, Height: 120 ± 1 mm";0,00;;2025-09-04 15:23:18.1327;0,00;65,00;0,00
LT-S0060/1;Belli Değil;A Tipi Standart Proktor Kalıp için Çelik Tabla;Steel Plate for The End Layer Compaction for LT-S0060;0,00;;2025-09-04 15:23:18.1328;0,00;0,00;0,00
LT-S0061;Belli Değil;"B Tipi Modifiye Proktor Kalıp, EN. 
İç çap: 150 ± 1 mm, Boy: 120 ± 1 mm";"B Type Modified Proctor Mould, EN.  
Int. Dia: 150 ± 1 mm, Height: 120 ± 1 mm";0,00;;2025-09-04 15:23:18.1329;0,00;63,00;0,00
LT-S0061/1;Belli Değil;B Tipi Standart Proktor Kalıp için Çelik Tabla;Steel Plate for The End Layer Compaction for LT-S0061;0,00;;2025-09-04 15:23:18.1330;0,00;0,00;0,00
LT-S0065;Belli Değil;"1 Litre Standart Proktor Kalıp, BS, TS1900-1. 
İç çap:  105 ± 0,5 mm, Boy: 115,5 ± 0,5 mm";"1 Liter Standard Proctor Mould, BS, TS1900-1. 
Int. Dia: 105 ± 0,5 mm, Height: 115,5 ± 0,5 mm";0,00;90,00;2025-09-04 15:23:18.1331;0,00;63,00;0,00
LT-G0172;Belli Değil;Düzeltme Bıçağı. 40 cm;Straight edge. 40 cm;0,00;;2025-09-04 15:23:18.1332;0,00;18,00;0,00
LT-S0057;Belli Değil;"Standart Proktor Tokmak, ASTM. 
Tokmak çapı: 50.8 mm, Serbest düşme yüksekliği: 304.8± 1 mm, Tokmak ağırlığı: 2495 ± 23 g";"Standard Proctor Rammer, ASTM. 
Rammer dia: 50.8 mm, Free fall Height: 304.8± 1 mm, 
Mass of Rammer: 2495 ± 23 g";0,00;1905,54;2025-09-04 15:23:18.1333;0,00;75,00;0,00
LT-S0058;Belli Değil;"Modifiye Proktor Tokmak, ASTM. 
Tokmak çapı: 50.8 mm, Serbest düşme yüksekliği: 457 ± 1.3 mm, Tokmak ağırlığı: 4540 ± 10 g";"Modified Proctor Rammer, ASTM. 
Rammer dia: 50.8 mm, Free fall Height: 457 ± 1.3 mm, 
Mass of Rammer: 4540 ± 10 g";0,00;2258,34;2025-09-04 15:23:18.1334;0,00;85,00;0,00
LT-S0062;Belli Değil;"A Tipi Standart Proktor Tokmak, EN. 
Tokmak çapı: 50 ± 0.5 mm, Serbest düşme yüksekliği: 305± 3 mm, Tokmak ağırlığı: 2500 ± 20 g";"A Type Standard Proctor Rammer, EN. 
Rammer dia: 50 ± 0.5 mm, Free fall Height: 305± 3 mm, 
Mass of Rammer: 2500 ± 20 g";0,00;;2025-09-04 15:23:18.1335;0,00;75,00;0,00
LT-S0063;Belli Değil;"B Tipi Modifiye Proktor Tokmak, EN. 
Tokmak çapı: 50 ± 0.5 mm, Serbest düşme yüksekliği: 457 ± 3 mm, Tokmak ağırlığı: 4500 ± 40 g";"B Type Modified Proctor Rammer, EN. 
Rammer dia: 50 ± 0.5 mm, Free fall Height: 457 ± 3 mm, 
Mass of Rammer: 4500 ± 40 g";0,00;;2025-09-04 15:23:18.1336;0,00;85,00;0,00
LT-S0066;Belli Değil;"2,5 kg Sıkıştırma Tokmağı, BS.
Tokmak çapı: 50 ± 0.5 mm, Serbest düşme yüksekliği: 300± 3 mm, Tokmak ağırlığı: 2500 ± 25 g";"2,5 kg Compaction Rammer, BS.
Rammer dia: 50 ± 0.5 mm, Free fall Height: 300± 3 mm, 
Mass of Rammer: 2500 ± 25 g";0,00;110,00;2025-09-04 15:23:18.1337;0,00;75,00;0,00
LT-S0067;Belli Değil;"4,5 kg Sıkıştırma Tokmağı, BS.
Tokmak çapı: 50 ± 0.5 mm, Serbest düşme yüksekliği: 450 ± 4 mm, Tokmak ağırlığı: 4500 ± 50 g";"4,5 kg Compaction Rammer, BS.
Rammer dia: 50 ± 0.5 mm, Free fall Height: 450 ± 4 mm, 
Mass of Rammer: 4500 ± 50 g";0,00;130,00;2025-09-04 15:23:18.1338;0,00;85,00;0,00
LT-S0075;Belli Değil;"Otomatik Toprak Kompaktörü; Vuruş sayısının kontrol edildiği Dijital sayaç, cihaz üzerinde bulunmaktadır. Çekicin düşme yüksekliği (305 mm, 457 mm) ve ağırlığı (2.5 kg , 4.5 kg) istenilen şekilde ayarlanabilir. 220 V, 50-60 Hz, 1 ph";Automatic Soil Compactor, used to compress standart, modified proctor and CBR mould specimens. Programmable digital counter, adjustable falling height (305 mm, 457 mm) and adjustable weight (2.5 kg , 4.5 kg).   ;0,00;30341,80;2025-09-04 15:23:18.1339;0,00;3037,00;0,00
LT-S0075/1;Belli Değil;Toprak Kompaktörü Tokmağı, EN;Rammer for LT-S0075, EN;0,00;300,00;2025-09-04 15:23:18.1340;0,00;240,00;0,00
LT-S0075/2;Belli Değil;Toprak Kompaktörü Tokmağı, ASTM;Rammer for LT-S0075, ASTM;0,00;300,00;2025-09-04 15:23:18.1341;0,00;240,00;0,00
LT-S0075/3;Belli Değil;Toprak Kompaktörü Tokmağı, BS;Rammer for LT-S0075,  BS;0,00;300,00;2025-09-04 15:23:18.1342;0,00;0,00;0,00
LT-S0076;Belli Değil;Otomatik Toprak Kompaktörü, CBR, standard ve modifiye proktor kalıplarında numunelerin sıkıştırılması amacıyla kullanılır. Programlanabilen dijital sayaçlı, düşme yüksekliği (300mm, 305mm, 450mm, 457mm) ve tokmak ağırlığı (2,5 kg, 4,5 kg) ayarlanabilir. ASTM/AASHTO/EN/BS tokmağı, Ø50,8mm ASTM/AASHTO dairesel kafa ve Ø50mm EN/BS kafası ile birlikte komple. 220-240V, 50Hz, 1faz.;Automatic Soil Compactor, used to compress test specimens in CBR, standard and modified proctor moulds. Programmable digital counter, adjustable falling height (300mm, 305mm, 450mm, 457mm) and adjustable weight (2.5 kg, 4.5 kg). Supplied complete with ASTM/AASHTO/EN/BS rammer, Ø50.8mm ASTM/AASHTO circular face and Ø50mm EN/BS circular face. 220-240V, 50Hz, 1ph. ;135000,00;;2025-09-04 15:23:18.1343;135000,00;;
LT-S0150;Belli Değil;Dijital CBR Test Cihazı, 50kN kapasiteli, çift kolonlu. Deney hızı 1,27 mm/dakikaya ayarlanabilmektedir. LCD ekranlı Dijital Kontrol Ünitesi , 50kN kapasiteli Yük Hücresi, 25 x 0,01 mm  Deformasyon Transduseri ve Penetrasyon Pistonu ile birlikte verilmektedir.  220-240 V, 50-60 Hz, 1 ph;Digital CBR Test Machine, 50kN capacity, Default Platen rate is 1.27 mm/min also maintained under load thanks to an overpowered electric motor. Supplied complete with LCD Control Unit, 50 kN capacity Load Cell, CBR Penetration Piston and 25 mm Displacement Sensor. 220-240 V, 50-60 Hz, 1 ph;0,00;65236,78;2025-09-04 15:23:18.1344;0,00;3610,00;3200,00
LT-S0150/1;Belli Değil;CBR Penetrasyon Pistonu;CBR Penetration Piston;0,00;;2025-09-04 15:23:18.1345;0,00;72,00;0,00
LT-G8035;Belli Değil;Load cell, 50 kN kapasiteli;Load cell, 50 kN capacity;0,00;;2025-09-04 15:23:18.1346;0,00;330,00;0,00
LT-G8040;Belli Değil;Uzama Sensörü, 25 x 0,01 mm;Displacement Sensor, 25 x 0,01 mm;0,00;392,00;2025-09-04 15:23:18.1347;0,00;405,00;0,00
LT-AZ0050;Belli Değil;"Dijital CBR/MARSHALL Test Cihazı, 50kN kapasiteli, çift kolonlu. Deney hızı CBR Testleri için 1,27 mm/dak., MARSHALL testleri için 50,8 mm/dak.'dır. LCD ekranlı dijital kontrol ünitesi , 50kN kapasiteli yük hücresi, 25mmx0,001  deformasyon transduseri, Penetrasyon pistonu ve Kırma Başlığı ile birlikte verilmektedir.  
220-240V, 50-60Hz, 1ph";"Digital CBR/MARSHALL 2 speed Test Machine, 50kN capacity, Test speed: 1,27 mm/min for CBR, 50.8 mm/min for Marshall tests. Complete with 50kN capacity Load Cell, 25mmx0,001 deformation transducer, Penetration Piston, Breaking Head and LCD digital read out unit. 
220-240V, 50-60Hz, 1 ph.";0,00;9000,00;2025-09-04 15:23:18.1348;0,00;6300,00;0,00
LT-S0151;Belli Değil;Load Ringli CBR Test Cihazı, 50kN kapasiteli, çift kolonlu. Deney hızı 1,27 mm/dakikaya ayarlanabilmektedir.  50kN kapasiteli Yük Halkası, 30 x 0,01 mm komparatör saati ve Penetrasyon Pistonu ile birlikte verilmektedir.  220-240 V, 50-60 Hz, 1 ph;Digital CBR Test Machine, 50kN capacity, Default Platen rate is 1.27 mm/min also maintained under load thanks to an overpowered electric motor. Supplied complete with  50 kN capacity Load Ring, CBR Penetration Piston and 30 x 0,01 mm Analog Dial Indicator. 220-240 V, 50-60 Hz, 1 ph;2850,00;;2025-09-04 15:23:18.1349;2850,00;2850,00;2750,00
LT-G0590;Belli Değil;Load Ring 5 kN Capacity;Load Ring 5 kN Capacity;200,00;;2025-09-04 15:23:18.1350;200,00;200,00;200,00
LT-G0537;Belli Değil;Load Ring 10 kN Capacity;Load Ring 10 kN Capacity;225,00;;2025-09-04 15:23:18.1351;225,00;225,00;225,00
LT-G0538;Belli Değil;Load Ring 28 kN Capacity;Load Ring 28 kN Capacity;250,00;;2025-09-04 15:23:18.1352;250,00;250,00;250,00
LT-G0539;Belli Değil;Load Ring 50 kN Capacity;Load Ring 50 kN Capacity;275,00;;2025-09-04 15:23:18.1353;275,00;275,00;275,00
LT-S0160;Belli Değil;"CBR Kalıp Seti, ASTM, AASHTO. 
Ø 152.4 (6”) x 177.8 (7”) mm CBR Kalıp, Uzatma Yakası ve Delikli Alt Plakası ile birlikte verilmektedir.";"CBR Mould Set, ASTM, AASHTO. 
Supplied complete with Ø 152.4 (6”) x 177.8 (7”) mm CBR Mould, Extension Collar and Perforated Base Plate.";0,00;;2025-09-04 15:23:18.1354;0,00;101,00;0,00
LT-S0160/1;Belli Değil;CBR Kalıp. Ø 152.4 (6”) x 177.8 (7”) mm. ASTM, AASHTO.;CBR Mould. Ø 152.4 (6”) x 177.8 (7”) mm. ASTM, AASHTO.;0,00;90,00;2025-09-04 15:23:18.1355;0,00;0,00;0,00
LT-S0160/2;Belli Değil;Kesme Yakası. Ø 152.4 (6”) x 50 (2”) mm. ASTM, AASHTO;Extension Collar. Ø 152.4 (6”) x 50 (2”) mm. ASTM, AASHTO;0,00;45,00;2025-09-04 15:23:18.1356;0,00;0,00;0,00
LT-S0160/3;Belli Değil;Delikli Alt Plaka. ASTM, AASHTO;Perforated Base Plate. ASTM, AASHTO;0,00;75,00;2025-09-04 15:23:18.1357;0,00;0,00;0,00
LT-S0161;Belli Değil;CBR Düz Taban Plakası. ASTM, AASHTO;CBR Solid Base Plate. ASTM, AASHTO;0,00;65,00;2025-09-04 15:23:18.1358;0,00;0,00;0,00
LT-S0162;Belli Değil;Ara Mesafe Diski. Ø 150.8 x 61.4 mm. ASTM, AASHTO;Spacer Disc with 'T' Handle. Ø 150.8 x 61.4 mm. ASTM, AASHTO;0,00;100,00;2025-09-04 15:23:18.1359;0,00;0,00;0,00
LT-S0163;Belli Değil;Delikli sürsaj ağırlık. ASTM, AASHTO;Annular Surcharge Weight, ASTM, AASHTO;0,00;150,00;2025-09-04 15:23:18.1360;0,00;0,00;0,00
LT-S0164;Belli Değil;Yarıklı sürsaj ağırlık. ASTM, AASHTO;Slotted Surcharge Weight, ASTM, AASHTO;0,00;250,00;2025-09-04 15:23:18.1361;0,00;0,00;0,00
LT-S0165;Belli Değil;Düzeltme Bıçağı. 300x30x5 mm;Straight edge. 300x30x5 mm;0,00;50,00;2025-09-04 15:23:18.1362;0,00;0,00;0,00
LT-S0166;Belli Değil;Filtre Kağıdı. No.5 x Ø 150 mm. 1 Paket: 100 adet. ASTM, AASHTO;Filter Paper. No.5 x Ø 150 mm. Pack of 100. ASTM, AASHTO;0,00;;2025-09-04 15:23:18.1363;0,00;0,00;0,00
LT-S0167;Belli Değil;Filtre Eleği, 150 μm. Ø 144 mm. ASTM, AASHTO;Filter Screen, 150 μm mesh. Ø 144 mm. ASTM, AASHTO;0,00;;2025-09-04 15:23:18.1364;0,00;0,00;0,00
LT-S0170;Belli Değil;"CBR Kalıp Seti, EN 13286-47 
Ø 150 ± 1 mm x 120 ± 1 mm CBR Kalıp, Uzatma Yakası ve Delikli Alt Plakası ile birlikte verilmektedir.";"CBR Mould Set, EN 13286-47 
Supplied complete with Ø 150 ± 1 mm x 120 ± 1 mm CBR Mould, Extension Collar and Perforated Base Plate.";0,00;;2025-09-04 15:23:18.1365;0,00;0,00;0,00
LT-S0061;Belli Değil;"CBR Kalıp. (B Tipi Modifiye Proktor Kalıp), EN13286-47
İç çap: 150 ± 1 mm, Boy: 120 ± 1 mm";"CBR Mould (B Type Modified Proctor Mould),  EN13286-47
Int. Dia: 150 ± 1 mm, Height: 120 ± 1 mm";0,00;80,00;2025-09-04 15:23:18.1366;0,00;0,00;0,00
LT-S0170/2;Belli Değil;Kesme Yakası. EN13286-47;Extension Collar. EN13286-47;0,00;40,00;2025-09-04 15:23:18.1367;0,00;0,00;0,00
LT-S0170/3;Belli Değil;CBR Düz Taban Plakası. EN 13286-47;CBR Solid Base Plate.  EN13286-47;0,00;70,00;2025-09-04 15:23:18.1368;0,00;0,00;0,00
LT-S0171;Belli Değil;Delikli Alt Plaka. EN 13286-47;Perforated Base Plate.  EN13286-47;0,00;60,00;2025-09-04 15:23:18.1369;0,00;0,00;0,00
LT-S0172;Belli Değil;Ara Mesafe Diski. EN 13286-47;Spacer Disc with 'T' Handle. EN 13286-47;0,00;100,00;2025-09-04 15:23:18.1370;0,00;0,00;0,00
LT-S0173;Belli Değil;Delikli sürsaj ağırlık. BS, EN 13286-4;Annular Surcharge Weight, BS, EN 13286-4;0,00;35,00;2025-09-04 15:23:18.1371;0,00;0,00;0,00
LT-S0174;Belli Değil;Yarıklı sürsaj ağırlık. BS, EN 13286-4;Split Surcharge Weight, BS, EN 13286-4;0,00;40,00;2025-09-04 15:23:18.1372;0,00;0,00;0,00
LT-S0176;Belli Değil;Filtre Kağıdı. Kaba. Ø 148 mm. 1 Paket: 100 adet. BS, EN 13286-4;Filter Paper. Coarse, Ø 148 mm. Pack of 100. BS, EN 13286-4;0,00;350,00;2025-09-04 15:23:18.1373;0,00;0,00;0,00
LT-S0165;Belli Değil;Düzeltme Bıçağı. 300x30x5 mm;Straight edge. 300x30x5 mm;0,00;50,00;2025-09-04 15:23:18.1374;0,00;0,00;0,00
LT-S0180;Belli Değil;"CBR Kalıp Seti, BS, EN 
Ø 152 mm x 127 mm CBR Kalıp, Uzatma Yakası ve Düz Taban Plakası ile birlikte verilmektedir.";"CBR Mould Set, BS, EN 
Supplied complete with Ø 152 mm x 127 mm CBR Mould, Extension Collar and Solid Base Plate.";0,00;;2025-09-04 15:23:18.1375;0,00;0,00;0,00
LT-S0180/1;Belli Değil;"CBR Kalıp. (B Tipi Modifiye Proktor Kalıp), BS, EN 
İç çap: 152 mm, Boy: 127 mm";"CBR Mould. BS, EN 
Int. Dia: 152 mm, Height: 127 mm";0,00;110,00;2025-09-04 15:23:18.1376;0,00;0,00;0,00
LT-S0180/2;Belli Değil;Kesme Yakası. BS, EN ;Extension Collar. BS, EN ;0,00;65,00;2025-09-04 15:23:18.1377;0,00;0,00;0,00
LT-S0180/3;Belli Değil;CBR Düz Taban Plakası. BS, EN ;CBR Solid Base Plate.  BS, EN ;0,00;75,00;2025-09-04 15:23:18.1378;0,00;0,00;0,00
LT-S0181;Belli Değil;Delikli Alt Plaka. BS, EN;Perforated Base Plate.  BS, EN ;0,00;35,00;2025-09-04 15:23:18.1379;0,00;0,00;0,00
LT-S0182;Belli Değil;Ara Mesafe Diski. BS, EN ;Spacer Disc with 'T' Handle. BS, EN ;0,00;75,00;2025-09-04 15:23:18.1380;0,00;0,00;0,00
LT-S0173;Belli Değil;Delikli sürsaj ağırlık. BS, EN ;Annular Surcharge Weight, BS, EN ;0,00;40,00;2025-09-04 15:23:18.1381;0,00;0,00;0,00
LT-S0174;Belli Değil;Yarıklı sürsaj ağırlık. BS, EN ;Split Surcharge Weight, BS, EN ;0,00;45,00;2025-09-04 15:23:18.1382;0,00;0,00;0,00
LT-S0186;Belli Değil;Filtre Kağıdı. No.1 x Ø 150 mm. 1 Paket: 100 adet. BS, EN ;Filter Paper. No.1 x Ø 150 mm. Pack of 100. BS, EN;0,00;;2025-09-04 15:23:18.1383;0,00;0,00;0,00
LT-S0188;Belli Değil;C-Anahtar, 2 adet;C- Spanner for LT-S0180, 2 pieces;0,00;50,00;2025-09-04 15:23:18.1384;0,00;0,00;0,00
LT-S0189;Belli Değil;Alt Tabla için Montaj Ekipmanı;Assembly Tool for Base Plate for LT-0180;0,00;150,00;2025-09-04 15:23:18.1385;0,00;0,00;0,00
LT-S0165;Belli Değil;Düzeltme Bıçağı. 300x30x5 mm;Straight edge. 300x30x5 mm;0,00;50,00;2025-09-04 15:23:18.1386;0,00;0,00;0,00
LT-S0155;Belli Değil;Şişme Plakası CBR şişme testi için;Swell Plate;0,00;200,00;2025-09-04 15:23:18.1387;0,00;0,00;0,00
LT-S0156;Belli Değil;Üçayak CBR şişme testi için;Tripod;0,00;250,00;2025-09-04 15:23:18.1388;0,00;0,00;0,00
LT-S0157;Belli Değil;"CBR Islatma Tankı, sert plastik. 6 adet CBR kalıbı kapasiteli, 
İç Ölçüler: 500*700*400 mm.";"CBR Soaking Tank, hard plastic, 6 CBR moulds capacity.
Int. Dimensions: 500*700*400 mm.";0,00;500,00;2025-09-04 15:23:18.1389;0,00;0,00;0,00
LT-S0158;Belli Değil;"CBR Islatma Tankı,  sert plastik. 15 adet CBR kalıbı kapasiteli.
İç Ölçüler: 770*1100*640 mm.";"CBR Soaking Tank, hard plastic, 15 CBR moulds capacity.
Int. Dimensions: 770*1100*640 mm.";0,00;;2025-09-04 15:23:18.1390;0,00;0,00;0,00
LT-G8001;Belli Değil;Analog Komparatör Saati, 30 x 0,01 mm;Analog Dial Indicator, 30 x 0,01 mm;0,00;800,00;2025-09-04 15:23:18.1391;0,00;0,00;0,00
LT-G8007;Belli Değil;Dijital Komparatör Saati, 25 x 0,01 mm;Digital Dial Indicator, 25 x 0,01 mm;0,00;;2025-09-04 15:23:18.1392;0,00;0,00;0,00
LT-G8009;Belli Değil;Dijital Komparatör Saati, 12.7 x 0,001 mm;Digital Dial Indicator, 12.7 x 0,001 mm;0,00;2500,00;2025-09-04 15:23:18.1393;0,00;0,00;0,00
LT-S0185;Belli Değil;Arazi Tipi CBR Test Aparatı, yol inşaatlarında zeminin taşıma kapasitesini arazide belirlenmesinde kullanılır. 50 kN kapasitelidir. 50 kN kapasiteli Küresel başlıklı Mekanik Kriko, 50 kN kapasiteli Yük Halkası,  Penetrasyon Pistonu, Analog Komparatör Saati (30 x 0,01 mm), Ayarlanabilir Komparatör Saati Tutucusu, Uzatma Manşonları (2 adet 102 mm, 1 adet 305 mm and 1 adet 610 mm), 2 ayaklı röper barı ve 4,5 kg Delikli Sürsaj Ağırlık, 4,5 kg ve 9 kg Yarıklı Sürsaj Ağırlıkları, Araç bağlantı aparatı ve Taşıma Çantası ile birlikte set olarak verilmektedir. Dönüştürme Çerçevesi ile arazi CBR deney Cihazı, Laboratuvar tipi CBR deney cihazına kolay bir şekilde dönüştürülebilir. Dönüştürme Çerçevesi, ayrıca sipariş edilmelidir.;"The Field (In-situ) CBR Test Set; used for the in-situ determination of the bearing capacity of soils used in road construction. 50 kN capacity. The set consist of 50 kN capacity Mechanical Jack with ball seating, Penetration Piston, 50 kN capacity Load Ring, CBR Penetration Piston, Analog Penetration Dial Gauge (30 x 0,01 mm), Adjustable Dial Gauge Holder, Set of Extension Rods (2 pieces 102 mm, 1 pieces 305 mm and 1 pieces 610 mm), Datum Bar Assembly with two Tripod Stands, 4,5 kg Annular Surcharge Weight, 4,5 Kg and 9 Kg Slotted Surcharge Weights, Vehicle Bracket and Carrying Case.
Conversion Frame is used to convert the In-situ CBR test to a
Mechanical Laboratory CBR test machine and should be ordered separately.";0,00;65000,00;2025-09-04 15:23:18.1394;0,00;0,00;0,00
LT-S0185/1;Belli Değil;Küresel başlıklı Mekanik Kriko, 50 kN kapasiteli;Mechanical Jack with ball seating, 50 kN;0,00;;2025-09-04 15:23:18.1395;0,00;0,00;0,00
LT-G8015;Belli Değil;Yük Halkası, 50 kN;Load Ring, 50 kN;0,00;;2025-09-04 15:23:18.1396;0,00;0,00;0,00
LT-S0150/1;Belli Değil;CBR Penetrasyon Pistonu;CBR Penetration Piston;0,00;;2025-09-04 15:23:18.1397;0,00;0,00;0,00
LT-G8001;Belli Değil;Analog Komparatör Saati, 30 x 0,01 mm;Analog Dial Indicator, 30 x 0,01 mm;0,00;900,00;2025-09-04 15:23:18.1398;0,00;0,00;0,00
LT-G8001/1;Belli Değil;Ayarlanabilir Komparatör Saati Tutucusu (Manyetik Ayak);Adjustable Dial Gauge Holder;0,00;51,00;2025-09-04 15:23:18.1399;0,00;0,00;0,00
LT-S0185/2;Belli Değil;"Uzatma Manşonları 
(2 adet 102 mm, 1 adet 305 mm and 1 adet 610 mm)";Set of Extension Rods (2 x 102 mm, 1x 305 mm, 1 x 610 mm);0,00;;2025-09-04 15:23:18.1400;0,00;0,00;0,00
LT-S0185/3;Belli Değil;2 ayaklı röper barı;Datum bar assembly with two Tripod Stands;0,00;;2025-09-04 15:23:18.1401;0,00;0,00;0,00
LT-S0185/4;Belli Değil;4,5 kg Delikli Sürsaj Ağırlık;4,5 kg Annular Surcharge Weight;0,00;;2025-09-04 15:23:18.1402;0,00;0,00;0,00
LT-S0185/5;Belli Değil;4,5 Kg Yarıklı Sürsaj Ağırlık;4,5 Kg Slotted Surcharge Weight;0,00;;2025-09-04 15:23:18.1403;0,00;0,00;0,00
LT-S0185/6;Belli Değil;9 Kg Yarıklı Sürsaj Ağırlık;9 Kg Slotted Surcharge Weight;0,00;;2025-09-04 15:23:18.1404;0,00;0,00;0,00
LT-S0185/7;Belli Değil;Dönüştürme Çerçevesi;Conversion Frame;0,00;;2025-09-04 15:23:18.1405;0,00;0,00;0,00
LT-S0190;Belli Değil;"Plaka Yükleme Deney Seti, arazide yapılan yükleme deneyidir. Hidrolik lift 30 ton kapasitelidir. Set; 300 kN kapasiteli Piston Ekipmanı ve Hidrolik El Pompası, Analog Manometre, 2,4 m uzunluğunda Çivi ayaklı Referans Barı, 3 adet 30 mm x 0.01 mm Analog Komparatör Saati ve Tutucuları, Ø 12”(305 mm) ve Ø 18”(457 mm) çaplı galvaniz kaplı plakalar ile birlikte verilmektedir.";"Plate Bearing Test Set, used for in-situ plate bearing tests. Hydraulic lift is 30 ton capacity. 300 kN capacity Plate Bearing Test Set consists of a 300 kN capacity Piston Assembly and Hydraulic Hand Pump, Analog Manometer, 2.4 m long Datum Bar, 3 pcs. 30 mm travel x 0.01 mm Analog Dial Gauges with Dial Gauge Holders, Ø 12”(305 mm)
and Ø 18”(457 mm) Loading Plates.";0,00;54854,00;2025-09-04 15:23:18.1406;0,00;2649,00;0,00
LT-S0191;Belli Değil;"Plaka Yükleme Deney Seti, arazide yapılan yükleme deneyidir. Hidrolik lift 50 ton kapasitelidir. Set; 500 kN kapasiteli Piston Ekipmanı ve Hidrolik El Pompası, Analog Manometre, 2,4 m uzunluğunda Çivi ayaklı Referans Barı, 6 adet 30 mm x 0.01 mm Analog Komparatör Saati ve Tutucuları, Ø 24”(610 mm)
ve Ø 30”(762 mm) çaplı galvaniz kaplı plakalar ile birlikte verilmektedir.";"Plate Bearing Test Set, used for in-situ plate bearing tests. Hydraulic lift is 50 ton capacity. 500 kN capacity Plate Bearing Test Set consists of a 500 kN capacity Piston Assembly and Hydraulic Hand Pump, Analog Manometer, 2.4 m long Datum Bar, 3 pcs. 30 mm travel x 0.01 mm Analog Dial Gauges with Dial Gauge Holders, Ø 24”(610 mm)
and Ø 30”(762 mm) Loading Plates.";0,00;55166,00;2025-09-04 15:23:18.1407;0,00;3459,00;0,00
LT-S0189;Belli Değil;"Plaka Yükleme Deney Seti, arazide yapılan yükleme deneyidir. Hidrolik lift 100 ton kapasitelidir. Set; 1000 kN kapasiteli Piston Ekipmanı ve Hidrolik El Pompası, Analog Manometre, 2,4 m uzunluğunda Çivi ayaklı Referans Barı, 3 adet 30 mm x 0.01 mm Analog Komparatör Saati ve Tutucuları, Ø 24”(610 mm)
ve Ø 30”(762 mm) çaplı galvaniz kaplı plakalar ile birlikte verilmektedir.";Plate Bearing Test Set, used for in-situ plate bearing tests. Hydraulic lift is 100 ton capacity. 1000 kN capacity Plate Bearing Test Set consists of a 1000 kN capacity Piston Assembly and Hydraulic Hand Pump, Analog Manometer, 2.4 m long Datum Bar, 3 pcs. 30 mm travel x 0.01 mm Analog Dial Gauges with Dial Gauge Holders, Ø 24”(610 mm) and Ø 30”(762 mm) Loading Plates.;0,00;70066,00;2025-09-04 15:23:18.1408;0,00;4200,00;0,00
LT-S0192;Belli Değil;"Dijital Plaka Yükleme Deney Seti, arazide yapılan yükleme deneyidir. Hidrolik lift 30 ton kapasitelidir. Set; 300 kN kapasiteli Piston Ekipmanı ve Hidrolik El Pompası, Basınç Transduseri, LPI Dijital Okuma Ünitesi, 2,4 m uzunluğunda Çivi ayaklı Referans Barı, 3 adet 30 mm x 0.01 mm Analog Komparatör Saati ve Tutucuları, Ø 12”(305 mm) ve Ø 18”(457 mm) çaplı galvaniz kaplı plakalar ile birlikte verilmektedir.";Digital Plate Bearing Test Set, used for in-situ plate bearing tests. Hydraulic lift is 30 ton capacity. 300 kN capacity Plate Bearing Test Set consists of a 300 kN capacity Piston Assembly and Hydraulic Hand Pump, Pressure Transducer, LPI battery operated digital readout unit, 2.4 m long Datum Bar, 3 pcs. 30 mm travel x 0.01 mm Analog Dial Gauges with Dial Gauge Holders, Ø 12”(305 mm) and Ø 18”(457 mm) Loading Plates.;0,00;10365,00;2025-09-04 15:23:18.1409;0,00;3450,00;0,00
LT-S0193;Belli Değil;"Dijital Plaka Yükleme Deney Seti, arazide yapılan yükleme deneyidir. Hidrolik lift 50 ton kapasitelidir. Set; 500 kN kapasiteli Piston Ekipmanı ve Hidrolik El Pompası, Basınç Transduseri, LPI Dijital Okuma Ünitesi, 2,4 m uzunluğunda Çivi ayaklı Referans Barı, 3 adet 30 mm x 0.01 mm Analog Komparatör Saati ve Tutucuları,  Ø 24”(610 mm) ve Ø 30”(762 mm) çaplı galvaniz kaplı plakalar ile birlikte verilmektedir.";Digital Plate Bearing Test Set, used for in-situ plate bearing tests. Hydraulic lift is 50 ton capacity. 500 kN capacity Plate Bearing Test Set consists of a 500 kN capacity Piston Assembly and Hydraulic Hand Pump, Pressure Transducer, LPI battery operated digital readout unit, 2.4 m long Datum Bar, 3 pcs. 30 mm travel x 0.01 mm Analog Dial Gauges with Dial Gauge Holders, Ø 24”(610 mm) and Ø 30”(762 mm) Loading Plates.;0,00;12000,00;2025-09-04 15:23:18.1410;0,00;4215,00;0,00
LT-S0190/1;Belli Değil;300 kN kapasiteli Piston Ekipmanı;Piston Assembly, 300 kN capacity;0,00;;2025-09-04 15:23:18.1411;0,00;0,00;0,00
LT-S0191/1;Belli Değil;500 kN kapasiteli Piston Ekipmanı;Piston Assembly, 500 kN capacity;0,00;;2025-09-04 15:23:18.1412;0,00;0,00;0,00
LT-S0189/1;Belli Değil;1000 kN kapasiteli Piston Ekipmanı;Piston Assembly, 1000 kN capacity;0,00;;2025-09-04 15:23:18.1413;0,00;0,00;0,00
LT-G9000;Belli Değil;Hidrolik El Pompası, 700 bar;Hydraulic Hand Pump, 700 bar;0,00;3050,00;2025-09-04 15:23:18.1414;0,00;0,00;0,00
LT-G9005;Belli Değil;Analog Manometre;Analog Manometer;0,00;;2025-09-04 15:23:18.1415;0,00;0,00;0,00
LT-S0194;Belli Değil;2,4 m uzunluğunda Çivi ayaklı Referans Barı;Datum Bar, 2.4 m long;0,00;;2025-09-04 15:23:18.1416;0,00;0,00;0,00
LT-G8001;Belli Değil;Analog Komparatör Saati, 30 x 0,01 mm;Analog Dial Indicator, 30 x 0,01 mm;0,00;800,00;2025-09-04 15:23:18.1417;0,00;0,00;0,00
LT-G8001/1;Belli Değil;Ayarlanabilir Komparatör Saati Tutucusu (Manyetik Ayak);Adjustable Dial Gauge Holder;0,00;64,00;2025-09-04 15:23:18.1418;0,00;0,00;0,00
LT-S0195;Belli Değil;Yükleme Plakası, Ø 12”(305 mm);Loading Plate, Ø 12”(305 mm);0,00;;2025-09-04 15:23:18.1419;0,00;0,00;0,00
LT-S0196;Belli Değil;Yükleme Plakası, Ø 18”(457 mm);Loading Plate, Ø 18”(457 mm);0,00;;2025-09-04 15:23:18.1420;0,00;0,00;0,00
LT-S0197;Belli Değil;Yükleme Plakası, Ø 24”(610 mm);Loading Plate, Ø 24”(610 mm);0,00;;2025-09-04 15:23:18.1421;0,00;0,00;0,00
LT-S0198;Belli Değil;Yükleme Plakası, Ø 30”(762 mm);Loading Plate, Ø 30”(762 mm);0,00;;2025-09-04 15:23:18.1422;0,00;0,00;0,00
LT-S0009;Belli Değil;Kum Konisi Seti  6,5”, vanalı koni, 5 lt plastik hazne ve flanşlı taban plakası ile birlikte;Sand Cone Set 6.5”, supplied with Sand Cone Assembly with valve, Metal Base with Centre Hole and 5lt capacity Plastic Sand Jar.;0,00;1812,50;2025-09-04 15:23:18.1423;0,00;0,00;0,00
LT-S0009/1;Belli Değil;Kum Konisi 6,5” için Vanalı Koni;Sand Cone Assembly with valve, 6,5”;0,00;190,00;2025-09-04 15:23:18.1424;0,00;0,00;0,00
LT-S0009/2;Belli Değil;Kum Konisi 6,5” için Flanşlı Taban Plakası;Metal Base with Centre Hole for LT-S0009;0,00;135,00;2025-09-04 15:23:18.1425;0,00;0,00;0,00
LT-S0011;Belli Değil;Kum konisi plastik bidonu, 5 lt;Plastic Sand Jar, 5 lt capacity;0,00;75,00;2025-09-04 15:23:18.1426;0,00;0,00;0,00
LT-S0010;Belli Değil;Kum Konisi Seti  12”, vanalı koni, 15 lt hazne ve taban plakası ile birlikte;Sand Cone Set 12”, supplied with Sand Cone Assembly with valve, Metal Base with Centre Hole and Metal Sand Jar, 15 lt capacity.;0,00;660,00;2025-09-04 15:23:18.1427;0,00;0,00;0,00
LT-S0012;Belli Değil;"Yoğunluk Kasnağı, 12""";Density Cylinder, 12”;0,00;450,00;2025-09-04 15:23:18.1428;0,00;0,00;0,00
LT-S0015;Belli Değil;Kum Kesafet Seti 100 mm, arazi koşullarında, yoğunluk ve rutubet tayini deneylerinde kullanılır. Kum Kesafet Silindiri, Merkezi Delikli Metal Tepsi ve Kalibrasyon Konteynerı ile birlikte verilmektedir.;"Sand Replacement Test Set. 100 mm.
Complete set consists of Sand Pouring Cylinder, Metal Tray with Centre Hole and Calibration Container.";0,00;1492,00;2025-09-04 15:23:18.1429;0,00;0,00;0,00
LT-S0015/1;Belli Değil;Kum Kesafet Silindiri, Ø 100 mm Kum Kesafet Seti için.;Cone With Valve And Upper Cylinder, Ø 100 mm for LT-S0015;0,00;;2025-09-04 15:23:18.1430;0,00;0,00;0,00
LT-S0015/2;Belli Değil;Kalibrasyon Konteynerı, Ø 100 mm Kum Kesafet Seti için.;Calibration Container for LT-S0015;0,00;;2025-09-04 15:23:18.1431;0,00;0,00;0,00
LT-S0015/3;Belli Değil;Metal Tepsi, Ø 100 mm Kum Kesafet Seti için.;Metal Tray for LT-S0015;0,00;;2025-09-04 15:23:18.1432;0,00;0,00;0,00
LT-S0016;Belli Değil;Kum Kesafet Seti 150 mm, arazi koşullarında, yoğunluk ve rutubet tayini deneylerinde kullanılır. Kum Kesafet Silindiri, Merkezi Delikli Metal Tepsi ve Kalibrasyon Konteynerı ile birlikte verilmektedir.;"Sand Replacement Test Set. 150 mm.
Complete set consists of Sand Pouring Cylinder, Metal Tray with Centre Hole and Calibration Container.";0,00;5729,00;2025-09-04 15:23:18.1433;0,00;0,00;0,00
LT-S0016/1;Belli Değil;Kum Kesafet Silindiri, Ø 150 mm Kum Kesafet Seti için.;Cone With Valve And Upper Cylinder, Ø 150 mm for LT-S0016;0,00;;2025-09-04 15:23:18.1434;0,00;0,00;0,00
LT-S0016/2;Belli Değil;Kalibrasyon Konteynerı, Ø 150 mm Kum Kesafet Seti için.;Calibration Container for LT-S0016;0,00;;2025-09-04 15:23:18.1435;0,00;0,00;0,00
LT-S0016/3;Belli Değil;Metal Tepsi, Ø 150 mm Kum Kesafet Seti için.;Metal Tray for LT-S0016;0,00;40,00;2025-09-04 15:23:18.1436;0,00;0,00;0,00
LT-S0017;Belli Değil;Kum Kesafet Seti 200 mm, arazi koşullarında, yoğunluk ve rutubet tayini deneylerinde kullanılır. Kum Kesafet Silindiri, Merkezi Delikli Metal Tepsi ve Kalibrasyon Konteynerı ile birlikte verilmektedir.;"Sand Replacement Test Set. 200 mm.
Complete set consists of Sand Pouring Cylinder, Metal Tray with Centre Hole and Calibration Container.";0,00;7500,00;2025-09-04 15:23:18.1437;0,00;0,00;0,00
LT-S0017/1;Belli Değil;Kum Kesafet Silindiri, Ø 200 mm Kum Kesafet Seti için.;Cone With Valve And Upper Cylinder, Ø 200 mm for LT-S0017;0,00;;2025-09-04 15:23:18.1438;0,00;0,00;0,00
LT-S0017/2;Belli Değil;Kalibrasyon Konteynerı, Ø 200 mm Kum Kesafet Seti için.;Calibration Container for LT-S0017;0,00;;2025-09-04 15:23:18.1439;0,00;0,00;0,00
LT-S0017/3;Belli Değil;Metal Tepsi, Ø 200 mm Kum Kesafet Seti için.;Metal Tray for LT-S0017;0,00;50,00;2025-09-04 15:23:18.1440;0,00;0,00;0,00
LT-S0135;Belli Değil;Sabit Seviyeli Permeabilite Test Seti: 1 adet  Ø 75 mm Sabit Seviyeli Permeabilite Hücresi, 1 adet ayaklı stand, 3 adet Manometre Tüpü,  (Boy:1m İç Çap: 6mm), 1 adet Sabit Seviyeli Tank, 3 metre Lastik Hortum ve 1m çelik cetvel ile birlikte verilmektedir. Havası alınmış su üretilebilmesi için gerekli aparatlar ve sıkıştırma çubuğu ayrıca sipariş edilmelidir.;"Constant Head Permeability Set, Supplied complete with Ø 75 mm Constant Head Permeability Cell, Stand with 3 pieces Manometer Tubes, Constant Level Tank, 3 m Rubber Tube and 1 m Steel Ruler. 
De-Airing Water and Tamping Rod should be ordered separately.";0,00;1800,00;2025-09-04 15:23:18.1441;0,00;0,00;0,00
LT-S0135/1;Belli Değil;Ø 75 mm Sabit Seviyeli Permeabilite Hücresi;Constant Head Permeability Cell, Ø 75 mm;0,00;;2025-09-04 15:23:18.1442;0,00;0,00;0,00
LT-S0136;Belli Değil;Sabit Seviyeli Permeabilite Test Seti: 1 adet  Ø 114 mm Sabit Seviyeli Permeabilite Hücresi, 1 adet Stand, 3 adet Manometre Tüpü,  (Boy:1m İç Çap: 6mm), 1 adet Sabit Seviyeli Tank, 3 metre Lastik Hortum ve 1m çelik cetvel ile birlikte verilmektedir. Havası alınmış su üretilebilmesi için gerekli aparatlar ve sıkıştırma çubuğu ayrıca sipariş edilmelidir.;"Constant Head Permeability Set, Supplied complete with Ø 114 mm Constant Head Permeability Cell, Stand with 3 pieces Manometer Tubes, Constant Level Tank, 3 m Rubber Tube and 1 m Steel Ruler.
De-Airing Water and Tamping Rod should be ordered separately.";0,00;;2025-09-04 15:23:18.1443;0,00;0,00;0,00
LT-S0136/1;Belli Değil;Ø 114 mm Sabit Seviyeli Permeabilite Hücresi;Constant Head Permeability Cell, Ø 114 mm;0,00;;2025-09-04 15:23:18.1444;0,00;0,00;0,00
LT-S0135/2;Belli Değil;Stand, 3 adet Boy:1m İç Çap: 6mm Manometre Tüpü ile birlikte. ;Stand with 3 Manometer Tubes;0,00;;2025-09-04 15:23:18.1445;0,00;0,00;0,00
LT-S0135/3;Belli Değil;Sabit Seviyeli Tank;Constant Level Tank;0,00;;2025-09-04 15:23:18.1446;0,00;0,00;0,00
LT-G0212;Belli Değil;Lastik Hortum, 3 m;Rubber Tube, 3 m;0,00;;2025-09-04 15:23:18.1447;0,00;0,00;0,00
LT-G0177;Belli Değil;Çelik Cetvel, 1 m;Steel Ruler, 1 m;0,00;;2025-09-04 15:23:18.1448;0,00;0,00;0,00
LT-G0162;Belli Değil;Şişleme Çubuğu. Ø 8 x 300 mm;Tamping Rod. Ø 8 x 300 mm;0,00;17,50;2025-09-04 15:23:18.1449;0,00;0,00;0,00
LT-S0135/5;Belli Değil;Havası alınmış su üretilebilmesi için gerekli aparatlar;De-Airing Water Apparatus;0,00;;2025-09-04 15:23:18.1450;0,00;0,00;0,00
LT-S0140;Belli Değil;"Düşen Seviyeli Permeabilite Test Seti;  1 adet Ø 100 mm Düşen  Seviyeli Permeabilite Hücresi, 1 adet Stand, 4 adet Ø 2, Ø 4, Ø 6, Ø 8 mm x 1,5 m Manometre Tüpü, 1 adet Daldırma Tankı, 3 m Lastik Hortum ve bağlantı aparatları ile birlikte verilmektedir.";Falling Head Permeameter Set, Supplied complete with Ø 100 mm Falling Head Permeability Cell, Stand with 4 pieces Ø 2, Ø 4, Ø 6, Ø 8 mm x 1,5 m long Manometer Tubes, Soaking Reservoir Tank, 3 m Rubber Tube and connectors.;0,00;9922,00;2025-09-04 15:23:18.1451;0,00;0,00;0,00
LT-S0140/1;Belli Değil;Ø 100 mm Düşen  Seviyeli Permeabilite Hücresi;Ø 100 mm Falling Head Permeability Cell;0,00;;2025-09-04 15:23:18.1452;0,00;0,00;0,00
LT-S0140/2;Belli Değil;Stand, 4 adet  Ø 2, Ø 4, Ø 6, Ø 8 mm x 1,5 m Manometre Tüpü ile birlikte. ;Booth with 4 Manometer Tubes;0,00;;2025-09-04 15:23:18.1453;0,00;0,00;0,00
LT-S0140/3;Belli Değil;Daldırma Tankı;Immersion Tank;0,00;;2025-09-04 15:23:18.1454;0,00;0,00;0,00
LT-G0212;Belli Değil;Lastik Hortum, 3 m;Rubber Hose, 3 m;0,00;;2025-09-04 15:23:18.1455;0,00;0,00;0,00
LT-S0251;Belli Değil;"Yüksek Basınç Konsolidasyon Test Seti; 3 adet (9:1, 10:1, 11:1 oranlı yükleme kolları) Yükleme Çerçevesi,  3 oedometre taşıma kapasiteli Konsolidasyon Masası, 3 set Ø 50 mm Konsolidasyon hücresi, Alt ve Üst poroz taşı, Basınç Yastığı, Kesme halkası, 10x0,01 mm Analog Komparatör Saati, 3 set 64 Kg Ağırlık Seti (4x 10 kg, 3x 5 kg, 2x 2 kg, 3x 1 kg, 3x 0,5 kg, 2x 0,25 kg)  ve ile birlikte set olarak verilmektedir. Diğer aksesuarlar ayrıca sipariş edilmelidir.";The High Pressure Consolidation Test Set is complete with 9:1, 10:1 and 11:1 Front Loading Oedometer , Bench for 3 Consolidation Oedometer, 3 set Ø 50 mm Consolidation Cell, Upper and Lower Porous Disc, Pressure Pad and Cutting (Specimen) Ring, 10x0,01 mm Analog Dial Gauge and 64 Kg (4x 10 kg, 3x 5 kg, 2x 2 kg, 3x 1 kg, 3x 0,5 kg, 2x 0,25 kg) Set of Weights. The other accessories are optional.;0,00;28500,00;2025-09-04 15:23:18.1456;0,00;0,00;0,00
LT-S0252;Belli Değil;"ASTM Konsolidasyon Test Seti; 3 adet (9:1, 10:1, 11:1 oranlı yükleme kolları) Yükleme Çerçevesi,  3 oedometre taşıma kapasiteli Konsolidasyon Masası, 3 set Ø 63,5 mm Konsolidasyon hücresi, Alt ve Üst poroz taşı, Basınç Yastığı, Kesme halkası, 10x0,01 mm Analog Komparatör Saati, 3 set 64 Kg Ağırlık Seti (4x 10 kg, 3x 5 kg, 2x 2 kg, 3x 1 kg, 3x 0,5 kg, 2x 0,25 kg)  ve ile birlikte set olarak verilmektedir. Diğer aksesuarlar ayrıca sipariş edilmelidir.";The ASTM Consolidation Test Set is complete with 9:1, 10:1 and 11:1 Front Loading Oedometer, Bench for 3 Consolidation Oedometer, 3 set Ø 63,5 mm Consolidation Cell, Upper and Lower Porous Disc, Pressure Pad and Cutting (Specimen) Ring, 10x0,01 mm Analog Dial Gauge and 64 Kg (4x 10 kg, 3x 5 kg, 2x 2 kg, 3x 1 kg, 3x 0,5 kg, 2x 0,25 kg) Set of Weights. The other accessories are optional.;0,00;7700,00;2025-09-04 15:23:18.1457;0,00;0,00;0,00
LT-S0253;Belli Değil;"BS/EN Konsolidasyon Test Seti; 3 adet (9:1, 10:1, 11:1 oranlı yükleme kolları) Yükleme Çerçevesi,  3 oedometre taşıma kapasiteli Konsolidasyon Masası, 3 set Ø 75 mm Konsolidasyon hücresi, Alt ve Üst poroz taşı, Basınç Yastığı, Kesme halkası, 10x0,01 mm Analog Komparatör Saati,  3 set 80 Kg Ağırlık Seti (6x 10 kg, 2x 5 kg, 3x 2 kg, 2x 1 kg, 3x 0,5 kg, 2x 0,25 kg) ve ile birlikte set olarak verilmektedir. Diğer aksesuarlar ayrıca sipariş edilmelidir.";"The BS/EN Consolidation Test Set is complete with 9:1, 10:1 and 11:1 Front Loading Oedometer, Bench for 3 Consolidation Oedometer,
3 set Ø 75 mm Consolidation Cell, Upper and Lower Porous Disc, Pressure Pad and Cutting (Specimen) Ring, 10x0,01 mm Analog Dial Gauge and 80 Kg (6x 10 kg, 2x 5 kg, 3x 2 kg, 2x 1 kg, 3x 0,5 kg, 2x 0,25 kg) Set of Weights. The other accessories are optional.";0,00;23860,00;2025-09-04 15:23:18.1458;0,00;0,00;0,00
LT-S0254;Belli Değil;Konsolidasyon Test Seti 20 kg ağırlığında;Consolidation Test Set Weighing 20 kg;0,00;;2025-09-04 15:23:18.1459;0,00;;
LT-S0250/1;Belli Değil;Yükleme Çerçevesi (9:1, 10:1, 11:1 oranlı yükleme kolları) ;9:1, 10:1 and 11:1 Front Loading Oedometer;0,00;;2025-09-04 15:23:18.1460;0,00;0,00;0,00
LT-S0250/2;Belli Değil;Konsolidasyon Masası, 3 oedometre taşıma kapasiteli.;Bench for Consolidation, 3 Oedometer Capacity;0,00;;2025-09-04 15:23:18.1461;0,00;0,00;0,00
LT-S0251/1;Belli Değil;Konsolidasyon hücresi, Ø 50 mm. Alt ve Üst poroz taşı, Basınç Yastığı ve Kesme Halkası ile birlikte.;Consolidation Cell, Ø 50 mm. Complete with Upper and Lower Porous Disc, Pressure Pad and Cutting (Specimen) Ring;0,00;;2025-09-04 15:23:18.1462;0,00;0,00;0,00
LT-S0251/2;Belli Değil;Alt ve Üst poroz taşı, Ø 50 mm Hücre için;Upper and Lower Porous Disc for Ø 50 mm Cell;0,00;29,00;2025-09-04 15:23:18.1463;0,00;0,00;0,00
LT-S0251/3;Belli Değil;Basınç Yastığı, Ø 50 mm Hücre için;Pressure Pad for Ø 50 mm Cell;0,00;;2025-09-04 15:23:18.1464;0,00;0,00;0,00
LT-S0251/4;Belli Değil;Kesme halkası, Ø 50 mm Hücre için;Cutting (Specimen) Ring for Ø 50 mm Cell;0,00;;2025-09-04 15:23:18.1465;0,00;0,00;0,00
LT-S0251/5;Belli Değil;Kalibrasyon Diski, Ø 50 mm Hücre için;Calibration disc for Ø 50 mm Consolidation Cell, stainless steel;0,00;;2025-09-04 15:23:18.1466;0,00;0,00;0,00
LT-S0251/6;Belli Değil;Numune Hazırlama Aparatı, Ø 50 mm Hücre için;Apparatus for prepare Consolidation Sample for Ø 50 mm samples;0,00;;2025-09-04 15:23:18.1467;0,00;0,00;0,00
LT-S0252/1;Belli Değil;Konsolidasyon hücresi, Ø 63,5 mm, Alt ve Üst poroz taşı, Basınç Yastığı ve Kesme Halkası ile birlikte.;Consolidation Cell, Ø 63,5 mm. Complete with Upper and Lower Porous Disc, Pressure Pad and Cutting (Specimen) Ring;0,00;;2025-09-04 15:23:18.1468;0,00;0,00;0,00
LT-S0252/2;Belli Değil;Alt ve Üst poroz taşı, Ø 63,5 mm Hücre için;Upper and Lower Porous Disc for Ø 63,5 mm Cell;0,00;30,00;2025-09-04 15:23:18.1469;0,00;0,00;0,00
LT-S0252/3;Belli Değil;Basınç Yastığı, Ø 63,5 mm Hücre için;Pressure Pad for Ø 63,5 mm Cell;0,00;;2025-09-04 15:23:18.1470;0,00;0,00;0,00
LT-S0252/4;Belli Değil;Kesme halkası, Ø 63,5 mm Hücre için;Cutting (Specimen) Ring for Ø 63,5 mm Cell;0,00;;2025-09-04 15:23:18.1471;0,00;0,00;0,00
LT-S0252/5;Belli Değil;Kalibrasyon Diski, Ø 63,5 mm Hücre için;Calibration disc for Ø 63,5 mm Consolidation Cell, stainless steel;0,00;;2025-09-04 15:23:18.1472;0,00;0,00;0,00
LT-S0252/6;Belli Değil;Numune Hazırlama Aparatı, Ø 63,5 mm Hücre için;Apparatus for prepare Consolidation Sample for Ø 63,5 mm samples;0,00;;2025-09-04 15:23:18.1473;0,00;0,00;0,00
LT-S0253/1;Belli Değil;Konsolidasyon hücresi, Ø 75 mm, Alt ve Üst poroz taşı, Basınç Yastığı ve Kesme Halkası ile birlikte.;Consolidation Cell, Ø 75 mm. Complete with Upper and Lower Porous Disc, Pressure Pad and Cutting (Specimen) Ring;0,00;;2025-09-04 15:23:18.1474;0,00;0,00;0,00
LT-S0253/2;Belli Değil;Alt ve Üst poroz taşı, Ø 75 mm Hücre için;Upper and Lower Porous Disc for Ø 75 mm Cell;0,00;36,50;2025-09-04 15:23:18.1475;0,00;0,00;0,00
LT-S0253/3;Belli Değil;Basınç Yastığı, Ø 75 mm Hücre için;Pressure Pad for Ø 75 mm Cell;0,00;;2025-09-04 15:23:18.1476;0,00;0,00;0,00
LT-S0253/4;Belli Değil;Kesme halkası, Ø 75 mm Hücre için;Cutting (Specimen) Ring for Ø 75 mm Cell;0,00;;2025-09-04 15:23:18.1477;0,00;0,00;0,00
LT-S0253/5;Belli Değil;Kalibrasyon Diski, Ø 75 mm Hücre için;Calibration disc for Ø 75 mm Consolidation Cell, stainless steel;0,00;;2025-09-04 15:23:18.1478;0,00;0,00;0,00
LT-S0253/6;Belli Değil;Numune Hazırlama Aparatı, Ø 75 mm Hücre için;Apparatus for prepare Consolidation Sample for Ø 75 mm samples;0,00;;2025-09-04 15:23:18.1479;0,00;0,00;0,00
LT-G8000;Belli Değil;Analog Komparatör Saati, 10 x 0,01 mm;Analog Dial Indicator, 10 x 0,01 mm;0,00;110,00;2025-09-04 15:23:18.1480;0,00;0,00;0,00
LT-G8001;Belli Değil;Analog Komparatör Saati, 30 x 0,01 mm;Analog Dial Indicator, 30 x 0,01 mm;0,00;800,00;2025-09-04 15:23:18.1481;0,00;0,00;0,00
LT-G8006;Belli Değil;Dijital Komparatör Saati, 12,7 x 0,01 mm;Digital Dial Indicator, 12,7 x 0,01 mm;0,00;212,00;2025-09-04 15:23:18.1482;0,00;0,00;0,00
LT-G8007;Belli Değil;Dijital Komparatör Saati, 25 x 0,01 mm;Digital Dial Indicator, 25 x 0,01 mm;0,00;401,00;2025-09-04 15:23:18.1483;0,00;0,00;0,00
LT-G8009;Belli Değil;Dijital Komparatör Saati, 12.7 x 0,001 mm;Digital Dial Indicator, 12.7 x 0,001 mm;0,00;380,00;2025-09-04 15:23:18.1484;0,00;0,00;0,00
LT-G8010;Belli Değil;Dijital Komparatör Saati, 25 x 0,001 mm;Digital Dial Indicator, 25 x 0,001 mm;0,00;1047,00;2025-09-04 15:23:18.1485;0,00;0,00;0,00
LT-G8020;Belli Değil;"16 kg Ağırlık Seti 
( 2x 5 kg, 1x 2 kg, 2x 1 kg, 3x 0,5 kg, 2x 0,25 kg)";16 kg Weight Set ( 2x 5 kg, 1x 2 kg, 2x 1 kg, 3x 0,5 kg, 2x 0,25 kg);0,00;;2025-09-04 15:23:18.1486;0,00;0,00;0,00
LT-G8021;Belli Değil;"32 kg Ağırlık Seti 
(1x 10 kg, 3x 5 kg, 2x 2 kg, 1x 1 kg, 3x 0,5 kg, 2x 0,25 kg)";32 kg Weight Set (1x 10 kg, 3x 5 kg, 2x 2 kg, 1x 1 kg, 3x 0,5 kg, 2x 0,25 kg);0,00;;2025-09-04 15:23:18.1487;0,00;0,00;0,00
LT-G8022;Belli Değil;"50 kg Ağırlık Seti 
(3x 10 kg, 2x 5 kg, 3x 2 kg, 2x 1 kg, 3x 0,5 kg, 2x 0,25 kg)";50 kg Weight Set (3x 10 kg, 2x 5 kg, 3x 2 kg, 2x 1 kg, 3x 0,5 kg, 2x 0,25 kg);0,00;;2025-09-04 15:23:18.1488;0,00;0,00;0,00
LT-G8023;Belli Değil;"64 kg Ağırlık Seti 
(4x 10 kg, 3x 5 kg, 2x 2 kg, 3x 1 kg, 3x 0,5 kg, 2x 0,25 kg)";64 kg Weight Set (4x 10 kg, 3x 5 kg, 2x 2 kg, 3x 1 kg, 3x 0,5 kg, 2x 0,25 kg);0,00;;2025-09-04 15:23:18.1489;0,00;0,00;0,00
LT-G8024;Belli Değil;"80 kg Ağırlık Seti
(6x 10 kg, 2x 5 kg, 3x 2 kg, 2x 1 kg, 3x 0,5 kg, 2x 0,25 kg)";80 kg Weight Set (6x 10 kg, 2x 5 kg, 3x 2 kg, 2x 1 kg, 3x 0,5 kg, 2x 0,25 kg);0,00;;2025-09-04 15:23:18.1490;0,00;0,00;0,00
LT-S0255;Belli Değil;Otomatik Konsoldasyon Test Seti. Otomatik yükleme çerçevesi , 15 kn kapasiteli. 1 set Ø 50 mm Konsoldasyon Hücresi,  Alt ve Üst poroz taşı, Basınç Yastığı, Kesme halkası, 10x0,01 mm LVDT ile birlikte verilmektedir. ;"7""Touch screen digital readout unit Automatic Consolidation Test Set. Automatic Front Loading Oedometer , Bench top electromechanical system with 15 kn capacity. Supplied with, 1 set Ø 50 mm Consolidation Cell, Upper and Lower Porous Disc, Pressure Pad and Cutting (Specimen) Ring, 10x0,01 mm LVDT. 220 V, 50-60 hZ, 1ph";0,00;119964,90;2025-09-04 15:23:18.1491;0,00;;
LT-E0450;Belli Değil;"Multispeed Test Cihazı; Tek Eksenli, Üç Eksenli, CBR ve Marshall Testleri yapılabilmektedir. Test Hızı 0,001 mm/dak ile 51mm/dak arasında ayarlanabilmektedir. 50 kN Yük Hücresi, 25 mm Uzama Sensörü ve Dijital Okuma ve Kontrol Ünitesi ile birlikte verilmektedir. Diğer aksesuarlar ayrıca sipariş edilmelidir. Üç Eksenli Testleri için 5 kN kapasiteli Yük Hücresi, Tek Eksenli Testleri için Oynar Başlıklı Basınç Plakaları, CBR Testtleri için Penetrasyon Pistonu ve Marshall Testleri için Kırma Başlığı  ayrıca sipariş edilmelidir. ";"Multispeed Testing Machine is used to make Uniaxial, Triaxial, CBR and Marshall Tests. The testing speed can be set between 0,001 mm/min to 51mm/min. Supplied complete with 50 kN Load Cell, 25 mm Displacement Sensor and Digital Readout and Control Unit.
The other Test Accessories should be ordered separately according to the test. 5 kN Load Cell should be ordered separately for Triaxial Tests, Compression Platens with ball seating assembly for Unaxial Tests, Penetration Piston for CBR Tests and Breaking Head for Marshall Tests.";0,00;66736,00;2025-09-04 15:23:18.1492;0,00;0,00;0,00
LT-S0500;Belli Değil;Dijital Tek Eksenli Serbest Basınç Test Cihazı. 50 kN kapasiteli, çift kolonlu. Deney hızı 0,5 mm/dak yada 1 mm/dakikaya ayarlanabilmektedir. LCD ekranlı Dijital Kontrol Ünitesi , 50kN kapasiteli Yük Hücresi ve Oynar Başlıklı Basınç Plakaları ile birlikte verilmektedir.  220-240 V, 50-60 Hz, 1 ph;"Digital Unconfined Test Machine; 50 kN capacity. Default Platen rate is 0,5 mm/min or 1 mm/min also maintained under load thanks to an overpowered electric motor. Supplied complete with LCD Control Unit, 50 kN capacity Load Cell and  Compression Platens with ball seating assembly. 220-240 V, 50-60 Hz, 1 ph";0,00;;2025-09-04 15:23:18.1493;0,00;0,00;0,00
LT-E0450/TX;Belli Değil;"Üç Eksenli Test Cihazı; Test Hızı 0.0001mm/dak ile 51 mm/dak arasında ayarlanabilmektedir.  50 kN Yük Hücresi, 25 x 0,01 mm Lİneer Potansiyometrik Transduser, Üç Eksenli Testleri için 5 kN kapasiteli Yük Hücresi, 1700 kpa kapasiteli Yağ-Su Sabit Basınç Ünitesi, , 50 mm lik numuneler ile test yapabilmek için , üç eksenli hücresi, Numune Hazırlama kalıbı, Membran yerleştirme Aparatı, Dijital Okuma ve Kontrol Ünitesi ve Yazılımı ile birlikte verilmektedir. 
220-240 V, 50-60 Hz, 1 ph
";"Triaxial Test Set; The testing speed can be set between 0.0001 mm/min to 9.9999 mm/min. Supplied complete with 50 kN Load Cell, 25 mm x 0,01 mm  Lineer Potentiometric Transducer, 5 kN Load Cell for Triaxial Tests, Oil-Water Constant Pressure Gauge, ∅ 50 mm Cell, Distribution Panel, Sample prepare mould,  Membrane placing tool. and Digital Readout and Control Unit and Software.
220-240 V, 50-60 Hz, 1 ph";0,00;25000,00;2025-09-04 15:23:18.1494;0,00;0,00;0,00
LT-S0500/10;Belli Değil;Tek Eksenli Testleri için Oynar Başlıklı Basınç Plakaları ;Compression Platens with ball seating assembly;0,00;;2025-09-04 15:23:18.1495;0,00;0,00;0,00
LT-G8030;Belli Değil;Load cell, 5 kN kapasiteli;Load cell, 5 kN capacity;0,00;;2025-09-04 15:23:18.1496;0,00;0,00;0,00
LT-S0320;Belli Değil;Üçeksenli Hücresi, Ø 38 ve Ø 50 mm numuneler için;Triaxial Cell for Ø 38 and Ø 50 mm samples;0,00;;2025-09-04 15:23:18.1497;0,00;0,00;0,00
LT-S0325;Belli Değil;Üçeksenli Hücresi, Ø 70 ve Ø 100 mm numuneler için;Triaxial Cell for Ø 70 and Ø 100 mm samples;0,00;;2025-09-04 15:23:18.1498;0,00;0,00;0,00
LT-G9005;Belli Değil;Analog Manometre;Analog Manometer;0,00;;2025-09-04 15:23:18.1499;0,00;0,00;0,00
LT-G9010;Belli Değil;Dijital Manometre (Opsiyonel);Digital Manometer (Optional);0,00;;2025-09-04 15:23:18.1500;0,00;0,00;0,00
LT-S0500/1;Belli Değil;Volume Change;Volume Change;0,00;;2025-09-04 15:23:18.1501;0,00;0,00;0,00
LT-S0500/2;Belli Değil;Yağ ve Su Sabit Basınç Sistemi ;Oil and Water Constant Pressure System;0,00;;2025-09-04 15:23:18.1502;0,00;0,00;0,00
LT-S0500/3;Belli Değil;Üç Eksenli UU Testleri için Yazılım;Software to Perform UU Triaxial Tests;0,00;;2025-09-04 15:23:18.1503;0,00;0,00;0,00
LT-S0500/4;Belli Değil;Havası Alınmış Su Tankı, 7 lt;De-Airing Water Tank, 7 lt;0,00;;2025-09-04 15:23:18.1504;0,00;0,00;0,00
LT-S0500/5;Belli Değil;Plastik Hortum, Ø 8 mm x 6 m;Plastic Hose, Ø 8 mm x 6 m;0,00;;2025-09-04 15:23:18.1505;0,00;0,00;0,00
LT-S0300;Belli Değil;İki parçalı vakum kalıp, Ø 38 mm kum numuneleri için;Split Sand Former for Ø 38 mm samples;0,00;;2025-09-04 15:23:18.1506;0,00;0,00;0,00
LT-S0301;Belli Değil;İki parçalı bölme kalıp, Ø 38 mm numuneler için;Split Mould for Ø 38 mm samples;0,00;;2025-09-04 15:23:18.1507;0,00;0,00;0,00
LT-S0302;Belli Değil;Numune Alıcı (Kesici) Ø 38 mm numuneler için;Cutter for Ø 38 mm samples;0,00;;2025-09-04 15:23:18.1508;0,00;0,00;0,00
LT-S0303;Belli Değil;Numune Çıkarıcı ( İtici) Aparat, Alüminyum, Ø 38 mm numuneler için;Aluminum Dolly for Ø 38 mm samples;0,00;;2025-09-04 15:23:18.1509;0,00;0,00;0,00
LT-S0305;Belli Değil;İki parçalı vakum kalıp, Ø 50 mm kum numuneleri için;Split Sand Former for Ø 50 mm samples;0,00;;2025-09-04 15:23:18.1510;0,00;0,00;0,00
LT-S0306;Belli Değil;İki parçalı bölme kalıp, Ø 50 mm numuneler için;Split Mould for Ø 50 mm samples;0,00;;2025-09-04 15:23:18.1511;0,00;0,00;0,00
LT-S0307;Belli Değil;Numune Alıcı (Kesici) Ø 50 mm numuneler için;Cutter for Ø 50 mm samples;0,00;;2025-09-04 15:23:18.1512;0,00;0,00;0,00
LT-S0308;Belli Değil;Numune Çıkarıcı ( İtici) Aparat, Alüminyum, Ø 50 mm numuneler için;Aluminum Dolly for Ø 50 mm samples;0,00;;2025-09-04 15:23:18.1513;0,00;0,00;0,00
LT-S0310;Belli Değil;İki parçalı vakum kalıp, Ø 70 mm kum numuneleri için;Split Sand Former for Ø 70 mm samples;0,00;;2025-09-04 15:23:18.1514;0,00;0,00;0,00
LT-S0311;Belli Değil;İki parçalı bölme kalıp, Ø 70 mm numuneler için;Split Mould for Ø 70 mm samples;0,00;;2025-09-04 15:23:18.1515;0,00;0,00;0,00
LT-S0312;Belli Değil;Numune Alıcı (Kesici) Ø 70 mm numuneler için;Cutter for Ø 70 mm samples;0,00;;2025-09-04 15:23:18.1516;0,00;0,00;0,00
LT-S0313;Belli Değil;Numune Çıkarıcı ( İtici) Aparat, Alüminyum, Ø 70 mm numuneler için;Aluminum Dolly for Ø 70 mm samples;0,00;;2025-09-04 15:23:18.1517;0,00;0,00;0,00
LT-S0315;Belli Değil;İki parçalı vakum kalıp, Ø 100 mm kum numuneleri için;Split Sand Former for Ø 100 mm samples;0,00;;2025-09-04 15:23:18.1518;0,00;0,00;0,00
LT-S0316;Belli Değil;İki parçalı bölme kalıp, Ø 100 mm numuneler için;Split Mould for Ø 100 mm samples;0,00;;2025-09-04 15:23:18.1519;0,00;0,00;0,00
LT-S0317;Belli Değil;Numune Alıcı (Kesici) Ø 100 mm numuneler için;Cutter for Ø 100 mm samples;0,00;;2025-09-04 15:23:18.1520;0,00;0,00;0,00
LT-S0318;Belli Değil;Numune Çıkarıcı ( İtici) Aparat, Alüminyum, Ø 100 mm numuneler için;Aluminum Dolly for Ø 100 mm samples;0,00;;2025-09-04 15:23:18.1521;0,00;0,00;0,00
LT-S0330;Belli Değil;Alt Taban, Ø 38 mm numuneler için;Base Adaptor for Ø 38 mm samples;0,00;;2025-09-04 15:23:18.1522;0,00;0,00;0,00
LT-S0331;Belli Değil;Üst Başlık, Ø 38 mm numuneler için;Porous Top Cap for Ø 38 mm samples;0,00;;2025-09-04 15:23:18.1523;0,00;0,00;0,00
LT-S0332;Belli Değil;Şeffaf Drenaj Hortumu, Ø 38 mm numuneler için;Nylon Tubing for Drainage for Ø 38 mm samples;0,00;;2025-09-04 15:23:18.1524;0,00;0,00;0,00
LT-S0333;Belli Değil;1 çift poroz taş, Ø 38 mm numuneler için;Pair of Porous Discs for Ø 38 mm samples;0,00;17,00;2025-09-04 15:23:18.1525;0,00;0,00;0,00
LT-S0334;Belli Değil;Kauçuk Membran, Ø 38 mm numuneler için;Rubber Membrane for Ø 38 mm samples;0,00;;2025-09-04 15:23:18.1526;0,00;0,00;0,00
LT-S0335;Belli Değil;Membran Yerleştirme Aparatı, Ø 38 mm numuneler için;Membrane Placing Tool (Strecher) for Ø 38 mm samples;0,00;;2025-09-04 15:23:18.1527;0,00;0,00;0,00
LT-S0336;Belli Değil;0 Ring (1 paket= 10 adet), Ø 38 mm numuneler için;0 Ring (Pack of 10) for Ø 38 mm samples;0,00;;2025-09-04 15:23:18.1528;0,00;0,00;0,00
LT-S0337;Belli Değil;0 Ring Yerleştirme Aparatı, Ø 38 mm numuneler için;0 Ring Placing Tool for Ø 38 mm samples;0,00;;2025-09-04 15:23:18.1529;0,00;0,00;0,00
LT-S0338;Belli Değil;Yatay Filtre Kağıdı (1 Paket= 50 adet),  Ø 38 mm numuneler için;Lateral Filter Paper (Pack of 50) for Ø 38 mm samples;0,00;;2025-09-04 15:23:18.1530;0,00;0,00;0,00
LT-S0339;Belli Değil;Filtre Kağıdı (1 Paket= 100 adet),  Ø 38 mm numuneler için;Filter Paper Discs (Pack of 100) for Ø 38 mm samples;0,00;;2025-09-04 15:23:18.1531;0,00;0,00;0,00
LT-S0340;Belli Değil;Plastik Disk (1 Paket=2 adet), Ø 38 mm numuneler için;Plastic Discs (Pack of 2) for Ø 38 mm samples;0,00;;2025-09-04 15:23:18.1532;0,00;0,00;0,00
LT-S0350;Belli Değil;Alt Taban, Ø 50 mm numuneler için;Base Adaptor for Ø 50 mm samples;0,00;;2025-09-04 15:23:18.1533;0,00;0,00;0,00
LT-S0351;Belli Değil;Üst Başlık, Ø 50 mm numuneler için;Porous Top Cap for Ø 50 mm samples;0,00;;2025-09-04 15:23:18.1534;0,00;0,00;0,00
LT-S0352;Belli Değil;Şeffaf Drenaj Hortumu, Ø 50 mm numuneler için;Nylon Tubing for Drainage for Ø 50 mm samples;0,00;;2025-09-04 15:23:18.1535;0,00;0,00;0,00
LT-S0353;Belli Değil;1 çift poroz taş, Ø 50 mm numuneler için;Pair of Porous Discs for Ø 50 mm samples;0,00;30,00;2025-09-04 15:23:18.1536;0,00;0,00;0,00
LT-S0354;Belli Değil;Kauçuk Membran, Ø 50 mm numuneler için;Rubber Membrane for Ø 50 mm samples;0,00;;2025-09-04 15:23:18.1537;0,00;0,00;0,00
LT-S0355;Belli Değil;Membran Yerleştirme Aparatı, Ø 50 mm numuneler için;Membrane Placing Tool (Strecher) for Ø 50 mm samples;0,00;;2025-09-04 15:23:18.1538;0,00;0,00;0,00
LT-S0356;Belli Değil;0 Ring (1 paket= 10 adet), Ø 50 mm numuneler için;0 Ring (Pack of 10) for Ø 50 mm samples;0,00;;2025-09-04 15:23:18.1539;0,00;0,00;0,00
LT-S0357;Belli Değil;0 Ring Yerleştirme Aparatı, Ø 50 mm numuneler için;0 Ring Placing Tool for Ø 50 mm samples;0,00;;2025-09-04 15:23:18.1540;0,00;0,00;0,00
LT-S0358;Belli Değil;Yatay Filtre Kağıdı (1 Paket= 50 adet),  Ø 50 mm numuneler için;Lateral Filter Paper (Pack of 50) for Ø 50 mm samples;0,00;;2025-09-04 15:23:18.1541;0,00;0,00;0,00
LT-S0359;Belli Değil;Filtre Kağıdı (1 Paket= 100 adet),  Ø 50 mm numuneler için;Filter Paper Discs (Pack of 100) for Ø 50 mm samples;0,00;;2025-09-04 15:23:18.1542;0,00;0,00;0,00
LT-S0360;Belli Değil;Plastik Disk (1 Paket=2 adet), Ø 50 mm numuneler için;Plastic Discs (Pack of 2) for Ø 50 mm samples;0,00;;2025-09-04 15:23:18.1543;0,00;0,00;0,00
LT-S0370;Belli Değil;Alt Taban, Ø 70 mm numuneler için;Base Adaptor for Ø 70 mm samples;0,00;;2025-09-04 15:23:18.1544;0,00;0,00;0,00
LT-S0371;Belli Değil;Üst Başlık, Ø 70 mm numuneler için;Porous Top Cap for Ø 70 mm samples;0,00;;2025-09-04 15:23:18.1545;0,00;0,00;0,00
LT-S0372;Belli Değil;Şeffaf Drenaj Hortumu, Ø 70 mm numuneler için;Nylon Tubing for Drainage for Ø 70 mm samples;0,00;;2025-09-04 15:23:18.1546;0,00;0,00;0,00
LT-S0373;Belli Değil;1 çift poroz taş, Ø 70 mm numuneler için;Pair of Porous Discs for Ø 70 mm samples;0,00;35,00;2025-09-04 15:23:18.1547;0,00;0,00;0,00
LT-S0374;Belli Değil;Kauçuk Membran, Ø 70 mm numuneler için;Rubber Membrane for Ø 70 mm samples;0,00;;2025-09-04 15:23:18.1548;0,00;0,00;0,00
LT-S0375;Belli Değil;Membran Yerleştirme Aparatı, Ø 70 mm numuneler için;Membrane Placing Tool (Strecher) for Ø 70 mm samples;0,00;;2025-09-04 15:23:18.1549;0,00;0,00;0,00
LT-S0376;Belli Değil;0 Ring (1 paket= 10 adet), Ø 70 mm numuneler için;0 Ring (Pack of 10) for Ø 70 mm samples;0,00;;2025-09-04 15:23:18.1550;0,00;0,00;0,00
LT-S0377;Belli Değil;0 Ring Yerleştirme Aparatı, Ø 70 mm numuneler için;0 Ring Placing Tool for Ø 70 mm samples;0,00;;2025-09-04 15:23:18.1551;0,00;0,00;0,00
LT-S0378;Belli Değil;Yatay Filtre Kağıdı (1 Paket= 50 adet),  Ø 70 mm numuneler için;Lateral Filter Paper (Pack of 50) for Ø 70 mm samples;0,00;;2025-09-04 15:23:18.1552;0,00;0,00;0,00
LT-S0379;Belli Değil;Filtre Kağıdı (1 Paket= 100 adet),  Ø 70 mm numuneler için;Filter Paper Discs (Pack of 100) for Ø 70 mm samples;0,00;;2025-09-04 15:23:18.1553;0,00;0,00;0,00
LT-S0380;Belli Değil;Plastik Disk (1 Paket=2 adet), Ø 70 mm numuneler için;Plastic Discs (Pack of 2) for Ø 70 mm samples;0,00;;2025-09-04 15:23:18.1554;0,00;0,00;0,00
LT-S0390;Belli Değil;Alt Taban, Ø 100 mm numuneler için;Base Adaptor for Ø 100 mm samples;0,00;;2025-09-04 15:23:18.1555;0,00;0,00;0,00
LT-S0391;Belli Değil;Üst Başlık, Ø 100 mm numuneler için;Porous Top Cap for Ø 100 mm samples;0,00;;2025-09-04 15:23:18.1556;0,00;0,00;0,00
LT-S0392;Belli Değil;Şeffaf Drenaj Hortumu, Ø 100 mm numuneler için;Nylon Tubing for Drainage for Ø 100 mm samples;0,00;;2025-09-04 15:23:18.1557;0,00;0,00;0,00
LT-S0393;Belli Değil;1 çift poroz taş, Ø 100 mm numuneler için;Pair of Porous Discs for Ø 100 mm samples;0,00;44,00;2025-09-04 15:23:18.1558;0,00;0,00;0,00
LT-S0394;Belli Değil;Kauçuk Membran, Ø 100 mm numuneler için;Rubber Membrane for Ø 100 mm samples;0,00;;2025-09-04 15:23:18.1559;0,00;0,00;0,00
LT-S0395;Belli Değil;Membran Yerleştirme Aparatı, Ø 100 mm numuneler için;Membrane Placing Tool (Strecher) for Ø 100 mm samples;0,00;;2025-09-04 15:23:18.1560;0,00;0,00;0,00
LT-S0396;Belli Değil;0 Ring (1 paket= 10 adet), Ø 100 mm numuneler için;0 Ring (Pack of 10) for Ø 100 mm samples;0,00;;2025-09-04 15:23:18.1561;0,00;0,00;0,00
LT-S0397;Belli Değil;0 Ring Yerleştirme Aparatı, Ø 100 mm numuneler için;0 Ring Placing Tool for Ø 100 mm samples;0,00;;2025-09-04 15:23:18.1562;0,00;0,00;0,00
LT-S0398;Belli Değil;Yatay Filtre Kağıdı (1 Paket= 50 adet),  Ø 100 mm numuneler için;Lateral Filter Paper (Pack of 50) for Ø 100 mm samples;0,00;;2025-09-04 15:23:18.1563;0,00;0,00;0,00
LT-S0399;Belli Değil;Filtre Kağıdı (1 Paket= 100 adet),  Ø 100 mm numuneler için;Filter Paper Discs (Pack of 100) for Ø 100 mm samples;0,00;;2025-09-04 15:23:18.1564;0,00;0,00;0,00
LT-S0400;Belli Değil;Plastik Disk (1 Paket=2 adet), Ø 100 mm numuneler için;Plastic Discs (Pack of 2) for Ø 100 mm samples;0,00;;2025-09-04 15:23:18.1565;0,00;0,00;0,00
LT-S0260;Belli Değil;5 kn kapasiteli Otomatik Direk Kesme Cihazı,Kesme hızı 0,00001 ile 9,00000 arası kesintisiz ayarlanabilir. 5 kn yük hücresi kesme kuvvetini ölçmek için kullanılır. 10x0,002 mm lik ve 25x0,01 mm lik hassasiyetli yerdeğiştirme sensörleri yatay ve dikey yerdeğişim ölçümleri için kullanılır. 50 kg lık (4x10 kg + 1x5 kg + 2x2 kg + 1x1 kg) yarıklı ağırlık seti ile birlikte verilmektedir. 60x60 mm numuneler için Kesme kutusu, Numune Alıcı(kesici) ve Numune Çıkarıcı ile birlikte verilmektedir.;"Automatic Direct Shear Test Machine; 5 kN capacity.
Speed range is fully steeples variable over the range 0,00001 to 9,00000 mm/min. 5 kN load cell is used for load measurement. 10 x 0.002 mm and 25 x 0.01 mm sensitivity displacement sensors are used for vertical and horizontal displacement measurements respectively. Supplied with 50 kg Slotted Weight Set (4x10 kg + 1x5 kg + 2x2 kg + 1x1 kg). Supplied complete with Shear Box for 60x60 mm samples, Specimen cutter and Extrusion Dolly.";0,00;87606,00;2025-09-04 15:23:18.1566;0,00;0,00;0,00
LT-G8025;Belli Değil;"Yarıklı Ağırlık Seti, 50 kg
(4x10 kg + 1x5 kg + 2x2 kg + 1x1 kg)";"Slotted Weight Set, 50 kg
(4x10 kg + 1x5 kg + 2x2 kg + 1x1 kg)";0,00;;2025-09-04 15:23:18.1567;0,00;0,00;0,00
LT-S0265;Belli Değil;"Kesme kutusu takımı; 60x60mm Numune alıcı ve numune çıkarıcı ile birlikte.";"Cutting Box Set; complete with Specimen cutter and Extrusion Dolly for 60x60 mm samples.";0,00;;2025-09-04 15:23:18.1568;0,00;0,00;0,00
LT-S0265/1;Belli Değil;Kesme kutusu 60x60 mm numuneler için;Cutting Box for 60x60 mm samples.;0,00;;2025-09-04 15:23:18.1569;0,00;0,00;0,00
LT-S0265/2;Belli Değil;Yükleme başlığı  60x60 mm numuneler için;Loading Pad for 60x60 mm samples.;0,00;;2025-09-04 15:23:18.1570;0,00;0,00;0,00
LT-S0265/3;Belli Değil;Oluklu taban plakası 60x60 mm numuneler için;Corrugated Base Plate for 60x60 mm samples.;0,00;;2025-09-04 15:23:18.1571;0,00;0,00;0,00
LT-S0265/4;Belli Değil;Poroz taş 60x60 mm numuneler için;Porous Plate for 60x60 mm samples.;0,00;;2025-09-04 15:23:18.1572;0,00;0,00;0,00
LT-S0265/5;Belli Değil;Düz Izgara Plaka 60x60 mm numuneler için;Plane Grid for 60x60 mm samples.;0,00;;2025-09-04 15:23:18.1573;0,00;0,00;0,00
LT-S0265/6;Belli Değil;Delikli Izgara Plaka 60x60 mm numuneler için;Perforated Grid for 60x60 mm samples.;0,00;;2025-09-04 15:23:18.1574;0,00;0,00;0,00
LT-S0265/7;Belli Değil;Numune Alıcı(kesici) 60x60 mm numuneler için; Sample Cutter for 60x60 mm samples.;0,00;;2025-09-04 15:23:18.1575;0,00;0,00;0,00
LT-S0265/8;Belli Değil;Numune Çıkarıcı 60x60 mm numuneler için;Sample extractor for 60x60 mm samples.;0,00;;2025-09-04 15:23:18.1576;0,00;0,00;0,00
LT-S0270;Belli Değil;"Kesme kutusu takımı; Ø 60 mm Numune alıcı ve numune çıkarıcı ile birlikte.";"Cutting Box Assembly; complete with Specimen cutter and Extrusion Dolly for Ø 60 mm samples.";0,00;;2025-09-04 15:23:18.1577;0,00;0,00;0,00
LT-S0270/1;Belli Değil;Kesme kutusu Ø 60 mm numuneler için.;Cutting Box for Ø 60 mm samples.;0,00;;2025-09-04 15:23:18.1578;0,00;0,00;0,00
LT-S0270/2;Belli Değil;Yükleme başlığı Ø 60 mm numuneler için.;Loading Pad for Ø 60 mm samples.;0,00;;2025-09-04 15:23:18.1579;0,00;0,00;0,00
LT-S0270/3;Belli Değil;Oluklu taban plakası Ø 60 mm numuneler için;Corrugated Base Plate for Ø 60 mm samples.;0,00;;2025-09-04 15:23:18.1580;0,00;0,00;0,00
LT-S0270/4;Belli Değil;Poroz taş Ø 60 mm numuneler için;Porous Plate for Ø 60 mm samples.;0,00;;2025-09-04 15:23:18.1581;0,00;0,00;0,00
LT-S0270/5;Belli Değil;Düz Izgara Plaka Ø 60 mm numuneler için.;Plane Grid for Ø 60 mm samples.;0,00;;2025-09-04 15:23:18.1582;0,00;0,00;0,00
LT-S0270/6;Belli Değil;Delikli Izgara Plaka Ø 60 mm numuneler için;Perforated Grid for Ø 60 mm samples.;0,00;;2025-09-04 15:23:18.1583;0,00;0,00;0,00
LT-S0270/7;Belli Değil;Numune Alıcı(kesici) Ø 60 mm numuneler için;Sample Cutter for Ø 60 mm samples.;0,00;;2025-09-04 15:23:18.1584;0,00;0,00;0,00
LT-S0270/8;Belli Değil;Numune Çıkarıcı Ø 60 mm numuneler için;Sample extractor for Ø 60 mm samples.;0,00;;2025-09-04 15:23:18.1585;0,00;0,00;0,00
LT-S0275;Belli Değil;"Kesme kutusu takımı; 100x100 mm Numune alıcı ve numune çıkarıcı ile birlikte.";"Cutting Box Assembly; complete with Specimen cutter and Extrusion Dolly for 100x100 mm samples.";0,00;;2025-09-04 15:23:18.1586;0,00;0,00;0,00
LT-S0275/1;Belli Değil;Kesme kutusu 100x100 mm numuneler için. ;Cutting Box for 100x100 mm samples.;0,00;;2025-09-04 15:23:18.1587;0,00;0,00;0,00
LT-S0275/2;Belli Değil;Yükleme başlığı 100x100 mm numuneler için.;Loading Pad for 100x100 mm samples.;0,00;;2025-09-04 15:23:18.1588;0,00;0,00;0,00
LT-S0275/3;Belli Değil;Oluklu taban plakası 100x100 mm numuneler için.;Corrugated Base Plate for 100x100 mm samples.;0,00;;2025-09-04 15:23:18.1589;0,00;0,00;0,00
LT-S0275/4;Belli Değil;Poroz taş 100x100 mm numuneler için.;Porous Plate for 100x100 mm samples.;0,00;;2025-09-04 15:23:18.1590;0,00;0,00;0,00
LT-S0275/5;Belli Değil;Düz Izgara Plaka 100x100 mm numuneler için.;Plane Grid for 100x100 mm samples.;0,00;;2025-09-04 15:23:18.1591;0,00;0,00;0,00
LT-S0275/6;Belli Değil;Delikli Izgara Plaka 100x100 mm numuneler için;Perforated Grid for 100x100 mm samples.;0,00;;2025-09-04 15:23:18.1592;0,00;0,00;0,00
LT-S0275/7;Belli Değil;Numune Alıcı(kesici)  100x100 mm numuneler için;Sample Cutter for 100x100 mm samples.;0,00;;2025-09-04 15:23:18.1593;0,00;0,00;0,00
LT-S0275/8;Belli Değil;Numune Çıkarıcı 100x100 mm numuneler için ;Sample Extractor for 100x100 mm samples.;0,00;;2025-09-04 15:23:18.1594;0,00;0,00;0,00
LT-S0280;Belli Değil;"Kesme kutusu takımı; Ø 100 mm Numune alıcı ve numune çıkarıcı ile birlikte.";"Shear Box Assembly; complete with Specimen cutter and Extrusion Dolly for Ø 100 mm samples.";0,00;;2025-09-04 15:23:18.1595;0,00;0,00;0,00
LT-S0280/1;Belli Değil;Kesme kutusu Ø 100 mm numuneler için. ;Shear Box for Ø 100 mm samples.;0,00;;2025-09-04 15:23:18.1596;0,00;0,00;0,00
LT-S0280/2;Belli Değil;Yükleme başlığı Ø 100 mm numuneler için. ;Loading Pad for Ø 100 mm samples.;0,00;;2025-09-04 15:23:18.1597;0,00;0,00;0,00
LT-S0280/3;Belli Değil;Oluklu taban plakası  Ø 100 mm numuneler için.;Retaining Plate for Ø 100 mm samples.;0,00;;2025-09-04 15:23:18.1598;0,00;0,00;0,00
LT-S0280/4;Belli Değil;Poroz taş Ø 100 mm numuneler için.;Porous Plate for Ø 100 mm samples.;0,00;;2025-09-04 15:23:18.1599;0,00;0,00;0,00
LT-S0280/5;Belli Değil;Düz Izgara Plaka  Ø 100 mm numuneler için.;Plane Grid for Ø 100 mm samples.;0,00;;2025-09-04 15:23:18.1600;0,00;0,00;0,00
LT-S0280/6;Belli Değil;Delikli Izgara Plaka Ø 100 mm numuneler için;Perforated Grid for Ø 100 mm samples.;0,00;;2025-09-04 15:23:18.1601;0,00;0,00;0,00
LT-S0280/7;Belli Değil;Numune Alıcı(kesici)  Ø 100 mm numuneler için ;Specimen Cutter for Ø 100 mm samples.;0,00;;2025-09-04 15:23:18.1602;0,00;0,00;0,00
LT-S0280/8;Belli Değil;Numune Çıkarıcı Ø 100 mm numuneler için;Extrusion Dolly for Ø 100 mm samples.;0,00;;2025-09-04 15:23:18.1603;0,00;0,00;0,00
LT-S0285;Belli Değil;"Kesme kutusu takımı; Ø 2.5 inch Numune alıcı ve numune çıkarıcı ile birlikte.";"Shear Box Assembly; complete with Specimen cutter and Extrusion Dolly for Ø 2.5 inch samples.";0,00;;2025-09-04 15:23:18.1604;0,00;0,00;0,00
LT-S0285/1;Belli Değil;Kesme kutusu Ø 2.5 inch numuneler için. ;Shear Box for Ø 2.5 inch samples.;0,00;;2025-09-04 15:23:18.1605;0,00;0,00;0,00
LT-S0285/2;Belli Değil;Yükleme başlığı Ø 2.5 inch numuneler için. ;Loading Pad for Ø 2.5 inch samples.;0,00;;2025-09-04 15:23:18.1606;0,00;0,00;0,00
LT-S0285/3;Belli Değil;Oluklu taban plakası  Ø 2.5 inch numuneler için.;Retaining Plate for Ø 2.5 inch samples.;0,00;;2025-09-04 15:23:18.1607;0,00;0,00;0,00
LT-S0285/4;Belli Değil;Poroz taş Ø 2.5 inch numuneler için.;Porous Plate for Ø 2.5 inch samples.;0,00;;2025-09-04 15:23:18.1608;0,00;0,00;0,00
LT-S0285/5;Belli Değil;Düz Izgara Plaka Ø 2.5 inch numuneler için. ;Plane Grid for Ø 2.5 inch samples.;0,00;;2025-09-04 15:23:18.1609;0,00;0,00;0,00
LT-S0285/6;Belli Değil;Delikli Izgara Plaka Ø 2.5 inch numuneler için;Perforated Grid for Ø 2.5 inch samples.;0,00;;2025-09-04 15:23:18.1610;0,00;0,00;0,00
LT-S0285/7;Belli Değil;Numune Alıcı(kesici)   Ø 2.5 inch numuneler için ;Specimen Cutter for Ø 2.5 inch samples.;0,00;;2025-09-04 15:23:18.1611;0,00;0,00;0,00
LT-S0285/8;Belli Değil;Numune Çıkarıcı Ø 2.5 inch numuneler için;Extrusion Dolly for Ø 2.5 inch samples.;0,00;;2025-09-04 15:23:18.1612;0,00;0,00;0,00
LT-S1261;Belli Değil;GENİŞ ÖLÇEKLİ DİREK KESME CİHAZI  (10 TON KAYA DA DİREK KESME);;0,00;;2025-09-04 15:23:18.1613;0,00;;
LT-S0262;Belli Değil;5 kn kapasiteli TAM Otomatik Direk Kesme;"Liya Test Fully automatic Direc Shear device is an advanced
system specifically designed to perform consolidation,
direct and residual shear stages in a fully automated way.
The system is based on an electroservo motor system which
along with a high-performance regulator guarantees an
automatic application of a vertical load up to 5 kN, thus
offering the unique possibility to reduce to the absolute
minimum any form of manual intervention (no need of dead
weights or level arms).";0,00;164595,00;2025-09-04 15:23:18.1614;0,00;;
LT-S0600;Belli Değil;"Kil Aşındırma Test Cihazı; Kağıt, Mürekkep, Boya,  v.b maddelerin üretiminde kullanılan Kil, Kalsit, Sepiyolit, Talk gibi malzemelerin aşındırma özelliklerini belirlemek için kullanılmaktadır. 1000 adet 210 μm göz açıklığında, 22,4 x 8,7 cm boyutlarında prinç tel ile birlikte verilmektedir. ";"Clay Abrasion Tester is used to determine the abrasion property of
materials like clay, calcite, sepiyolit, talcum which are used in production of paper, ink, pigment, paint etc. The device is complete with a 210 μm opening, 22,4 x 8,7 cm wide brass wire, Pack of 1000.";0,00;;2025-09-04 15:23:18.1615;0,00;0,00;0,00
LT-S0600/1;Belli Değil;"210 μm göz açıklığında, 22,4 x 8,7 cm boyutlarında prinç Tel.
1000 adet ";210 μm opening, 22,4 x 8,7 cm wide brass wire, Pack of 1000.;0,00;;2025-09-04 15:23:18.1616;0,00;0,00;0,00
LT-S0700;Belli Değil;Balon Yoğunluk Seti;Ballon Density Apparatus;0,00;;2025-09-04 15:23:18.1617;0,00;;
LT-S4253;Belli Değil;Bağıl Yoğunluk Test Seti ( Relative Density), ASTM, 380V, 50Hz, 3faz. Kontrol Üniteli Elektromanyetik Vibrasyon/Titreşim Masası, Rölatif Yoğunluk Kalıp Setleri (0,1 ft.3 ve 0,5 ft.3) ve Rölatif Yoğunluk Ölçüm Setinden  oluşur. ;Relative Density Test Set, ASTM, 380V, 50Hz, 3 ph. Consists of an Electromagnetic Vibrating Table with Controller, Relative Density Mold Sets (0.1 ft. 3 and 0.5 ft. 3), Relative Density Gauge Set ;0,00;36540,00;2025-09-04 15:23:18.1618;0,00;;
LT-S4253/1;Belli Değil;Vibrasyon Masası, 762x762 mm;Vibrating Table, 762x762 mm;;;2025-09-04 15:23:18.1619;;;
LT-S4253/2;Belli Değil;Rölatif Yoğunluk Kalıp Seti, 0,1 ft.3, ASTM, Taşıma Kulplu İlave Ağırlık, Taşıma Kollu İlave Ağırlık Taban Plakası, Sökülüp Takılabilir Yaka ve Yaka Sabitleme Aparatları ile birlikte.;Relative Density Mould Set, 0.5 ft 3, ASTM, Supplied complete with Circular Surcharge Weight with Handle, Surcharge Base Plate with Handle and Detachable Guide Sleeve with Clamp Assembly.;;;2025-09-04 15:23:18.1620;;;
LT-S4253/3;Belli Değil;Rölatif Yoğunluk Kalıp Seti, 0,5 ft.3, ASTM, Taşıma Kulplu İlave Ağırlık, Taşıma Kollu İlave Ağırlık Taban Plakası, Sökülüp Takılabilir Yaka ve Yaka Sabitleme Aparatları ile birlikte.;Relative Density Mould Set, 0.5 ft 3, ASTM, Supplied complete with Circular Surcharge Weight with Handle, Surcharge Base Plate with Handle and Detachable Guide Sleeve with Clamp Assembly.;;;2025-09-04 15:23:18.1621;;;
LT-S4253/4;Belli Değil;"Rölatif Yoğunluk Deneyi Deplasman Ölçüm Seti, ASTM, Rölatif Yoğunluk Deney Kalıpları ile birlikte kullanılır.
Analog Komparatör saati (50 x 0.01mm bölmeli, 0-100 skalalı) , Komparatör saati Tutucu ve Metal Kalibrasyon Plakası ndan (75x300x6mm) oluşur.";Relative Density Gauge Set, ASTM, for use with relative density molds. Includes an Analog Displacement Dial Gauge (50 x 0.01mm division, 0-100 scale -) with Holder and a metal Calibration Bar (75 x 300 x 6mm).;;;2025-09-04 15:23:18.1622;;;
LT-G4000;Belli Değil;"Mekanik Terazi, Cent-O-Gram, 311 x 0,01 g kapasiteli.
OHAUS, İsviçre";"Mechanical Balance, Cent-O-Gram, 311 x 0,01 g capacity.
OHAUS, Sweden";0,00;;2025-09-04 15:23:18.1623;0,00;0,00;0,00
LT-G4001;Belli Değil;"Mekanik Terazi, Dial-O-Gram, 310 x 0,01 g kapasiteli.
OHAUS, İsviçre";"Mechanical Balance, Dial-O-Gram, 310 x 0,01 g capacity.
OHAUS, Sweden";0,00;;2025-09-04 15:23:18.1624;0,00;0,00;0,00
LT-G4006;Belli Değil;"Mekanik Terazi, Triple Beam, 2610 x 0,1 g kapasiteli.
OHAUS, İsviçre";"Mechanical Balance, Triple Beam, 2610 x 0,1 g capacity.
OHAUS, Sweden";0,00;;2025-09-04 15:23:18.1625;0,00;0,00;0,00
LT-G4010;Belli Değil;"Mekanik Terazi, Heavy Duty, 20 kg x 1 g kapasiteli.
OHAUS, İsviçre";"Mechanical Balance, Heavy Duty, 20 kg x 1 g capacity. 
OHAUS, Sweden";0,00;;2025-09-04 15:23:18.1626;0,00;0,00;0,00
LT-G4015;Belli Değil;Elektronik Analitik Terazi, 220 g kap. 60 gr a kadar 0.01mg, 60-220gr arasında 0,1 mg hassasiyetindedir. ;Electronic Analytical Balance, 220 g cap. 0.01mg sensitivity until 60 g, 0.1mg sensitivity between 60-220g.;0,00;;2025-09-04 15:23:18.1627;0,00;0,00;0,00
LT-G4016;Belli Değil;Elektronik Analitik Terazi, 220 g kap. 0,0001 g (0,1 mg) hassasiyetli.;Electronic Analytical Balance, 220 g cap. 0,0001g  (0,1mg) sensitivity. ;0,00;;2025-09-04 15:23:18.1628;0,00;0,00;0,00
LT-G4017;Belli Değil;Elektronik Analitik Terazi, 220 g kap. 0,0001 g (0,1 mg) hassasiyetli. ;Electronic Analytical Balance, 220 g cap. 0,0001g  (0,1mg) sensitivity. ;0,00;;2025-09-04 15:23:18.1629;0,00;0,00;0,00
LT-G4018;Belli Değil;Elektronik Analitik Terazi, 310 g kap. 0,0001 g (0,1 mg) hassasiyetli. ;Electronic Analytical Balance, 310 g cap. 0,0001g  (0,1mg) sensitivity. ;0,00;;2025-09-04 15:23:18.1630;0,00;0,00;0,00
LT-G4027/1;Belli Değil;Elektronik Hassas Terazi, 500 g kap. 0,001 g (1mg) hassasiyetli.;Electronic Precision Balance, 500 g cap. 0,001g  (1mg) sensitivity, ;0,00;;2025-09-04 15:23:18.1631;0,00;0,00;0,00
LT-G4027;Belli Değil;Elektronik Hassas Terazi, 510 g kap. 0,001 g (1mg) hassasiyetli, Radwag, Polonya.;"Electronic Precision Balance, 510 g cap. 0,001g  (1mg) sensitivity, 
Radwag, Poland.";0,00;;2025-09-04 15:23:18.1632;0,00;0,00;0,00
LT-G4028;Belli Değil;Elektronik Hassas Terazi, 750 g kap. 0,001 g (1mg) hassasiyetli, Radwag, Polonya.;"Electronic Precision Balance, 750 g cap. 0,001g  (1mg) sensitivity, 
Radwag, Poland.";0,00;;2025-09-04 15:23:18.1633;0,00;0,00;0,00
LT-G4037;Belli Değil;"Elektronik Hassas Terazi, 4500 gr kap., 0,01 gr hassasiyetli.
Radwag, Polonya.";"Electronic Precision Balance; 4500 g capacity 0,01 gr sensitivity,
Radwag, Poland.";0,00;;2025-09-04 15:23:18.1634;0,00;0,00;0,00
LT-G4038/1;Belli Değil;Elektronik Hassas Terazi, 5000 gr kap., 0,01 gr hassasiyetli.;"Electronic Precision Balance; 5000 g capacity 0,01 gr sensitivity";0,00;;2025-09-04 15:23:18.1635;0,00;0,00;0,00
LT-G4038;Belli Değil;"Elektronik Hassas Terazi, 6000 gr kap., 0,01 gr hassasiyetli.
Radwag, Polonya.Marka :AXİS(Polonya) Model:ACZ 6200 Hassasiyet:0,01g kapasite:6200g harici kalibre ";"Electronic Precision Balance; 6000 g capacity 0,01 gr sensitivity,
Radwag, Poland.";0,00;;2025-09-04 15:23:18.1636;0,00;0,00;0,00
LT-G4039;Belli Değil;"Elektronik Hassas Terazi, 10 kg kap., 0,01 gr hassasiyetli.
Radwag, Polonya.";"Electronic Precision Balance; 10 kg capacity 0,01 gr sensitivity,
Radwag, Poland.";0,00;;2025-09-04 15:23:18.1637;0,00;0,00;0,00
LT-G4045;Belli Değil;Elektronik Terazi, 600 gr kap. 0,01 gr hassasiyetli ;"Digital Balance; 600 gr capacity 0,01 gr sensitivity";0,00;;2025-09-04 15:23:18.1638;0,00;0,00;0,00
LT-G4046;Belli Değil;Elektronik Terazi, 3000 gr kap., 0,01 gr hassasiyetli;"Digital Balance; 3000 g capacity 0,01 gr sensitivity";0,00;4900,00;2025-09-04 15:23:18.1639;0,00;0,00;0,00
LT-G4047;Belli Değil;"Elektronik Terazi, 6000 gr kap., 0,01 gr hassasiyetli.
Radwag, Polonya.";"Digital Balance; 6000 g capacity 0,01 gr sensitivity,
Radwag, Poland.";0,00;;2025-09-04 15:23:18.1640;0,00;0,00;0,00
LT-G4048;Belli Değil;Elektronik Terazi, 6000 g kap. 0,1 g hassasiyetli;"Digital Balance; 6000 g capacity 0,1 gr sensitivity";0,00;4500,00;2025-09-04 15:23:18.1641;0,00;0,00;0,00
LT-G4049;Belli Değil;Elektronik Terazi, 30 kg kap. 0,5 g hassasiyetli;"Digital Balance; 30 kg capacity 0,5 gr sensitivity";0,00;4900,00;2025-09-04 15:23:18.1642;0,00;0,00;0,00
LT-G4050;Belli Değil;Elektronik Terazi, 30Kg kap. 0,1 gr hassasiyetli, alttan tartım özellikli;"Digital Balance; 30 kg capacity 0,1 gr sensitivity";0,00;9100,00;2025-09-04 15:23:18.1643;0,00;0,00;0,00
LT-G4060;Belli Değil;Elektronik Terazi, 60 kg kap. 2 g hassasiyetli.;"Digital Platform Balance; 60 kg capacity 2 gr sensitivity";0,00;;2025-09-04 15:23:18.1644;0,00;0,00;0,00
LT-G4061;Belli Değil;Elektronik Terazi, 150 kg kap. 5 g hassasiyetli. ;"Digital Platform Balance; 150 kg capacity 5 gr sensitivity";0,00;7500,00;2025-09-04 15:23:18.1645;0,00;0,00;0,00
LT-G4062;Belli Değil;Elektronik Terazi, 150 kg kap. 10 g hassasiyetli. 35x45 cm;"Digital Platform Balance; 150 kg capacity 10 gr sensitivity. 35x45 cm";0,00;;2025-09-04 15:23:18.1646;0,00;0,00;0,00
LT-G4063;Belli Değil;Elektronik Terazi, 150 kg kap. 10 g hassasiyetli. 40x50 cm;"Digital Platform Balance; 150 kg capacity, 50 gr sensitivity 40x50cm";0,00;;2025-09-04 15:23:18.1647;0,00;0,00;0,00
LT-G4064;Belli Değil;Elektronik Terazi, 300 kg kap. 10 g hassasiyetli. 40x50 cm Platform;"Digital Platform Balance; 300 kg capacity, 10 gr sensitivity 40x50 cm";0,00;;2025-09-04 15:23:18.1648;0,00;0,00;0,00
LT-G4065;Belli Değil;Elektronik Terazi, 600 kg kap. 20 g hassasiyetli. 60x70 cm Platform;"Digital Platform Balance; 600 kg capacity, 20 gr sensitivity. 60x70 cm";0,00;;2025-09-04 15:23:18.1649;0,00;0,00;0,00
LT-G4075;Belli Değil;Nem Tayin Terazisi, 50 g kap. 0,0001 g (0,1mg) hassasiyetli.;"Moisture Balance, 50g capacity, 0,0001g (0,1mg) sensitivity.
";0,00;;2025-09-04 15:23:18.1650;0,00;;
LT-G4076;Belli Değil;"Nem Tayin Terazisi, 50 g kap. 0,001 g (1mg) hassasiyetli.
Radwag, Polonya          Model:ATS 120 hassasiyet:0,001g(1mg) Kapasite:120g";"Moisture Balance, 50g capacity, 0,001g (1mg) sensitivity.
Radwag, Poland.";0,00;;2025-09-04 15:23:18.1651;0,00;0,00;0,00
LT-G4077;Belli Değil;"Nem Tayin Terazisi, 110 g kap. 0,001 g (1mg) hassasiyetli.
Radwag, Polonya";"Moisture Balance, 110g capacity, 0,001g (1mg) sensitivity.
Radwag, Poland.";0,00;;2025-09-04 15:23:18.1652;0,00;0,00;0,00
LT-G4078;Belli Değil;"Nem Tayin Terazisi, 210 g kap. 0,001 g (1mg) hassasiyetli.
";"Moisture Balance, 210g capacity, 0,001g (1mg) sensitivity.
Radwag, Poland.";0,00;;2025-09-04 15:23:18.1653;0,00;0,00;0,00
XM 50 Halojen;Belli Değil;"Nem Tayin Terazisi, 60 g kap. 0,001 g (1mg) hassasiyetli.
İnfrared/Dark. Harici Kalibrasyon. Precisa, İsviçre";"Moisture Balance, 60g capacity, 0,001g (1mg) sensitivity.
Infrared/Dark. External Calibration. Precisa, Swiden";0,00;;2025-09-04 15:23:18.1654;0,00;0,00;0,00
XM 60 Halojen;Belli Değil;"Nem Tayin Terazisi, 124 g kap. 0,001 g (1mg) hassasiyetli.
İnfrared/Dark. Harici Kalibrasyon. Precisa, İsviçre";"Moisture Balance, 124 g capacity, 0,001g (1mg) sensitivity.
Infrared/Dark. External Calibration. Precisa, Swiden";0,00;;2025-09-04 15:23:18.1655;0,00;0,00;0,00
"XM 60 HR 
Halojen";Belli Değil;"Nem Tayin Terazisi, 124 g kap. 0,0001 g (0,1mg) hassasiyetli.
İnfrared/Dark. Harici Kalibrasyon. Precisa, İsviçre";"Moisture Balance, 124 g capacity, 0,0001g (0.1mg) sensitivity.
Infrared/Dark. External Calibration. Precisa, Swiden";0,00;;2025-09-04 15:23:18.1656;0,00;0,00;0,00
XM 66 Halojen;Belli Değil;"Nem Tayin Terazisi, 310 g kap. 0,001 g (1mg) hassasiyetli.
İnfrared/Dark. Harici Kalibrasyon. Precisa, İsviçre";"Moisture Balance, 310g capacity, 0,001g (1mg) sensitivity.
Infrared/Dark. External Calibration. Precisa, Swiden";0,00;;2025-09-04 15:23:18.1657;0,00;0,00;0,00
"EM 120 HR 
Halojen";Belli Değil;"Nem Tayin Terazisi, 124 g kap. 0,0001 g (0,1mg) hassasiyetli.
İnfrared/Dark. Otomatik Kalibrasyon. Precisa, İsviçre";"Moisture Balance, 124g capacity, 0,0001g (0.1mg)sensitivity.
Infrared/Dark. Automatic Calibration. Precisa, Swiden";0,00;;2025-09-04 15:23:18.1658;0,00;0,00;0,00
LT-G9050;Belli Değil;"Kalibrasyon Ağırlığı; M1 Sınıfı; Paslanmaz Çelik.  1 mg";"Calibration Weight; Class M1; Stainless Steel. 1 mg";0,00;;2025-09-04 15:23:18.1659;0,00;0,00;0,00
LT-G9051;Belli Değil;"Kalibrasyon Ağırlığı; M1 Sınıfı; Paslanmaz Çelik.  2 mg";"Calibration Weight; Class M1; Stainless Steel. 2 mg";0,00;;2025-09-04 15:23:18.1660;0,00;0,00;0,00
LT-G9052;Belli Değil;"Kalibrasyon Ağırlığı; M1 Sınıfı; Paslanmaz Çelik.  5 mg";"Calibration Weight; Class M1; Stainless Steel. 5 mg";0,00;;2025-09-04 15:23:18.1661;0,00;0,00;0,00
LT-G9053;Belli Değil;"Kalibrasyon Ağırlığı; M1 Sınıfı; Paslanmaz Çelik.  10 mg";"Calibration Weight; Class M1; Stainless Steel. 10 mg";0,00;;2025-09-04 15:23:18.1662;0,00;0,00;0,00
LT-G9054;Belli Değil;"Kalibrasyon Ağırlığı; M1 Sınıfı; Paslanmaz Çelik.  20 mg";"Calibration Weight; Class M1; Stainless Steel. 20 mg";0,00;;2025-09-04 15:23:18.1663;0,00;0,00;0,00
LT-G9055;Belli Değil;"Kalibrasyon Ağırlığı; M1 Sınıfı; Paslanmaz Çelik.  50 mg";"Calibration Weight; Class M1; Stainless Steel. 50 mg";0,00;;2025-09-04 15:23:18.1664;0,00;0,00;0,00
LT-G9056;Belli Değil;"Kalibrasyon Ağırlığı; M1 Sınıfı; Paslanmaz Çelik.  100 mg";"Calibration Weight; Class M1; Stainless Steel. 100 mg";0,00;;2025-09-04 15:23:18.1665;0,00;0,00;0,00
LT-G9057;Belli Değil;"Kalibrasyon Ağırlığı; M1 Sınıfı; Paslanmaz Çelik.  200 mg";"Calibration Weight; Class M1; Stainless Steel. 200 mg";0,00;;2025-09-04 15:23:18.1666;0,00;0,00;0,00
LT-G9058;Belli Değil;"Kalibrasyon Ağırlığı; M1 Sınıfı; Paslanmaz Çelik.  500 mg";"Calibration Weight; Class M1; Stainless Steel. 500 mg";0,00;;2025-09-04 15:23:18.1667;0,00;0,00;0,00
LT-G9059;Belli Değil;"Kalibrasyon Ağırlığı; M1 Sınıfı; Paslanmaz Çelik. 1 g";"Calibration Weight; Class M1; Stainless Steel.  1 g";0,00;;2025-09-04 15:23:18.1668;0,00;0,00;0,00
LT-G9060;Belli Değil;"Kalibrasyon Ağırlığı; M1 Sınıfı; Paslanmaz Çelik. 2 g";"Calibration Weight; Class M1; Stainless Steel.  2 g";0,00;;2025-09-04 15:23:18.1669;0,00;0,00;0,00
LT-G9061;Belli Değil;"Kalibrasyon Ağırlığı; M1 Sınıfı; Paslanmaz Çelik. 5 g";"Calibration Weight; Class M1; Stainless Steel.  5 g";0,00;;2025-09-04 15:23:18.1670;0,00;0,00;0,00
LT-G9062;Belli Değil;"Kalibrasyon Ağırlığı; M1 Sınıfı; Paslanmaz Çelik. 10 g";"Calibration Weight; Class M1; Stainless Steel.  10 g";0,00;;2025-09-04 15:23:18.1671;0,00;0,00;0,00
LT-G9063;Belli Değil;"Kalibrasyon Ağırlığı; M1 Sınıfı; Paslanmaz Çelik. 20 g";"Calibration Weight; Class M1; Stainless Steel.  20 g";0,00;;2025-09-04 15:23:18.1672;0,00;0,00;0,00
LT-G9064;Belli Değil;"Kalibrasyon Ağırlığı; M1 Sınıfı; Paslanmaz Çelik. 50 g";"Calibration Weight; Class M1; Stainless Steel.  50 g";0,00;;2025-09-04 15:23:18.1673;0,00;0,00;0,00
LT-G9065;Belli Değil;"Kalibrasyon Ağırlığı; M1 Sınıfı; Paslanmaz Çelik. 100 g";"Calibration Weight; Class M1; Stainless Steel.  100 g";0,00;;2025-09-04 15:23:18.1674;0,00;0,00;0,00
LT-G9066;Belli Değil;"Kalibrasyon Ağırlığı; M1 Sınıfı; Paslanmaz Çelik. 200 g";"Calibration Weight; Class M1; Stainless Steel.  200 g";0,00;;2025-09-04 15:23:18.1675;0,00;0,00;0,00
LT-G9067;Belli Değil;"Kalibrasyon Ağırlığı; M1 Sınıfı; Paslanmaz Çelik. 500 g";"Calibration Weight; Class M1; Stainless Steel.  500 g";0,00;;2025-09-04 15:23:18.1676;0,00;0,00;0,00
LT-G9068;Belli Değil;"Kalibrasyon Ağırlığı; M1 Sınıfı; Pik Döküm. 500 g";"Calibration Weight; Class M1; Cast Iron.  500 g";0,00;;2025-09-04 15:23:18.1677;0,00;0,00;0,00
LT-G9068/1;Belli Değil;"Kutu; 1 - 500 g  M1 Sınıfı; Paslanmaz Çelik Kalibrasyon Ağırlığı için";"Box for 1 - 500 g Class M1; Stainless Steel Calibration Weight";0,00;;2025-09-04 15:23:18.1678;0,00;0,00;0,00
LT-G9069;Belli Değil;"Kalibrasyon Ağırlığı; M1 Sınıfı; Paslanmaz Çelik. 1 kg";"Calibration Weight; Class M1; Stainless Steel.  1 kg";0,00;;2025-09-04 15:23:18.1679;0,00;0,00;0,00
LT-G9069/1;Belli Değil;"Kutu; 1 kg  M1 Sınıfı; Paslanmaz Çelik Kalibrasyon Ağırlığı için";"Box for 1 kg Class M1; Stainless Steel Calibration Weight";0,00;;2025-09-04 15:23:18.1680;0,00;0,00;0,00
LT-G9070;Belli Değil;"Kalibrasyon Ağırlığı; M1 Sınıfı; Pik Döküm. 1 kg";"Calibration Weight; Class M1; Cast Iron.  1 kg";0,00;;2025-09-04 15:23:18.1681;0,00;0,00;0,00
LT-G9071;Belli Değil;"Kalibrasyon Ağırlığı; M1 Sınıfı; Paslanmaz Çelik. 2 kg";"Calibration Weight; Class M1; Stainless Steel.  2 kg";0,00;;2025-09-04 15:23:18.1682;0,00;0,00;0,00
LT-G9071/1;Belli Değil;"Kutu; 2 kg  M1 Sınıfı; Paslanmaz Çelik Kalibrasyon Ağırlığı için";"Box for 2 kg Class M1; Stainless Steel Calibration Weight";0,00;;2025-09-04 15:23:18.1683;0,00;0,00;0,00
LT-G9072;Belli Değil;"Kalibrasyon Ağırlığı; M1 Sınıfı; Pik Döküm. 2 kg";"Calibration Weight; Class M1; Cast Iron.  2 kg";0,00;850,00;2025-09-04 15:23:18.1684;0,00;0,00;0,00
LT-G9073;Belli Değil;"Kalibrasyon Ağırlığı; M1 Sınıfı; Paslanmaz Çelik.  5 kg";"Calibration Weight; Class M1; Stainless Steel.  5 kg";0,00;;2025-09-04 15:23:18.1685;0,00;0,00;0,00
LT-G9073/1;Belli Değil;"Kutu; 5 kg  M1 Sınıfı; Paslanmaz Çelik Kalibrasyon Ağırlığı için";"Box for 5 kg Class M1; Stainless Steel Calibration Weight";0,00;;2025-09-04 15:23:18.1686;0,00;0,00;0,00
LT-G9074;Belli Değil;"Kalibrasyon Ağırlığı; M1 Sınıfı; Pik Döküm.  5 kg";"Calibration Weight; Class M1; Cast Iron.  5 kg";0,00;;2025-09-04 15:23:18.1687;0,00;0,00;0,00
LT-G9074/1;Belli Değil;"Ahşap Kutu; 5 kg  M1 Sınıfı; Pik Döküm Kalibrasyon Ağırlığı için";"Wooden Box for 5 kg Class M1; Cast Iron Calibration Weight";0,00;;2025-09-04 15:23:18.1688;0,00;0,00;0,00
LT-G9075;Belli Değil;"Kalibrasyon Ağırlığı; M1 Sınıfı; Paslanmaz Çelik.  10 kg";"Calibration Weight; Class M1; Stainless Steel.  10 kg";0,00;;2025-09-04 15:23:18.1689;0,00;0,00;0,00
LT-G9075/1;Belli Değil;"Kutu; 10 kg  M1 Sınıfı; Paslanmaz Çelik Kalibrasyon Ağırlığı için";"Box for 10 kg Class M1; Stainless Steel Calibration Weight";0,00;;2025-09-04 15:23:18.1690;0,00;0,00;0,00
LT-G9076;Belli Değil;"Kalibrasyon Ağırlığı; M1 Sınıfı; Pik Döküm.  10 kg";"Calibration Weight; Class M1; Cast Iron.  10 kg";0,00;1450,00;2025-09-04 15:23:18.1691;0,00;0,00;0,00
LT-G9076/1;Belli Değil;"Ahşap Kutu; 10 kg  M1 Sınıfı; Pik Döküm Kalibrasyon Ağırlığı için";"Wooden Box for 10 kg Class M1; Cast Iron Calibration Weight";0,00;;2025-09-04 15:23:18.1692;0,00;0,00;0,00
LT-G9077;Belli Değil;"Kalibrasyon Ağırlığı; M1 Sınıfı; Paslanmaz Çelik.  20 kg";"Calibration Weight; Class M1; Stainless Steel.  20 kg";0,00;;2025-09-04 15:23:18.1693;0,00;0,00;0,00
LT-G9077/1;Belli Değil;"Kutu; 20 kg  M1 Sınıfı; Paslanmaz Çelik Kalibrasyon Ağırlığı için";"Box for 20 kg Class M1; Stainless Steel Calibration Weight";0,00;;2025-09-04 15:23:18.1694;0,00;0,00;0,00
LT-G9078;Belli Değil;"Kalibrasyon Ağırlığı; M1 Sınıfı; Pik Döküm.  20 kg";"Calibration Weight; Class M1; Cast Iron.  20 kg";0,00;2000,00;2025-09-04 15:23:18.1695;0,00;0,00;0,00
LT-G9078/1;Belli Değil;"Ahşap Kutu; 20 kg  M1 Sınıfı; Pik Döküm Kalibrasyon Ağırlığı için";"Wooden Box for 20 kg Class M1; Cast Iron Calibration Weight";0,00;;2025-09-04 15:23:18.1696;0,00;0,00;0,00
LT-G9079;Belli Değil;"Kalibrasyon Ağırlığı; M1 Sınıfı; Pik Döküm.  50 kg";"Calibration Weight; Class M1; Cast Iron.  50 kg";0,00;5250,00;2025-09-04 15:23:18.1697;0,00;0,00;0,00
LT-G9080;Belli Değil;"Kalibrasyon Ağırlığı; M1 Sınıfı; Pik Döküm.  100 kg";"Calibration Weight; Class M1; Cast Iron.  100 kg";0,00;;2025-09-04 15:23:18.1698;0,00;0,00;0,00
LT-G9081;Belli Değil;"Kalibrasyon Ağırlığı; M1 Sınıfı; Pik Döküm. 200 kg";"Calibration Weight; Class M1; Cast Iron. 200 kg";0,00;;2025-09-04 15:23:18.1699;0,00;0,00;0,00
LT-G9082;Belli Değil;"Kalibrasyon Ağırlığı; M1 Sınıfı; Pik Döküm. 500 kg";"Calibration Weight; Class M1; Cast Iron. 500 kg";0,00;;2025-09-04 15:23:18.1700;0,00;0,00;0,00
LT-G9083;Belli Değil;"Kalibrasyon Ağırlığı; M1 Sınıfı; Pik Döküm. 1000 kg";"Calibration Weight; Class M1; Cast Iron. 1000 kg";0,00;;2025-09-04 15:23:18.1701;0,00;0,00;0,00
LT-G9084;Belli Değil;TÜRKAK Kalibrasyon Sertifikası. 500 g - 5 kg;Calibration Certificate for 500 g - 5 kg;0,00;;2025-09-04 15:23:18.1702;0,00;0,00;0,00
LT-G9085;Belli Değil;TÜRKAK Kalibrasyon Sertifikası. 10 kg - 20 kg;Calibration Certificate for 10 kg - 20 kg;0,00;;2025-09-04 15:23:18.1703;0,00;0,00;0,00
LT-G9086;Belli Değil;TÜRKAK Kalibrasyon Sertifikası. 50 kg;Calibration Certificate for 50 kg;0,00;;2025-09-04 15:23:18.1704;0,00;0,00;0,00
LT-G9100;Belli Değil;"Kalibrasyon Ağırlığı; F1 Sınıfı; Paslanmaz Çelik.  1 mg";"Calibration Weight; Class F1; Stainless Steel.1 mg";0,00;;2025-09-04 15:23:18.1705;0,00;0,00;0,00
LT-G9101;Belli Değil;"Kalibrasyon Ağırlığı; F1 Sınıfı; Paslanmaz Çelik.  2 mg";"Calibration Weight; Class F1; Stainless Steel.2 mg";0,00;;2025-09-04 15:23:18.1706;0,00;0,00;0,00
LT-G9102;Belli Değil;"Kalibrasyon Ağırlığı; F1 Sınıfı; Paslanmaz Çelik.  5 mg";"Calibration Weight; Class F1; Stainless Steel.5 mg";0,00;;2025-09-04 15:23:18.1707;0,00;0,00;0,00
LT-G9103;Belli Değil;"Kalibrasyon Ağırlığı; F1 Sınıfı; Paslanmaz Çelik.  10 mg";"Calibration Weight; Class F1; Stainless Steel.10 mg";0,00;;2025-09-04 15:23:18.1708;0,00;0,00;0,00
LT-G9104;Belli Değil;"Kalibrasyon Ağırlığı; F1 Sınıfı; Paslanmaz Çelik.  20 mg";"Calibration Weight; Class F1; Stainless Steel.20 mg";0,00;;2025-09-04 15:23:18.1709;0,00;0,00;0,00
LT-G9105;Belli Değil;"Kalibrasyon Ağırlığı; F1 Sınıfı; Paslanmaz Çelik.  50 mg";"Calibration Weight; Class F1; Stainless Steel.50 mg";0,00;;2025-09-04 15:23:18.1710;0,00;0,00;0,00
LT-G9106;Belli Değil;"Kalibrasyon Ağırlığı; F1 Sınıfı; Paslanmaz Çelik.  100 mg";"Calibration Weight; Class F1; Stainless Steel.100 mg";0,00;;2025-09-04 15:23:18.1711;0,00;0,00;0,00
LT-G9107;Belli Değil;"Kalibrasyon Ağırlığı; F1 Sınıfı; Paslanmaz Çelik.  200 mg";"Calibration Weight; Class F1; Stainless Steel.200 mg";0,00;;2025-09-04 15:23:18.1712;0,00;0,00;0,00
LT-G9108;Belli Değil;"Kalibrasyon Ağırlığı; F1 Sınıfı; Paslanmaz Çelik.  500 mg";"Calibration Weight; Class F1; Stainless Steel.500 mg";0,00;;2025-09-04 15:23:18.1713;0,00;0,00;0,00
LT-G9109;Belli Değil;"Kalibrasyon Ağırlığı; F1 Sınıfı; Paslanmaz Çelik.  1 g";"Calibration Weight; Class F1; Stainless Steel. 1 g";0,00;;2025-09-04 15:23:18.1714;0,00;0,00;0,00
LT-G9110;Belli Değil;"Kalibrasyon Ağırlığı; F1 Sınıfı; Paslanmaz Çelik.  2 g";"Calibration Weight; Class F1; Stainless Steel. 2 g";0,00;;2025-09-04 15:23:18.1715;0,00;0,00;0,00
LT-G9111;Belli Değil;"Kalibrasyon Ağırlığı; F1 Sınıfı; Paslanmaz Çelik.  5 g";"Calibration Weight; Class F1; Stainless Steel. 5 g";0,00;;2025-09-04 15:23:18.1716;0,00;0,00;0,00
LT-G9112;Belli Değil;"Kalibrasyon Ağırlığı; F1 Sınıfı; Paslanmaz Çelik.  10 g";"Calibration Weight; Class F1; Stainless Steel. 10 g";0,00;;2025-09-04 15:23:18.1717;0,00;0,00;0,00
LT-G9113;Belli Değil;"Kalibrasyon Ağırlığı; F1 Sınıfı; Paslanmaz Çelik.  20 g";"Calibration Weight; Class F1; Stainless Steel. 20 g";0,00;;2025-09-04 15:23:18.1718;0,00;0,00;0,00
LT-G9114;Belli Değil;"Kalibrasyon Ağırlığı; F1 Sınıfı; Paslanmaz Çelik.  50 g";"Calibration Weight; Class F1; Stainless Steel. 50 g";0,00;;2025-09-04 15:23:18.1719;0,00;0,00;0,00
LT-G9115;Belli Değil;"Kalibrasyon Ağırlığı; F1 Sınıfı; Paslanmaz Çelik.  100 g";"Calibration Weight; Class F1; Stainless Steel. 100 g";0,00;;2025-09-04 15:23:18.1720;0,00;0,00;0,00
LT-G9116;Belli Değil;"Kalibrasyon Ağırlığı; F1 Sınıfı; Paslanmaz Çelik.  200 g";"Calibration Weight; Class F1; Stainless Steel. 200 g";0,00;;2025-09-04 15:23:18.1721;0,00;0,00;0,00
LT-G9117;Belli Değil;"Kalibrasyon Ağırlığı; F1 Sınıfı; Paslanmaz Çelik.  500 g";"Calibration Weight; Class F1; Stainless Steel. 500 g";0,00;;2025-09-04 15:23:18.1722;0,00;0,00;0,00
LT-G9118;Belli Değil;"Kalibrasyon Ağırlığı; F1 Sınıfı; Paslanmaz Çelik.  1 kg";"Calibration Weight; Class F1; Stainless Steel. 1 kg";0,00;;2025-09-04 15:23:18.1723;0,00;0,00;0,00
LT-G9119;Belli Değil;"Kalibrasyon Ağırlığı; F1 Sınıfı; Paslanmaz Çelik.  2 kg";"Calibration Weight; Class F1; Stainless Steel. 2 kg";0,00;;2025-09-04 15:23:18.1724;0,00;0,00;0,00
LT-G9120;Belli Değil;"Kalibrasyon Ağırlığı; F1 Sınıfı; Paslanmaz Çelik.  5 kg";"Calibration Weight; Class F1; Stainless Steel. 5 kg";0,00;;2025-09-04 15:23:18.1725;0,00;0,00;0,00
LT-G9121;Belli Değil;"Kalibrasyon Ağırlığı; F1 Sınıfı; Paslanmaz Çelik.  10 kg";"Calibration Weight; Class F1; Stainless Steel. 10 kg";0,00;;2025-09-04 15:23:18.1726;0,00;0,00;0,00
LT-G9122;Belli Değil;"Kalibrasyon Ağırlığı; F1 Sınıfı; Paslanmaz Çelik.  20 kg";"Calibration Weight; Class F1; Stainless Steel. 20 kg";0,00;;2025-09-04 15:23:18.1727;0,00;0,00;0,00
LT-G9123;Belli Değil;"Kalibrasyon Ağırlığı; F1 Sınıfı; Paslanmaz Çelik.  50 kg";"Calibration Weight; Class F1; Stainless Steel. 50 kg";0,00;;2025-09-04 15:23:18.1728;0,00;0,00;0,00
LT-G9124;Belli Değil;"Kutu; 1 mg - 500 g  F1 Sınıfı;  Paslanmaz Çelik Kalibrasyon Ağırlığı için";"Box for 1 mg - 500 g Class F1; Stainless Steel Calibration Weight";0,00;;2025-09-04 15:23:18.1729;0,00;0,00;0,00
LT-G9125;Belli Değil;"Kutu; 1 kg - 2 kg  F1 Sınıfı;  Paslanmaz Çelik Kalibrasyon Ağırlığı için";"Box for 1 kg - 2 kg Class F1; Stainless Steel Calibration Weight";0,00;;2025-09-04 15:23:18.1730;0,00;0,00;0,00
LT-G9126;Belli Değil;"Kutu; 5 kg  F1 Sınıfı;  Paslanmaz Çelik Kalibrasyon Ağırlığı için";"Box for 5 kg Class F1; Stainless Steel Calibration Weight";0,00;;2025-09-04 15:23:18.1731;0,00;0,00;0,00
LT-G9127;Belli Değil;"Kutu; 10 kg  F1 Sınıfı;  Paslanmaz Çelik Kalibrasyon Ağırlığı için";"Box for 10 kg Class F1; Stainless Steel Calibration Weight";0,00;;2025-09-04 15:23:18.1732;0,00;0,00;0,00
LT-G9128;Belli Değil;"Kutu; 20 kg  F1 Sınıfı;  Paslanmaz Çelik Kalibrasyon Ağırlığı için";"Box for 20 kg Class F1; Stainless Steel Calibration Weight";0,00;;2025-09-04 15:23:18.1733;0,00;0,00;0,00
LT-G9129;Belli Değil;"Kutu; 50 kg  F1 Sınıfı;  Paslanmaz Çelik Kalibrasyon Ağırlığı için";"Box for 50 kg Class F1; Stainless Steel Calibration Weight";0,00;;2025-09-04 15:23:18.1734;0,00;0,00;0,00
LT-G9130;Belli Değil;TÜRKAK Kalibrasyon Sertifikası. 1 mg - 2 kg;Calibration Certificate for 1 mg - 2 kg;0,00;;2025-09-04 15:23:18.1735;0,00;0,00;0,00
LT-G9131;Belli Değil;TÜRKAK Kalibrasyon Sertifikası. 5 kg - 10 kg;Calibration Certificate for 5 kg - 10 kg;0,00;;2025-09-04 15:23:18.1736;0,00;0,00;0,00
LT-G9132;Belli Değil;TÜRKAK Kalibrasyon Sertifikası. 20 kg;Calibration Certificate for 20 kg;0,00;;2025-09-04 15:23:18.1737;0,00;0,00;0,00
LT-G9133;Belli Değil;TÜRKAK Kalibrasyon Sertifikası. 50 kg;Calibration Certificate for 50 kg;0,00;;2025-09-04 15:23:18.1738;0,00;0,00;0,00
LT-G9150;Belli Değil;"Kalibrasyon Ağırlığı; E2 Sınıfı; Paslanmaz Çelik. 1 mg";"Calibration Weight; Class E2; Stainless Steel. 1 mg";0,00;;2025-09-04 15:23:18.1739;0,00;0,00;0,00
LT-G9151;Belli Değil;"Kalibrasyon Ağırlığı; E2 Sınıfı; Paslanmaz Çelik. 2 mg";"Calibration Weight; Class E2; Stainless Steel. 2 mg";0,00;;2025-09-04 15:23:18.1740;0,00;0,00;0,00
LT-G9152;Belli Değil;"Kalibrasyon Ağırlığı; E2 Sınıfı; Paslanmaz Çelik. 5 mg";"Calibration Weight; Class E2; Stainless Steel. 5 mg";0,00;;2025-09-04 15:23:18.1741;0,00;0,00;0,00
LT-G9153;Belli Değil;"Kalibrasyon Ağırlığı; E2 Sınıfı; Paslanmaz Çelik. 10 mg";"Calibration Weight; Class E2; Stainless Steel. 10 mg";0,00;;2025-09-04 15:23:18.1742;0,00;0,00;0,00
LT-G9154;Belli Değil;"Kalibrasyon Ağırlığı; E2 Sınıfı; Paslanmaz Çelik. 20 mg";"Calibration Weight; Class E2; Stainless Steel. 20 mg";0,00;;2025-09-04 15:23:18.1743;0,00;0,00;0,00
LT-G9155;Belli Değil;"Kalibrasyon Ağırlığı; E2 Sınıfı; Paslanmaz Çelik. 50 mg";"Calibration Weight; Class E2; Stainless Steel. 50 mg";0,00;;2025-09-04 15:23:18.1744;0,00;0,00;0,00
LT-G9156;Belli Değil;"Kalibrasyon Ağırlığı; E2 Sınıfı; Paslanmaz Çelik. 100 mg";"Calibration Weight; Class E2; Stainless Steel. 100 mg";0,00;;2025-09-04 15:23:18.1745;0,00;0,00;0,00
LT-G9157;Belli Değil;"Kalibrasyon Ağırlığı; E2 Sınıfı; Paslanmaz Çelik. 200 mg";"Calibration Weight; Class E2; Stainless Steel. 200 mg";0,00;;2025-09-04 15:23:18.1746;0,00;0,00;0,00
LT-G9158;Belli Değil;"Kalibrasyon Ağırlığı; E2 Sınıfı; Paslanmaz Çelik. 500 mg";"Calibration Weight; Class E2; Stainless Steel. 500 mg";0,00;;2025-09-04 15:23:18.1747;0,00;0,00;0,00
LT-G9159;Belli Değil;"Kalibrasyon Ağırlığı; E2 Sınıfı; Paslanmaz Çelik.  1 g";"Calibration Weight; Class E2; Stainless Steel.  1 g";0,00;;2025-09-04 15:23:18.1748;0,00;0,00;0,00
LT-G9160;Belli Değil;"Kalibrasyon Ağırlığı; E2 Sınıfı; Paslanmaz Çelik.  2 g";"Calibration Weight; Class E2; Stainless Steel.  2 g";0,00;;2025-09-04 15:23:18.1749;0,00;0,00;0,00
LT-G9161;Belli Değil;"Kalibrasyon Ağırlığı; E2 Sınıfı; Paslanmaz Çelik.  5 g";"Calibration Weight; Class E2; Stainless Steel.  5 g";0,00;;2025-09-04 15:23:18.1750;0,00;0,00;0,00
LT-G9162;Belli Değil;"Kalibrasyon Ağırlığı; E2 Sınıfı; Paslanmaz Çelik.  10 g";"Calibration Weight; Class E2; Stainless Steel.  10 g";0,00;;2025-09-04 15:23:18.1751;0,00;0,00;0,00
LT-G9163;Belli Değil;"Kalibrasyon Ağırlığı; E2 Sınıfı; Paslanmaz Çelik.  20 g";"Calibration Weight; Class E2; Stainless Steel.  20 g";0,00;;2025-09-04 15:23:18.1752;0,00;0,00;0,00
LT-G9164;Belli Değil;"Kalibrasyon Ağırlığı; E2 Sınıfı; Paslanmaz Çelik.  50 g";"Calibration Weight; Class E2; Stainless Steel.  50 g";0,00;;2025-09-04 15:23:18.1753;0,00;0,00;0,00
LT-G9165;Belli Değil;"Kalibrasyon Ağırlığı; E2 Sınıfı; Paslanmaz Çelik.  100 g";"Calibration Weight; Class E2; Stainless Steel.  100 g";0,00;;2025-09-04 15:23:18.1754;0,00;0,00;0,00
LT-G9166;Belli Değil;"Kalibrasyon Ağırlığı; E2 Sınıfı; Paslanmaz Çelik.  200 g";"Calibration Weight; Class E2; Stainless Steel.  200 g";0,00;;2025-09-04 15:23:18.1755;0,00;0,00;0,00
LT-G9167;Belli Değil;"Kalibrasyon Ağırlığı; E2 Sınıfı; Paslanmaz Çelik.  500 g";"Calibration Weight; Class E2; Stainless Steel.  500 g";0,00;;2025-09-04 15:23:18.1756;0,00;0,00;0,00
LT-G9168;Belli Değil;"Kalibrasyon Ağırlığı; E2 Sınıfı; Paslanmaz Çelik.  1 kg";"Calibration Weight; Class E2; Stainless Steel.  1 kg";0,00;;2025-09-04 15:23:18.1757;0,00;0,00;0,00
LT-G9169;Belli Değil;"Kalibrasyon Ağırlığı; E2 Sınıfı; Paslanmaz Çelik.  2 kg";"Calibration Weight; Class E2; Stainless Steel.  2 kg";0,00;;2025-09-04 15:23:18.1758;0,00;0,00;0,00
LT-G9170;Belli Değil;"Kalibrasyon Ağırlığı; E2 Sınıfı; Paslanmaz Çelik.  5 kg";"Calibration Weight; Class E2; Stainless Steel.  5 kg";0,00;;2025-09-04 15:23:18.1759;0,00;0,00;0,00
LT-G9171;Belli Değil;"Kalibrasyon Ağırlığı; E2 Sınıfı; Paslanmaz Çelik.  10 kg";"Calibration Weight; Class E2; Stainless Steel.  10 kg";0,00;;2025-09-04 15:23:18.1760;0,00;0,00;0,00
LT-G9172;Belli Değil;"Kalibrasyon Ağırlığı; E2 Sınıfı; Paslanmaz Çelik.  20 kg";"Calibration Weight; Class E2; Stainless Steel.  20 kg";0,00;;2025-09-04 15:23:18.1761;0,00;0,00;0,00
LT-G9173;Belli Değil;"Kalibrasyon Ağırlığı; E2 Sınıfı; Paslanmaz Çelik.  50 kg";"Calibration Weight; Class E2; Stainless Steel.  50 kg";0,00;;2025-09-04 15:23:18.1762;0,00;0,00;0,00
LT-G0398;Belli Değil;Cam Beher, 10 ml;Glass Beaker 10 ml;0,00;50,76;2025-09-04 15:23:18.1763;0,00;0,00;0,00
LT-G0399;Belli Değil;Cam Beher, 25 ml;Glass Beaker 25 ml;0,00;50,76;2025-09-04 15:23:18.1764;0,00;0,00;0,00
LT-G0400;Belli Değil;Cam Beher, 50 ml;Glass Beaker 50 ml;0,00;52,88;2025-09-04 15:23:18.1765;0,00;0,00;0,00
LT-G0401;Belli Değil;Cam Beher, 100 ml;Glass Beaker 100 ml;0,00;74,03;2025-09-04 15:23:18.1766;0,00;0,00;0,00
LT-G0402;Belli Değil;Cam Beher, 250 ml;Glass Beaker 250 ml;0,00;74,03;2025-09-04 15:23:18.1767;0,00;0,00;0,00
LT-G0403;Belli Değil;Cam Beher, 400 ml;Glass Beaker 400 ml;0,00;118,02;2025-09-04 15:23:18.1768;0,00;0,00;0,00
LT-G0404;Belli Değil;Cam Beher, 600 ml;Glass Beaker 600 ml;0,00;123,52;2025-09-04 15:23:18.1769;0,00;0,00;0,00
LT-G0405;Belli Değil;Cam Beher, 800 ml;Glass Beaker 800 ml;0,00;147,20;2025-09-04 15:23:18.1770;0,00;0,00;0,00
LT-G0406;Belli Değil;Cam Beher, 1000 ml;Glass Beaker 1000 ml;0,00;213,62;2025-09-04 15:23:18.1771;0,00;0,00;0,00
LT-G0407;Belli Değil;Cam Beher, 2000 ml;Glass Beaker 2000 ml;0,00;509,29;2025-09-04 15:23:18.1772;0,00;0,00;0,00
LT-G0408;Belli Değil;Cam Beher, 3000 ml;Glass Beaker 3000 ml;0,00;793,13;2025-09-04 15:23:18.1773;0,00;0,00;0,00
LT-G0409;Belli Değil;Cam Beher, 5000 ml;Glass Beaker 5000 ml;0,00;1742,76;2025-09-04 15:23:18.1774;0,00;0,00;0,00
LT-G0414;Belli Değil;Cam Mezür, 10 ml;Glass Measuring Cylinder, 10 ml;0,00;77,83;2025-09-04 15:23:18.1775;0,00;0,00;0,00
LT-G0415;Belli Değil;Cam Mezür, 25 ml;Glass Measuring Cylinder, 25 ml;0,00;101,94;2025-09-04 15:23:18.1776;0,00;0,00;0,00
LT-G0416;Belli Değil;Cam Mezür, 50 ml;Glass Measuring Cylinder, 50 ml;0,00;114,63;2025-09-04 15:23:18.1777;0,00;0,00;0,00
LT-G0417;Belli Değil;Cam Mezür, 100 ml;Glass Measuring Cylinder, 100 ml;0,00;129,02;2025-09-04 15:23:18.1778;0,00;0,00;0,00
LT-G0418;Belli Değil;Cam Mezür, 250 ml;Glass Measuring Cylinder, 250 ml;0,00;253,38;2025-09-04 15:23:18.1779;0,00;0,00;0,00
LT-G0419;Belli Değil;Cam Mezür, 500 ml;Glass Measuring Cylinder, 500 ml;0,00;346,44;2025-09-04 15:23:18.1780;0,00;0,00;0,00
LT-G0420;Belli Değil;Cam Mezür, 1000 ml;Glass Measuring Cylinder, 1000 ml;0,00;593,05;2025-09-04 15:23:18.1781;0,00;0,00;0,00
LT-G0421;Belli Değil;Cam Mezür, 2000 ml;Glass Measuring Cylinder, 2000 ml;0,00;936,95;2025-09-04 15:23:18.1782;0,00;0,00;0,00
LT-G0063;Belli Değil;Piknometre, 25 ml;Pyknometer (Specific Gravity Bottle), 25 ml;0,00;353,63;2025-09-04 15:23:18.1783;0,00;0,00;0,00
LT-G0064;Belli Değil;Piknometre, 50 ml;Pyknometer (Specific Gravity Bottle), 50 ml;0,00;375,62;2025-09-04 15:23:18.1784;0,00;0,00;0,00
LT-G0065;Belli Değil;Piknometre, 100 ml;Pyknometer (Specific Gravity Bottle), 100 ml;0,00;508,02;2025-09-04 15:23:18.1785;0,00;0,00;0,00
LT-G0066;Belli Değil;Piknometre, 250 ml;Pyknometer (Specific Gravity Bottle), 250 ml;0,00;703,87;2025-09-04 15:23:18.1786;0,00;0,00;0,00
LT-G0067;Belli Değil;Piknometre, 500 ml;Pyknometer (Specific Gravity Bottle), 500 ml;0,00;880,26;2025-09-04 15:23:18.1787;0,00;0,00;0,00
LT-G0068;Belli Değil;Piknometre, 1000 ml;Pyknometer (Specific Gravity Bottle), 1000 ml;0,00;1388,29;2025-09-04 15:23:18.1788;0,00;0,00;0,00
LT-G0070;Belli Değil;Piknometre, Şişe Tipi, 500ml;Pyknometer (Bottle Type), 500 ml;0,00;1427,20;2025-09-04 15:23:18.1789;0,00;0,00;0,00
LT-G0071;Belli Değil;Piknometre, Şişe Tipi, 1000ml;Pyknometer (Bottle Type), 1000 ml;0,00;1886,58;2025-09-04 15:23:18.1790;0,00;0,00;0,00
LT-G0072;Belli Değil;Piknometre, Şişe Tipi, 2000ml;Pyknometer (Bottle Type), 2000 ml;0,00;2406,02;2025-09-04 15:23:18.1791;0,00;0,00;0,00
LT-G0073;Belli Değil;Piknometre, Şişe Tipi, 3000ml;Pyknometer (Bottle Type), 3000 ml;0,00;3252,87;2025-09-04 15:23:18.1792;0,00;0,00;0,00
LT-G0074;Belli Değil;Piknometre, Şişe Tipi, 5000ml;Pyknometer (Bottle Type), 5000 ml;0,00;5519,73;2025-09-04 15:23:18.1793;0,00;0,00;0,00
LT-G0114;Belli Değil;Doldurma başlığı  (Şişe Tipi Piknometre için camdan, ağzı şilifli);Filling Head (For Bottle Type Picnometer);0,00;;2025-09-04 15:23:18.1794;0,00;0,00;0,00
LT-G0080;Belli Değil;Erlenmayer, dar boyunlu, dereceli, 50ml;Conical Flask, Erlenmeyer, 50 ml;0,00;75,29;2025-09-04 15:23:18.1795;0,00;0,00;0,00
LT-G0081;Belli Değil;Erlenmayer, dar boyunlu, dereceli, 100ml;Conical Flask, Erlenmeyer, 100 ml;0,00;86,72;2025-09-04 15:23:18.1796;0,00;0,00;0,00
LT-G0082;Belli Değil;Erlenmayer, dar boyunlu, dereceli, 150ml;Conical Flask, Erlenmeyer, 150 ml;0,00;101,52;2025-09-04 15:23:18.1797;0,00;0,00;0,00
LT-G0083;Belli Değil;Erlenmayer, dar boyunlu, dereceli, 250ml;Conical Flask, Erlenmeyer, 250 ml;0,00;123,09;2025-09-04 15:23:18.1798;0,00;0,00;0,00
LT-G0084;Belli Değil;Erlenmayer, dar boyunlu, dereceli, 300ml;Conical Flask, Erlenmeyer, 300 ml;0,00;172,58;2025-09-04 15:23:18.1799;0,00;0,00;0,00
LT-G0085;Belli Değil;Erlenmayer, dar boyunlu, dereceli, 500ml;Conical Flask, Erlenmeyer, 500 ml;0,00;220,81;2025-09-04 15:23:18.1800;0,00;0,00;0,00
LT-G0086;Belli Değil;Erlenmayer, dar boyunlu, dereceli, 1000ml;Conical Flask, Erlenmeyer, 1000 ml;0,00;341,78;2025-09-04 15:23:18.1801;0,00;0,00;0,00
LT-G0087;Belli Değil;Erlenmayer, dar boyunlu, dereceli, 2000ml;Conical Flask, Erlenmeyer, 2000 ml;0,00;574,01;2025-09-04 15:23:18.1802;0,00;0,00;0,00
LT-G0088;Belli Değil;Erlenmayer, dar boyunlu, dereceli, 5000ml;Conical Flask, Erlenmeyer, 5000 ml;0,00;1681,43;2025-09-04 15:23:18.1803;0,00;0,00;0,00
LT-G0093;Belli Değil;Nuce Erlenmayer 250ml;Filter Flask, 250ml;0,00;370,97;2025-09-04 15:23:18.1804;0,00;0,00;0,00
LT-G0094;Belli Değil;Nuce Erlenmayer 500ml;Filter Flask, 500ml;0,00;428,08;2025-09-04 15:23:18.1805;0,00;0,00;0,00
LT-G0095;Belli Değil;Nuce Erlenmayer 1000ml;Filter Flask, 1000ml;0,00;521,14;2025-09-04 15:23:18.1806;0,00;0,00;0,00
LT-G0096;Belli Değil;Nuce Erlenmayer 2000ml;Filter Flask, 2000ml;0,00;850,65;2025-09-04 15:23:18.1807;0,00;0,00;0,00
LT-G0092;Belli Değil;Carsten-Röhrchen Flask;Carsten-Röhrchen Flask;0,00;;2025-09-04 15:23:18.1808;0,00;0,00;0,00
LT-G0425;Belli Değil;Balon Joje, 5  ml;Volumetric Flask, 5  ml;0,00;149,32;2025-09-04 15:23:18.1809;0,00;0,00;0,00
LT-G0426;Belli Değil;Balon Joje,  10 ml;Volumetric Flask, 10 ml;0,00;167,51;2025-09-04 15:23:18.1810;0,00;0,00;0,00
LT-G0427;Belli Değil;Balon Joje,  25 ml;Volumetric Flask, 25 ml;0,00;180,62;2025-09-04 15:23:18.1811;0,00;0,00;0,00
LT-G0428;Belli Değil;Balon Joje,  50 ml;Volumetric Flask, 50 ml;0,00;186,97;2025-09-04 15:23:18.1812;0,00;0,00;0,00
LT-G0429;Belli Değil;Balon Joje,  100 ml;Volumetric Flask, 100 ml;0,00;194,16;2025-09-04 15:23:18.1813;0,00;0,00;0,00
LT-G0430;Belli Değil;Balon Joje,  250 ml;Volumetric Flask, 250 ml;0,00;277,49;2025-09-04 15:23:18.1814;0,00;0,00;0,00
LT-G0431;Belli Değil;Balon Joje,  500 ml;Volumetric Flask, 500 ml;0,00;329,09;2025-09-04 15:23:18.1815;0,00;0,00;0,00
LT-G0432;Belli Değil;Balon Joje,  1000 ml;Volumetric Flask, 1000 ml;0,00;579,09;2025-09-04 15:23:18.1816;0,00;0,00;0,00
LT-G0433;Belli Değil;Balon Joje,  2000 ml;Volumetric Flask, 2000 ml;0,00;893,80;2025-09-04 15:23:18.1817;0,00;0,00;0,00
LT-G0434;Belli Değil;Balon Joje,  3000 ml;Volumetric Flask, 3000 ml;0,00;1505,88;2025-09-04 15:23:18.1818;0,00;0,00;0,00
LT-G0435;Belli Değil;Balon Joje,  5000 ml;Volumetric Flask, 5000 ml;0,00;5917,77;2025-09-04 15:23:18.1819;0,00;0,00;0,00
LT-G0440;Belli Değil;Derecelendirilmiş Test Şişeleri, Cam, 250 ml;Graduated Impurities Test Bottle, Glass 250 ml;0,00;;2025-09-04 15:23:18.1820;0,00;0,00;0,00
LT-G0441;Belli Değil;Derecelendirilmiş Test Şişeleri, Cam, 500 ml;Graduated Impurities Test Bottle, Glass 500 ml;0,00;;2025-09-04 15:23:18.1821;0,00;0,00;0,00
LT-G0442;Belli Değil;Derecelendirilmiş Test Şişeleri, Cam, 1000 ml;Graduated Impurities Test Bottle, Glass 1000 ml;0,00;;2025-09-04 15:23:18.1822;0,00;0,00;0,00
LT-G0443;Belli Değil;Derecelendirilmiş Test Şişeleri, Cam, 2000 ml;Graduated Impurities Test Bottle, Glass 2000 ml;0,00;;2025-09-04 15:23:18.1823;0,00;0,00;0,00
LT-G0445;Belli Değil;"Cam Huni; kısa saplı. 40 mm";"Glass Funnel; 40 mm";0,00;53,30;2025-09-04 15:23:18.1824;0,00;0,00;0,00
LT-G0446;Belli Değil;"Cam Huni; kısa saplı. 60 mm ";"Glass Funnel; 60 mm";0,00;80,79;2025-09-04 15:23:18.1825;0,00;0,00;0,00
LT-G0447;Belli Değil;"Cam Huni; kısa saplı. 75 mm";"Glass Funnel; 75 mm";0,00;95,18;2025-09-04 15:23:18.1826;0,00;0,00;0,00
LT-G0448;Belli Değil;"Cam Huni; kısa saplı. 100 mm";"Glass Funnel; 100 mm";0,00;108,71;2025-09-04 15:23:18.1827;0,00;0,00;0,00
LT-G0449;Belli Değil;"Cam Huni; kısa saplı. 120 mm";"Glass Funnel; 120 mm";0,00;201,77;2025-09-04 15:23:18.1828;0,00;0,00;0,00
LT-G0450;Belli Değil;"Cam Huni; kısa saplı. 200 mm";"Glass Funnel; 200 mm";0,00;1692,85;2025-09-04 15:23:18.1829;0,00;0,00;0,00
LT-G0455;Belli Değil;"Saat Camı; 70 mm";Watch Glass, 70 mm;0,00;34,26;2025-09-04 15:23:18.1830;0,00;0,00;0,00
LT-G0456;Belli Değil;"Saat Camı; 100 mm";Watch Glass, 100 mm;0,00;80,79;2025-09-04 15:23:18.1831;0,00;0,00;0,00
LT-G0457;Belli Değil;"Saat Camı; 120 mm";Watch Glass, 120 mm;0,00;123,52;2025-09-04 15:23:18.1832;0,00;0,00;0,00
LT-G0458;Belli Değil;"Saat Camı; 150 mm";Watch Glass, 150 mm;0,00;137,05;2025-09-04 15:23:18.1833;0,00;0,00;0,00
LT-G0460;Belli Değil;Petri Kutusu, Cam, 100 mm;Petri Dish, 100 mm;0,00;83,75;2025-09-04 15:23:18.1834;0,00;0,00;0,00
LT-G0461;Belli Değil;Petri Kutusu, Cam, 120 mm;Petri Dish, 120 mm;0,00;133,67;2025-09-04 15:23:18.1835;0,00;0,00;0,00
LT-G0465;Belli Değil;Pipet, 1 ml;Pipette 1 ml;0,00;50,76;2025-09-04 15:23:18.1836;0,00;0,00;0,00
LT-G0466;Belli Değil;Pipet, 2 ml;Pipette 2 ml;0,00;50,76;2025-09-04 15:23:18.1837;0,00;0,00;0,00
LT-G0467;Belli Değil;Pipet, 5 ml;Pipette 5 ml;0,00;56,26;2025-09-04 15:23:18.1838;0,00;0,00;0,00
LT-G0468;Belli Değil;Pipet, 10 ml;Pipette 10 ml;0,00;59,22;2025-09-04 15:23:18.1839;0,00;0,00;0,00
LT-G0469;Belli Değil;Pipet, 25 ml;Pipette 25 ml;0,00;101,52;2025-09-04 15:23:18.1840;0,00;0,00;0,00
LT-G0464;Belli Değil;Pipet,50 ml;Pipette 50 ml;0,00;;2025-09-04 15:23:18.1841;0,00;;
LT-G0470;Belli Değil;Pastör Pipeti, 150 ml, 1 paket= 250 adet;Pasteur Pipette, 150 mm. Pack of 250;0,00;835,43;2025-09-04 15:23:18.1842;0,00;0,00;0,00
LT-G0471;Belli Değil;Pastör Pipeti, 230 ml, 1 paket= 250 adet;Pasteur Pipette, 230 mm. Pack of 250;0,00;904,37;2025-09-04 15:23:18.1843;0,00;0,00;0,00
LT-G0540;Belli Değil;Cam Büret, 10 ml;Burette, 10 ml;0,00;336,29;2025-09-04 15:23:18.1844;0,00;0,00;0,00
LT-G0541;Belli Değil;Cam Büret, 25 ml;Burette, 25 ml;0,00;392,12;2025-09-04 15:23:18.1845;0,00;0,00;0,00
LT-G0542;Belli Değil;Cam Büret 50ml;Glass Burette 50ml;0,00;428,92;2025-09-04 15:23:18.1846;0,00;0,00;0,00
LT-G0543;Belli Değil;Cam Büret, 100 ml;Burette, 100 ml;0,00;546,52;2025-09-04 15:23:18.1847;0,00;0,00;0,00
LT-G0544;Belli Değil;Amber Büret, 10 ml;Amber Burette, 10 ml;0,00;1115,45;2025-09-04 15:23:18.1848;0,00;0,00;0,00
LT-G0545;Belli Değil;Amber Büret, 25 ml;Amber Burette, 25 ml;0,00;1393,36;2025-09-04 15:23:18.1849;0,00;0,00;0,00
LT-G0546;Belli Değil;Amber Büret, 50 ml;Amber Burette, 50 ml;0,00;1675,08;2025-09-04 15:23:18.1850;0,00;0,00;0,00
LT-G0547;Belli Değil;Otomatik Büret. Tek musluklu. 10 ml;Automatic Burette, Single Tap, 10 ml;0,00;3073,94;2025-09-04 15:23:18.1851;0,00;0,00;0,00
LT-G0548;Belli Değil;Otomatik Büret. Tek musluklu. 25 ml;Automatic Burette, Single Tap, 25 ml;0,00;3158,54;2025-09-04 15:23:18.1852;0,00;0,00;0,00
LT-G0549;Belli Değil;Otomatik Büret. Tek musluklu. 50 ml;Automatic Burette, Single Tap, 50 ml;0,00;3244,41;2025-09-04 15:23:18.1853;0,00;0,00;0,00
LT-G0550;Belli Değil;Otomatik Büret. Çift musluklu. 10 ml;Automatic Burette, Double Tap, 10 ml;0,00;3483,41;2025-09-04 15:23:18.1854;0,00;0,00;0,00
LT-G0551;Belli Değil;Otomatik Büret. Çift musluklu. 25 ml;Automatic Burette, Double Tap, 25 ml;0,00;3772,74;2025-09-04 15:23:18.1855;0,00;0,00;0,00
LT-G0552;Belli Değil;Otomatik Büret. Çift musluklu. 50 ml;Automatic Burette, Double Tap, 50 ml;0,00;3989,31;2025-09-04 15:23:18.1856;0,00;0,00;0,00
LT-G0553;Belli Değil;Otomatik Büret. Çift musluklu. 100 ml;Automatic Burette, Double Tap, 100 ml;0,00;5156,37;2025-09-04 15:23:18.1857;0,00;0,00;0,00
LT-G0554;Belli Değil;Otomatik Amber Büret. Çift musluklu. 10 ml;Automatic Amber Burette, Double Tap, 10 ml;0,00;4223,23;2025-09-04 15:23:18.1858;0,00;0,00;0,00
LT-G0555;Belli Değil;Otomatik Amber Büret. Çift musluklu. 25 ml;Automatic Amber Burette, Double Tap, 25 ml;0,00;4500,72;2025-09-04 15:23:18.1859;0,00;0,00;0,00
LT-G0556;Belli Değil;Otomatik Amber Büret. Çift musluklu. 50 ml;Automatic Amber Burette, Double Tap, 50 ml;0,00;5169,91;2025-09-04 15:23:18.1860;0,00;0,00;0,00
LT-G0557;Belli Değil;Amber Otomatik Büret Deposu. 2000 ml;Amber Automatic Burette Storage Bottle, 2000 ml;0,00;;2025-09-04 15:23:18.1861;0,00;0,00;0,00
LT-G0558;Belli Değil;Otomatik Büret Deposu. 2000 ml;Automatic Burette Storage Bottle, 2000 ml;0,00;;2025-09-04 15:23:18.1862;0,00;0,00;0,00
LT-G0452;Belli Değil;"Cam Baget; 6*200 mm";"Glass Stirring Rod; 6*200 mm";0,00;26,65;2025-09-04 15:23:18.1863;0,00;0,00;0,00
LT-G0453;Belli Değil;"Cam Baget; 8*250 mm";"Glass Stirring Rod; 8*250 mm";0,00;29,61;2025-09-04 15:23:18.1864;0,00;0,00;0,00
LT-G0097;Belli Değil;"Desikatör; 210 mm çapında";Non-Vacuum Dessicator Ø 210 mm;0,00;1956,80;2025-09-04 15:23:18.1865;0,00;0,00;0,00
LT-G0098;Belli Değil;"Desikatör; 240 mm çapında";Non-Vacuum Dessicator Ø 240 mm;0,00;2480,90;2025-09-04 15:23:18.1866;0,00;0,00;0,00
LT-G0099;Belli Değil;"Desikatör; 300 mm çapında";Non-Vacuum Dessicator Ø 300 mm;0,00;4197,85;2025-09-04 15:23:18.1867;0,00;0,00;0,00
LT-G0100;Belli Değil;"Desikatör; 210 mm çapında, vakum tip";Vaccum Dessicator. Ø 210 mm ;0,00;2672,94;2025-09-04 15:23:18.1868;0,00;0,00;0,00
LT-G0101;Belli Değil;"Desikatör; 240 mm çapında, vakum tip";VaccumDessicator, Ø 240 mm;0,00;3960,13;2025-09-04 15:23:18.1869;0,00;0,00;0,00
LT-G0102;Belli Değil;"Desikatör; 300 mm çapında, vakum tip";Vaccum Dessicator, Ø 300 mm;0,00;5295,54;2025-09-04 15:23:18.1870;0,00;0,00;0,00
LT-G0103;Belli Değil;Desikatör Kabini;Dessicator,Cabinet;0,00;;2025-09-04 15:23:18.1871;0,00;0,00;0,00
LT-G0670;Belli Değil;Dansimetre, 700-800;Hydrometer, 700-800;0,00;400,00;2025-09-04 15:23:18.1872;0,00;0,00;0,00
LT-G0671;Belli Değil;Dansimetre, 800-900;Hydrometer, 800-900;0,00;400,00;2025-09-04 15:23:18.1873;0,00;0,00;0,00
LT-G0672;Belli Değil;Dansimetre, 900-1000;Hydrometer, 900-1000;0,00;400,00;2025-09-04 15:23:18.1874;0,00;0,00;0,00
LT-G0673;Belli Değil;Dansimetre, 1000-1100;Hydrometer, 1000-1100;0,00;400,00;2025-09-04 15:23:18.1875;0,00;0,00;0,00
LT-G0674;Belli Değil;Dansimetre, 1100-1200;Hydrometer, 1100-1200;0,00;400,00;2025-09-04 15:23:18.1876;0,00;0,00;0,00
LT-G0675;Belli Değil;Dansimetre, 1200-1300;Hydrometer, 1200-1300;0,00;400,00;2025-09-04 15:23:18.1877;0,00;0,00;0,00
LT-G0676;Belli Değil;Dansimetre, 1300-1400;Hydrometer, 1300-1400;0,00;400,00;2025-09-04 15:23:18.1878;0,00;0,00;0,00
LT-G0677;Belli Değil;Dansimetre, 1400-1500;Hydrometer, 1400-1500;0,00;400,00;2025-09-04 15:23:18.1879;0,00;0,00;0,00
LT-G0678;Belli Değil;Dansimetre, 1500-1600;Hydrometer, 1500-1600;0,00;400,00;2025-09-04 15:23:18.1880;0,00;0,00;0,00
LT-G0679;Belli Değil;Dansimetre, 1600-1700;Hydrometer, 1600-1700;0,00;400,00;2025-09-04 15:23:18.1881;0,00;0,00;0,00
LT-G0680;Belli Değil;Dansimetre, 1700-1800;Hydrometer, 1700-1800;0,00;400,00;2025-09-04 15:23:18.1882;0,00;0,00;0,00
LT-G0681;Belli Değil;Dansimetre, 1800-1900;Hydrometer, 1800-1900;0,00;400,00;2025-09-04 15:23:18.1883;0,00;0,00;0,00
LT-G0682;Belli Değil;Dansimetre, 1900-2000;Hydrometer, 1900-2000;0,00;400,00;2025-09-04 15:23:18.1884;0,00;0,00;0,00
LT-G0560;Belli Değil;Plastik Mezür, 10 ml;Plastic Measuring Cylinder, 10 ml;0,00;58,37;2025-09-04 15:23:18.1885;0,00;0,00;0,00
LT-G0561;Belli Değil;Plastik Mezür, 25 ml;Plastic Measuring Cylinder, 25 ml;0,00;64,30;2025-09-04 15:23:18.1886;0,00;0,00;0,00
LT-G0562;Belli Değil;Plastik Mezür, 50 ml;Plastic Measuring Cylinder, 50 ml;0,00;72,33;2025-09-04 15:23:18.1887;0,00;0,00;0,00
LT-G0563;Belli Değil;Plastik Mezür, 100 ml;Plastic Measuring Cylinder, 100 ml;0,00;91,37;2025-09-04 15:23:18.1888;0,00;0,00;0,00
LT-G0564;Belli Değil;Plastik Mezür, 250 ml;Plastic Measuring Cylinder, 250 ml;0,00;178,51;2025-09-04 15:23:18.1889;0,00;0,00;0,00
LT-G0565;Belli Değil;Plastik Mezür, 500 ml;Plastic Measuring Cylinder, 500 ml;0,00;332,48;2025-09-04 15:23:18.1890;0,00;0,00;0,00
LT-G0566;Belli Değil;Plastik Mezür, 1000 ml;Plastic Measuring Cylinder, 1000 ml;0,00;371,39;2025-09-04 15:23:18.1891;0,00;0,00;0,00
LT-G0567;Belli Değil;Plastik Mezür, 2000 ml;Plastic Measuring Cylinder, 2000 ml;0,00;1217,82;2025-09-04 15:23:18.1892;0,00;0,00;0,00
LT-G0630;Belli Değil;Piset, 100 ml;Wash Bottle, 100 ml;0,00;95,18;2025-09-04 15:23:18.1893;0,00;0,00;0,00
LT-G0631;Belli Değil;Piset, 250 ml;Wash Bottle, 250 ml;0,00;107,02;2025-09-04 15:23:18.1894;0,00;0,00;0,00
LT-G0632;Belli Değil;Piset, 500 ml;Wash Bottle, 500 ml;0,00;183,58;2025-09-04 15:23:18.1895;0,00;0,00;0,00
LT-G0633;Belli Değil;Piset, 1000 ml;Wash Bottle, 1000 ml;0,00;313,02;2025-09-04 15:23:18.1896;0,00;0,00;0,00
LT-G0509;Belli Değil;Plastik Beher, 25 ml;Plastic Beaker, 25 ml;0,00;13,54;2025-09-04 15:23:18.1897;0,00;0,00;0,00
LT-G0510;Belli Değil;Plastik Beher, 50 ml;Plastic Beaker, 50 ml;0,00;23,27;2025-09-04 15:23:18.1898;0,00;0,00;0,00
LT-G0511;Belli Değil;Plastik Beher, 100 ml;Plastic Beaker, 100 ml;0,00;27,07;2025-09-04 15:23:18.1899;0,00;0,00;0,00
LT-G0512;Belli Değil;Plastik Beher, 250 ml;Plastic Beaker, 250 ml;0,00;49,49;2025-09-04 15:23:18.1900;0,00;0,00;0,00
LT-G0513;Belli Değil;Plastik Beher, 500 ml;Plastic Beaker, 500 ml;0,00;64,30;2025-09-04 15:23:18.1901;0,00;0,00;0,00
LT-G0514;Belli Değil;Plastik Beher, 1000 ml;Plastic Beaker, 1000 ml;0,00;111,67;2025-09-04 15:23:18.1902;0,00;0,00;0,00
LT-G0515;Belli Değil;Plastik Beher, 2000 ml;Plastic Beaker, 2000 ml;0,00;329,09;2025-09-04 15:23:18.1903;0,00;0,00;0,00
LT-G0520;Belli Değil;Plastik Beher, Kulplu, 250 ml;Plastic Beaker, Handled,  250 ml;0,00;121,82;2025-09-04 15:23:18.1904;0,00;0,00;0,00
LT-G0521;Belli Değil;Plastik Beher, Kulplu, 500 ml;Plastic Beaker, Handled,  500 ml;0,00;165,39;2025-09-04 15:23:18.1905;0,00;0,00;0,00
LT-G0522;Belli Değil;Plastik Beher, Kulplu, 1000 ml;Plastic Beaker, Handled,  1000 ml;0,00;239,42;2025-09-04 15:23:18.1906;0,00;0,00;0,00
LT-G0523;Belli Değil;Plastik Beher, Kulplu, 2000 ml;Plastic Beaker, Handled,  2000 ml;0,00;409,46;2025-09-04 15:23:18.1907;0,00;0,00;0,00
LT-G0524;Belli Değil;Plastik Beher, Kulplu, 3000 ml;Plastic Beaker, Handled,  3000 ml;0,00;752,09;2025-09-04 15:23:18.1908;0,00;0,00;0,00
LT-G0525;Belli Değil;Plastik Beher, Kulplu, 5000 ml;Plastic Beaker, Handled,  5000 ml;0,00;910,30;2025-09-04 15:23:18.1909;0,00;0,00;0,00
LT-G0570;Belli Değil;Plastik Balon Joje, 25ml;Plastic Volumetric Flask, 25 ml;0,00;105,33;2025-09-04 15:23:18.1910;0,00;0,00;0,00
LT-G0571;Belli Değil;Plastik Balon Joje, 50ml;Plastic Volumetric Flask, 50 ml;0,00;127,75;2025-09-04 15:23:18.1911;0,00;0,00;0,00
LT-G0572;Belli Değil;Plastik Balon Joje, 100ml;Plastic Volumetric Flask, 100 ml;0,00;159,47;2025-09-04 15:23:18.1912;0,00;0,00;0,00
LT-G0573;Belli Değil;Plastik Balon Joje, 250ml;Plastic Volumetric Flask, 250 ml;0,00;192,47;2025-09-04 15:23:18.1913;0,00;0,00;0,00
LT-G0574;Belli Değil;Plastik Balon Joje, 500ml;Plastic Volumetric Flask, 500 ml;0,00;256,34;2025-09-04 15:23:18.1914;0,00;0,00;0,00
LT-G0575;Belli Değil;Plastik Balon Joje, 1000ml;Plastic Volumetric Flask, 1000 ml;0,00;382,39;2025-09-04 15:23:18.1915;0,00;0,00;0,00
LT-G0126;Belli Değil;Plastik Huni, 50 mm;Plastic Funnel, 50 mm;0,00;33,42;2025-09-04 15:23:18.1916;0,00;0,00;0,00
LT-G0127;Belli Değil;Plastik Huni, 70 mm;Plastic Funnel, 70 mm;0,00;49,49;2025-09-04 15:23:18.1917;0,00;0,00;0,00
LT-G0128;Belli Değil;Plastik Huni, 90 mm;Plastic Funnel, 90 mm;0,00;79,52;2025-09-04 15:23:18.1918;0,00;0,00;0,00
LT-G0129;Belli Değil;Plastik Huni, 100 mm;Plastic Funnel, 100 mm;0,00;96,02;2025-09-04 15:23:18.1919;0,00;0,00;0,00
LT-G0130;Belli Değil;Plastik Huni, 120 mm;Plastic Funnel, 120 mm;0,00;96,02;2025-09-04 15:23:18.1920;0,00;0,00;0,00
LT-G0131;Belli Değil;Plastik Huni, 150 mm;Plastic Funnel, 150 mm;0,00;115,92;2025-09-04 15:23:18.1921;0,00;0,00;0,00
LT-G0635;Belli Değil;Su Kovası, 25 lt;Plastic Bucket, 25 lt;0,00;;2025-09-04 15:23:18.1922;0,00;0,00;0,00
LT-G0636;Belli Değil;Su Kovası, 35 lt;Plastic Bucket, 35 lt;0,00;;2025-09-04 15:23:18.1923;0,00;0,00;0,00
LT-G0637;Belli Değil;Su Kovası, 50 lt;Plastic Bucket, 50 lt;0,00;;2025-09-04 15:23:18.1924;0,00;0,00;0,00
LT-G0638;Belli Değil;Su Kovası, 70 lt;Plastic Bucket, 70 lt;0,00;;2025-09-04 15:23:18.1925;0,00;0,00;0,00
LT-G0645;Belli Değil;Numune Torbası, Şeffaf, Ağzı kilitli, 17x23 cm, 1 paket= 300 adet;Sample Zip Lock Bag, Pack of 300, 17x23 cm;0,00;;2025-09-04 15:23:18.1926;0,00;0,00;0,00
LT-G0646;Belli Değil;Numune Torbası, Şeffaf, Ağzı kilitli, 19x25 cm, 1 paket= 300 adet;Sample Zip Lock Bag, Pack of 300, 19x25 cm;0,00;;2025-09-04 15:23:18.1927;0,00;0,00;0,00
LT-G0647;Belli Değil;Numune Torbası, Şeffaf, Ağzı kilitli, 21x27 cm, 1 paket= 300 adet;Sample Zip Lock Bag, Pack of 300, 21x27 cm;0,00;;2025-09-04 15:23:18.1928;0,00;0,00;0,00
LT-G0648;Belli Değil;Numune Torbası, Şeffaf, Ağzı kilitli, 23x31 cm, 1 paket= 300 adet;Sample Zip Lock Bag, Pack of 300, 23x31 cm;0,00;;2025-09-04 15:23:18.1929;0,00;0,00;0,00
LT-G0649;Belli Değil;Numune Torbası, Şeffaf, Ağzı kilitli, 26x35 cm, 1 paket= 200 adet;Sample Zip Lock Bag, Pack of 200, 26x35 cm;0,00;;2025-09-04 15:23:18.1930;0,00;0,00;0,00
LT-G0650;Belli Değil;Numune Torbası, Branda Bezi, Ağzı ip büzgülü, 25x40 cm;Sample Bag. Canvas, 25x40 cm;0,00;;2025-09-04 15:23:18.1931;0,00;0,00;0,00
LT-G0651;Belli Değil;Numune Torbası, Branda Bezi, Ağzı ip büzgülü, 40x80 cm;Sample Bag. Canvas, 40x80 cm;0,00;;2025-09-04 15:23:18.1932;0,00;0,00;0,00
LT-G0652;Belli Değil;Numune Torbası, Branda Bezi, Ağzı ip büzgülü, 50x80 cm;Sample Bag. Canvas, 50x80 cm;0,00;;2025-09-04 15:23:18.1933;0,00;0,00;0,00
LT-G0654;Belli Değil;Numune Torbası, Branda Bezi, Ağzı ip büzgülü, 60x40 cm;Sample Bag. Canvas, 60x40 cm;0,00;;2025-09-04 15:23:18.1934;0,00;0,00;0,00
LT-G0653;Belli Değil;Numune Torbası, Branda Bezi, Ağzı ip büzgülü, 50x100 cm;Sample Bag. Canvas, 50x100 cm;0,00;;2025-09-04 15:23:18.1935;0,00;0,00;0,00
LT-G0685;Belli Değil;Plastik Pastör Pipeti, 3 ml, 1 paket= 500 adet;Plastic Pasteur Pipette, 3 ml, Pack of 500;0,00;761,82;2025-09-04 15:23:18.1936;0,00;0,00;0,00
LT-G0686;Belli Değil;Pipet/Büret için El Pompası (Tek Yollu Puar);Hand Pump for Pipette/Burette;0,00;225,46;2025-09-04 15:23:18.1937;0,00;0,00;0,00
LT-G0687;Belli Değil;Pipet/Büret için El Pompası (Üç Yollu Puar);Hand Pump, Three-Way for Pipette/Burette;0,00;299,91;2025-09-04 15:23:18.1938;0,00;0,00;0,00
LT-G0688;Belli Değil;Pipet Pompası, 2 ml (Mavi), 10 ml (Yeşil), 25 ml (Kırmızı);Pipet Pump, 2 ml (Blue), 10 ml(Green), 25 ml (Red);0,00;343,48;2025-09-04 15:23:18.1939;0,00;0,00;0,00
LT-G0765;Belli Değil;Porselen Havan ve Tokmak, Ø 80 mm ;Porcelain Mortar with Pestle, Ø 80 mm;0,00;181,47;2025-09-04 15:23:18.1940;0,00;0,00;0,00
LT-G0766;Belli Değil;Porselen Havan ve Tokmak, Ø 100 mm ;Porcelain Mortar with Pestle, Ø 100 mm;0,00;195,85;2025-09-04 15:23:18.1941;0,00;0,00;0,00
LT-G0767;Belli Değil;Porselen Havan ve Tokmak, Ø 130 mm ;Porcelain Mortar with Pestle, Ø 130 mm;0,00;280,87;2025-09-04 15:23:18.1942;0,00;0,00;0,00
LT-G0768;Belli Değil;Porselen Havan ve Tokmak, Ø 160 mm ;Porcelain Mortar with Pestle, Ø 160 mm;0,00;464,03;2025-09-04 15:23:18.1943;0,00;0,00;0,00
LT-G0769;Belli Değil;Porselen Havan ve Tokmak, Ø 190 mm ;Porcelain Mortar with Pestle, Ø 190 mm;0,00;957,67;2025-09-04 15:23:18.1944;0,00;0,00;0,00
LT-G0757;Belli Değil;Porselen Pota, Ø 50 mm;Porcelain Evaporating Dish, Ø 50 mm;0,00;81,22;2025-09-04 15:23:18.1945;0,00;0,00;0,00
LT-G0758;Belli Değil;Porselen Pota, Ø 70 mm;Porcelain Evaporating Dish, Ø 70 mm;0,00;81,22;2025-09-04 15:23:18.1946;0,00;0,00;0,00
LT-G0759;Belli Değil;Porselen Pota, Ø 80 mm;Porcelain Evaporating Dish, Ø 80 mm;0,00;90,95;2025-09-04 15:23:18.1947;0,00;0,00;0,00
LT-G0760;Belli Değil;Porselen Pota, Ø 100 mm;Porcelain Evaporating Dish, Ø 100 mm;0,00;128,17;2025-09-04 15:23:18.1948;0,00;0,00;0,00
LT-G0761;Belli Değil;Porselen Pota, Ø 120 mm;Porcelain Evaporating Dish, Ø 120 mm;0,00;212,35;2025-09-04 15:23:18.1949;0,00;0,00;0,00
LT-G0775;Belli Değil;Porselen Kroze, 25 ml;Porcelain Crucible, 15 ml;0,00;308,79;2025-09-04 15:23:18.1950;0,00;0,00;0,00
LT-G0776;Belli Değil;Porselen Kroze, 30 ml;Porcelain Crucible, 30 ml;0,00;387,05;2025-09-04 15:23:18.1951;0,00;0,00;0,00
LT-G0777;Belli Değil;Porselen Kroze, 45 ml;Porcelain Crucible, 40 ml;0,00;923,41;2025-09-04 15:23:18.1952;0,00;0,00;0,00
LT-G0780;Belli Değil;Porselen Buchner Hunisi, 100 ml;Porcelain Buchner Funnel, 100 mm;0,00;494,91;2025-09-04 15:23:18.1953;0,00;0,00;0,00
LT-G0781;Belli Değil;Porselen Buchner Hunisi, 120 ml;Porcelain Buchner Funnel, 120 mm;0,00;505,06;2025-09-04 15:23:18.1954;0,00;0,00;0,00
LT-G0185;Belli Değil;Dijital Termometre, -50 + 300 °C  10 cm;Digital Thermometer, -50 + 300°C 10 cm Prob;0,00;110,00;2025-09-04 15:23:18.1955;0,00;15,00;0,00
LT-G0186;Belli Değil;Dijital Termometre, -50 + 300 °C 31 Cm ;Digital Thermometer, -50 + 300°C 31 cm Prob;;;2025-09-04 15:23:18.1956;;;
LT-G0187;Belli Değil;"Dijital, kablolu, Max-Min Termometre, -50 + 70 °C
Ölçüm kablosu : 50 cm, Pil : 1 adet 1.5V AAA";Digital Max-Min Thermometer with cable, -50 +70°C;0,00;250,00;2025-09-04 15:23:18.1957;0,00;0,00;0,00
LT-G0188;Belli Değil;Dijital, kablolu Max-Min Termo-Higrometre, -50 + 70 °C;Digital Max-Min Thermo-Hygrometer with cable, -50 +70°C;0,00;250,00;2025-09-04 15:23:18.1958;0,00;0,00;0,00
LT-G0189;Belli Değil;Dijital Infrared (Lazer) Termometre, -50 + 380 °C;Digital Infrared (Laser) Thermometer, -50°C + 380°C;0,00;500,00;2025-09-04 15:23:18.1959;0,00;0,00;0,00
LT-G0197;Belli Değil;Manuel Higrometre. % 20 - % 100 ;Manuel Hygrometer, %20 - %100;0,00;;2025-09-04 15:23:18.1960;0,00;0,00;0,00
LT-G0198;Belli Değil;Mekanik Barometre, 940...1060 mb, Ø 100 mm;Mechanical Barometer, 940...1060 mb, Ø 100 mm;0,00;;2025-09-04 15:23:18.1961;0,00;0,00;0,00
LT-G0182;Belli Değil;Cam Termometre, Max. 110 °C;Glass Thermometer, Max. 110°C;0,00;88,00;2025-09-04 15:23:18.1962;0,00;0,00;0,00
LT-G0183;Belli Değil;Cam Termometre, Max. 360 °C;Glass Thermometer, Max. 360°C;0,00;137,00;2025-09-04 15:23:18.1963;0,00;0,00;0,00
LT-G0191;Belli Değil;Dijital Kronometre;Digital Stop Watch;0,00;300,00;2025-09-04 15:23:18.1964;0,00;0,00;0,00
LT-G0192;Belli Değil;Hesap Makinası;Calculator;0,00;200,00;2025-09-04 15:23:18.1965;0,00;0,00;0,00
LT-G0320;Belli Değil;Mekanik Kumpas, 150 mm;Caliper, 150 mm;0,00;650,00;2025-09-04 15:23:18.1966;0,00;0,00;0,00
LT-G0321;Belli Değil;Mekanik Kumpas, 300 mm;Caliper, 300 mm;0,00;950,00;2025-09-04 15:23:18.1967;0,00;0,00;0,00
LT-G0322;Belli Değil;Mekanik Kumpas, 500 mm;Caliper, 500 mm;0,00;1750,00;2025-09-04 15:23:18.1968;0,00;0,00;0,00
LT-G0323;Belli Değil;Mekanik Kumpas, 600 mm;Caliper, 600 mm;0,00;1450,00;2025-09-04 15:23:18.1969;0,00;0,00;0,00
LT-G0324;Belli Değil;Mekanik Kumpas, 1000 mm;Caliper, 1000 mm;0,00;4150,00;2025-09-04 15:23:18.1970;0,00;0,00;0,00
LT-G0325;Belli Değil;Dijital Kumpas, 150 mm;Digital Caliper, 150 mm;0,00;700,00;2025-09-04 15:23:18.1971;0,00;0,00;0,00
LT-G0326;Belli Değil;Dijital Kumpas, 200 mm;Digital Caliper, 200 mm;0,00;850,00;2025-09-04 15:23:18.1972;0,00;0,00;0,00
LT-G0327;Belli Değil;Dijital Kumpas, 300 mm;Digital Caliper, 300 mm;0,00;1700,00;2025-09-04 15:23:18.1973;0,00;0,00;0,00
LT-G0328;Belli Değil;Dijital Kumpas, 500 mm;Digital Caliper, 500 mm;0,00;3500,00;2025-09-04 15:23:18.1974;0,00;0,00;0,00
LT-G0694;Belli Değil;Nitril Eldiven 1 paket=100 adet;Nitril Gloves. Pack of 100;;;2025-09-04 15:23:18.1975;;;
LT-G0695;Belli Değil;Lateks Eldiven, 1 paket= 100 adet;Latex Gloves, Pack of 100;0,00;100,00;2025-09-04 15:23:18.1976;0,00;0,00;0,00
LT-G0696;Belli Değil;Amyant Eldiven;Heat Resistant Gloves;0,00;300,00;2025-09-04 15:23:18.1977;0,00;0,00;0,00
LT-G0697;Belli Değil;Deri Eldiven;Leather Gloves;0,00;;2025-09-04 15:23:18.1978;0,00;0,00;0,00
LT-G0698;Belli Değil;Nitril Kaplama Pamuk Eldiven;Cotton Gloves;0,00;;2025-09-04 15:23:18.1979;0,00;0,00;0,00
LT-G0699;Belli Değil;Lastik Eldiven ;Rubber Gloves ;0,00;;2025-09-04 15:23:18.1980;0,00;0,00;0,00
LT-G0700;Belli Değil;İşçi Eldiveni, Sarı, Nitril;Nitrile Gloves ;0,00;;2025-09-04 15:23:18.1981;0,00;0,00;0,00
LT-G0300;Belli Değil;Kıl Fırça, No.1;Bristle brush No.1;0,00;;2025-09-04 15:23:18.1982;0,00;0,00;0,00
LT-G0301;Belli Değil;Kıl Fırça, No.1,5;Bristle brush No.1,5;0,00;;2025-09-04 15:23:18.1983;0,00;0,00;0,00
LT-G0302;Belli Değil;Kıl Fırça, No.2;Bristle brush No.2;0,00;;2025-09-04 15:23:18.1984;0,00;0,00;0,00
LT-G0303;Belli Değil;Kıl Fırça, No.2,5;Bristle brush No.2,5;0,00;;2025-09-04 15:23:18.1985;0,00;0,00;0,00
LT-G0304;Belli Değil;Kıl Fırça, No.3;Bristle brush No.3;0,00;;2025-09-04 15:23:18.1986;0,00;0,00;0,00
LT-G0305;Belli Değil;Kıl Fırça, No.4;Bristle brush No.4;0,00;;2025-09-04 15:23:18.1987;0,00;0,00;0,00
LT-G0306;Belli Değil;Tel Fırça, Saplı;Wire brush with handle;0,00;;2025-09-04 15:23:18.1988;0,00;0,00;0,00
LT-G0850;Belli Değil;Karıştırma Kabı, Paslanmaz Çelik, Ø 160 mm ;Mixing Bowl, Stainless Steel, Ø 160 mm;0,00;;2025-09-04 15:23:18.1989;0,00;0,00;0,00
LT-G0851;Belli Değil;Karıştırma Kabı, Paslanmaz Çelik, Ø 180 mm ;Mixing Bowl, Stainless Steel, Ø 180 mm;0,00;;2025-09-04 15:23:18.1990;0,00;0,00;0,00
LT-G0852;Belli Değil;Karıştırma Kabı, Paslanmaz Çelik, Ø 200 mm ;Mixing Bowl, Stainless Steel, Ø 200 mm;0,00;;2025-09-04 15:23:18.1991;0,00;0,00;0,00
LT-G0809;Belli Değil;Şerit Metre, 3 metre;Steel Tape, 3 m;0,00;;2025-09-04 15:23:18.1992;0,00;0,00;0,00
LT-G0810;Belli Değil;Şerit Metre, 5 metre;Steel Tape, 5 m;0,00;;2025-09-04 15:23:18.1993;0,00;0,00;0,00
LT-G0813;Belli Değil;Mikrometre, Analog, 0-25 x  0,01 mm;Micrometer, Analog, 0-25 x 0,01 mm;0,00;;2025-09-04 15:23:18.1994;0,00;0,00;0,00
LT-G0811;Belli Değil;Mikrometre, Analog, 25-50 x  0,01 mm;Micrometer, Analog, 25-50 x 0,01 mm;0,00;600,00;2025-09-04 15:23:18.1995;0,00;0,00;0,00
LT-G0815;Belli Değil;"Mikrometre, Dijital, 0-25 mm 
MICROMAR 40 EWR Koruma Sınıfı mevcuttur.";"Micrometer, Digital, 0-25 mm 
MICROMAR 40 EWR Protection Class";0,00;;2025-09-04 15:23:18.1996;0,00;0,00;0,00
LT-G0812;Belli Değil;"Sentil Takımı. 20 parça                                                           
0,05-1,00 arası / 0,05 mm atlamalı.";Feeler gauge. 20 pieces. 0,05 to 1,00 / 0,05 mm Interval;0,00;90,00;2025-09-04 15:23:18.1997;0,00;0,00;0,00
LT-G0174;Belli Değil;Çelik Cetvel, 150 mm;Steel Ruler, 150 mm;0,00;85,00;2025-09-04 15:23:18.1998;0,00;0,00;0,00
LT-G0175;Belli Değil;Çelik Cetvel, 300 mm;Steel Ruler, 300 mm;0,00;100,00;2025-09-04 15:23:18.1999;0,00;0,00;0,00
LT-G0176;Belli Değil;Çelik Cetvel, 500 mm;Steel Ruler, 500 mm;0,00;200,00;2025-09-04 15:23:18.2000;0,00;0,00;0,00
LT-G0177;Belli Değil;Çelik Cetvel, 1000 mm;Steel Ruler, 1000 mm;0,00;400,00;2025-09-04 15:23:18.2001;0,00;0,00;0,00
LT-G0816;Belli Değil;Kıl Mastar, Paslanmaz Çelik, 75 mm;Precision Knife Straight Edge, Stainless Steel, 75 mm;0,00;769,86;2025-09-04 15:23:18.2002;0,00;0,00;0,00
LT-G0817;Belli Değil;Kıl Mastar, Paslanmaz Çelik, 100 mm;Precision Knife Straight Edge, Stainless Steel, 100 mm;0,00;907,34;2025-09-04 15:23:18.2003;0,00;0,00;0,00
LT-G0818;Belli Değil;Kıl Mastar, Paslanmaz Çelik, 150 mm;Precision Knife Straight Edge, Stainless Steel, 150 mm;0,00;1044,81;2025-09-04 15:23:18.2004;0,00;0,00;0,00
LT-G0819;Belli Değil;Kıl Mastar, Paslanmaz Çelik, 200 mm;Precision Knife Straight Edge, Stainless Steel, 200 mm;0,00;1264,77;2025-09-04 15:23:18.2005;0,00;0,00;0,00
LT-G0820;Belli Değil;Kıl Mastar, Paslanmaz Çelik, 250 mm;Precision Knife Straight Edge, Stainless Steel, 250 mm;0,00;1869,66;2025-09-04 15:23:18.2006;0,00;0,00;0,00
LT-G0821;Belli Değil;Kıl Gönye, 50x40 mm;Square Knife Edges, 50x40 mm;0,00;522,41;2025-09-04 15:23:18.2007;0,00;0,00;0,00
LT-G0822;Belli Değil;Kıl Gönye, 75x50 mm;Square Knife Edges, 75x50 mm;0,00;659,88;2025-09-04 15:23:18.2008;0,00;0,00;0,00
LT-G0823;Belli Değil;Kıl Gönye, 100x70 mm;Square Knife Edges, 100x70 mm;0,00;742,37;2025-09-04 15:23:18.2009;0,00;0,00;0,00
LT-G0824;Belli Değil;Kıl Gönye, 150x100 mm;Square Knife Edges, 150x100 mm;0,00;1182,29;2025-09-04 15:23:18.2010;0,00;0,00;0,00
LT-G0825;Belli Değil;Kıl Gönye, 200x130 mm;Square Knife Edges, 200x130 mm;0,00;1429,74;2025-09-04 15:23:18.2011;0,00;0,00;0,00
LT-G0826;Belli Değil;Şapkalı Gönye, 100x70 mm;Square with Base, 100x70 mm;0,00;357,44;2025-09-04 15:23:18.2012;0,00;0,00;0,00
LT-G0827;Belli Değil;Şapkalı Gönye, 150x100 mm;Square with Base, 150x100 mm;0,00;549,90;2025-09-04 15:23:18.2013;0,00;0,00;0,00
LT-G0828;Belli Değil;Şapkalı Gönye, 200x130 mm;Square with Base, 200x130 mm;0,00;687,38;2025-09-04 15:23:18.2014;0,00;0,00;0,00
LT-G0829;Belli Değil;Şapkalı Gönye, 250x165 mm;Square with Base, 250x165 mm;0,00;934,83;2025-09-04 15:23:18.2015;0,00;0,00;0,00
LT-G0830;Belli Değil;Şapkalı Gönye, 300x175 mm;Square with Base, 300x175 mm;0,00;1099,80;2025-09-04 15:23:18.2016;0,00;0,00;0,00
LT-G0831;Belli Değil;Şapkalı Gönye, 400x200 mm;Square with Base, 400x200 mm;0,00;1869,66;2025-09-04 15:23:18.2017;0,00;0,00;0,00
LT-G0832;Belli Değil;Şapkalı Gönye, 500x250 mm;Square with Base, 500x250 mm;0,00;2392,07;2025-09-04 15:23:18.2018;0,00;0,00;0,00
LT-G0833;Belli Değil;Düz Gönye, 100x70 mm;Square Flat, 100x70 mm;0,00;219,96;2025-09-04 15:23:18.2019;0,00;0,00;0,00
LT-G0834;Belli Değil;Düz Gönye, 150x100 mm;Square Flat, 150x100 mm;0,00;329,94;2025-09-04 15:23:18.2020;0,00;0,00;0,00
LT-G0835;Belli Değil;Düz Gönye, 200x130 mm;Square Flat, 200x130 mm;0,00;467,42;2025-09-04 15:23:18.2021;0,00;0,00;0,00
LT-G0836;Belli Değil;Düz Gönye, 250x165 mm;Square Flat, 250x165 mm;0,00;687,38;2025-09-04 15:23:18.2022;0,00;0,00;0,00
LT-G0837;Belli Değil;Düz Gönye, 300x175 mm;Square Flat, 300x175 mm;0,00;824,85;2025-09-04 15:23:18.2023;0,00;0,00;0,00
LT-G0838;Belli Değil;Düz Gönye, 400x200 mm;Square Flat, 400x200 mm;0,00;1539,72;2025-09-04 15:23:18.2024;0,00;0,00;0,00
LT-G0839;Belli Değil;Düz Gönye, 500x250 mm;Square Flat, 500x250 mm;0,00;2144,61;2025-09-04 15:23:18.2025;0,00;0,00;0,00
LT-G0840;Belli Değil;Gönye, 300x175 mm;Square, 300x175 mm;0,00;;2025-09-04 15:23:18.2026;0,00;0,00;0,00
LT-G0158;Belli Değil;Numune Kutusu, Kapaklı, Alüminyum, Ø: 150 x 170 mm;Moisture Tin with Cover, Aluminum, Ø: 150 x 170 mm;0,00;150,00;2025-09-04 15:23:18.2027;0,00;0,00;0,00
LT-G0157;Belli Değil;Numune Kutusu, Kapaklı, Alüminyum, Ø: 140 x 9,5 mm;Moisture Tin with Cover, Aluminum, Ø: 140 x 9,5 mm;0,00;145,00;2025-09-04 15:23:18.2028;0,00;0,00;0,00
LT-G0156;Belli Değil;Numune Kutusu, Kapaklı, Alüminyum, Ø: 120 x 120 mm;Moisture Tin with Cover, Aluminum, Ø: 120 x 120 mm;0,00;140,00;2025-09-04 15:23:18.2029;0,00;0,00;0,00
LT-G0155;Belli Değil;Numune Kutusu, Kapaklı, Alüminyum, Ø: 125 x 100 mm;Moisture Tin with Cover, Aluminum, Ø: 125 x 100 mm;0,00;135,00;2025-09-04 15:23:18.2030;0,00;0,00;0,00
LT-G0150;Belli Değil;Numune Kutusu, Kapaklı, Alüminyum, Ø: 105 x 100 mm;Moisture Tin with Cover, Aluminum, Ø: 105 x 100 mm;0,00;130,00;2025-09-04 15:23:18.2031;0,00;0,00;0,00
LT-G0149;Belli Değil;Numune Kutusu, Kapaklı, Alüminyum, Ø: 100 x 70 mm;Moisture Tin with Cover, Aluminum, Ø: 100 x 70 mm;0,00;125,00;2025-09-04 15:23:18.2032;0,00;0,00;0,00
LT-G0148;Belli Değil;Numune Kutusu, Kapaklı, Alüminyum, Ø: 80 x 90 mm;Moisture Tin with Cover, Aluminum, Ø: 80 x 90 mm;0,00;100,00;2025-09-04 15:23:18.2033;0,00;0,00;0,00
LT-G0147;Belli Değil;Numune Kutusu, Kapaklı, Alüminyum, Ø: 80 x 45 mm;Moisture Tin with Cover, Aluminum, Ø: 80 x 45 mm;0,00;75,00;2025-09-04 15:23:18.2034;0,00;0,00;0,00
LT-G0151;Belli Değil;Numune Kutusu, Kapaklı, Alüminyum, Ø: 70 x 45 mm;Moisture Tin with Cover, Aluminum, Ø: 70 x 45 mm;0,00;50,00;2025-09-04 15:23:18.2035;0,00;0,00;0,00
LT-G0154;Belli Değil;Numune Kutusu, Kapaklı, Alüminyum, Ø: 60 x 60 mm;Moisture Tin with Cover, Aluminum, Ø: 60 x 60 mm;0,00;45,00;2025-09-04 15:23:18.2036;0,00;0,00;0,00
LT-G0152;Belli Değil;Numune Kutusu, Kapaklı, Alüminyum, Ø: 55 x 35 mm;Moisture Tin with Cover, Aluminum, Ø: 55 x 35 mm;0,00;40,00;2025-09-04 15:23:18.2037;0,00;0,00;0,00
LT-G0153;Belli Değil;Numune Kutusu, Kapaklı, Alüminyum, Ø: 45 x 10 mm;Moisture Tin with Cover, Aluminum, Ø: 45 x 10 mm;0,00;35,00;2025-09-04 15:23:18.2038;0,00;0,00;0,00
LT-G0140;Belli Değil;Laboratuvar Küreği, Küçük Boy;Round Aluminum Scoop, Small;0,00;100,00;2025-09-04 15:23:18.2039;0,00;12,00;12,00
LT-G0141;Belli Değil;Laboratuvar Küreği, Orta Boy;Round Aluminum Scoop, Medium;0,00;150,00;2025-09-04 15:23:18.2040;0,00;15,00;15,00
LT-G0142;Belli Değil;Laboratuvar Küreği, Büyük Boy;Round Aluminum Scoop, Large;0,00;200,00;2025-09-04 15:23:18.2041;0,00;17,00;16,00
LT-G0143;Belli Değil;Laboratuvar Küreği, Battal Boy;Round Aluminum Scoop, Extra Large;0,00;250,00;2025-09-04 15:23:18.2042;0,00;20,00;20,00
LT-G0144;Belli Değil;Laboratuar Küreği, 5 kg, Beton için. EN 12350-1, BS 1881:101;"Round Stainless Steel Scoop, 5 kg of Concrete, 
EN 12350-1, BS 1881:101";0,00;;2025-09-04 15:23:18.2043;0,00;0,00;0,00
LT-G0880;Belli Değil;Numune Tepsisi, Paslanmaz Çelik, 20x30x4 cm (No.1);Mixing Pan, Stainless Steel, 20x30x4 cm (No.1);0,00;105,00;2025-09-04 15:23:18.2044;0,00;0,00;0,00
LT-G0881;Belli Değil;Numune Tepsisi, Paslanmaz Çelik, 23x33x4 cm (No.2);Mixing Pan, Stainless Steel, 23x33x4 cm (No.2);0,00;118,00;2025-09-04 15:23:18.2045;0,00;0,00;0,00
LT-G0882;Belli Değil;Numune Tepsisi, Paslanmaz Çelik, 26x38x4 cm (No.3);Mixing Pan, Stainless Steel, 26x38x4 cm (No.3);0,00;137,00;2025-09-04 15:23:18.2046;0,00;0,00;0,00
LT-G0883;Belli Değil;Numune Tepsisi, Paslanmaz Çelik, 29x44x4 cm (No.4);Mixing Pan, Stainless Steel, 29x44x4 cm (No.4);0,00;166,00;2025-09-04 15:23:18.2047;0,00;0,00;0,00
LT-G0884;Belli Değil;Numune Tepsisi, Paslanmaz Çelik, 31x48x4 cm(No.5);Mixing Pan, Stainless Steel, 31x48x4 cm(No.5);0,00;206,00;2025-09-04 15:23:18.2048;0,00;0,00;0,00
LT-G0885;Belli Değil;Numune Tepsisi, Paslanmaz Çelik, 20x20x5 cm;Mixing Pan, Stainless Steel, 20x20x5 cm;0,00;35,00;2025-09-04 15:23:18.2049;0,00;0,00;0,00
LT-G0886;Belli Değil;Numune Tepsisi, Paslanmaz Çelik, 30x30x5 cm;Mixing Pan, Stainless Steel, 30x30x5 cm;0,00;260,00;2025-09-04 15:23:18.2050;0,00;0,00;0,00
LT-G0887;Belli Değil;Numune Tepsisi, Paslanmaz Çelik, 40x40x5 cm;Mixing Pan, Stainless Steel, 40x40x5 cm;0,00;300,00;2025-09-04 15:23:18.2051;0,00;0,00;0,00
LT-G0888;Belli Değil;Numune Tepsisi, Paslanmaz Çelik, 50x50x5 cm;Mixing Pan, Stainless Steel, 50x50x5 cm;0,00;550,00;2025-09-04 15:23:18.2052;0,00;0,00;0,00
LT-G0889;Belli Değil;Numune Tepsisi, Paslanmaz Çelik, 60x60x5 cm;Mixing Pan, Stainless Steel, 60x60x5 cm;0,00;155,00;2025-09-04 15:23:18.2053;0,00;0,00;0,00
LT-G0890;Belli Değil;Numune Tepsisi, Paslanmaz Çelik, 100x100x5 cm;Mixing Pan, Stainless Steel, 100x100x5 cm;0,00;1500,00;2025-09-04 15:23:18.2054;0,00;0,00;0,00
LT-G0891;Belli Değil;Numune Tepsisi, Paslanmaz Çelik, 30x30x7 cm;Mixing Pan, Stainless Steel, 30x30x7 cm;0,00;;2025-09-04 15:23:18.2055;0,00;0,00;0,00
LT-G0892;Belli Değil;Numune Tepsisi, Paslanmaz Çelik, 40x40x7 cm;Mixing Pan, Stainless Steel, 40x40x7 cm;0,00;;2025-09-04 15:23:18.2056;0,00;0,00;0,00
LT-G0893;Belli Değil;Numune Tepsisi, Paslanmaz Çelik, 50x50x7 cm;Mixing Pan, Stainless Steel, 50x50x7 cm;0,00;;2025-09-04 15:23:18.2057;0,00;0,00;0,00
LT-G0894;Belli Değil;Numune Tepsisi, Paslanmaz Çelik, 60x60x7 cm;Mixing Pan, Stainless Steel, 60x60x7 cm;0,00;;2025-09-04 15:23:18.2058;0,00;0,00;0,00
LT-G0895;Belli Değil;Numune Tepsisi, Paslanmaz Çelik, 100x100x7 cm;Mixing Pan, Stainless Steel, 100x100x7 cm;0,00;;2025-09-04 15:23:18.2059;0,00;0,00;0,00
LT-G0896;Belli Değil;Numune Tepsisi, Paslanmaz Çelik, 30x30x8 cm;Mixing Pan, Stainless Steel, 30x30x8 cm;0,00;;2025-09-04 15:23:18.2060;0,00;0,00;0,00
LT-G0897;Belli Değil;Numune Tepsisi, Paslanmaz Çelik, 40x40x8 cm;Mixing Pan, Stainless Steel, 40x40x8 cm;0,00;;2025-09-04 15:23:18.2061;0,00;0,00;0,00
LT-G0898;Belli Değil;Numune Tepsisi, Paslanmaz Çelik, 50x50x8 cm;Mixing Pan, Stainless Steel, 50x50x8 cm;0,00;;2025-09-04 15:23:18.2062;0,00;0,00;0,00
LT-G0899;Belli Değil;Numune Tepsisi, Paslanmaz Çelik, 60x60x8 cm;Mixing Pan, Stainless Steel, 60x60x8 cm;0,00;;2025-09-04 15:23:18.2063;0,00;0,00;0,00
LT-G0900;Belli Değil;Numune Tepsisi, Paslanmaz Çelik, 100x100x8 cm;Mixing Pan, Stainless Steel, 100x100x8 cm;0,00;;2025-09-04 15:23:18.2064;0,00;0,00;0,00
LT-G0901;Belli Değil;Numune Tepsisi, Paslanmaz Çelik, 40x40x10 cm;Mixing Pan, Stainless Steel, 40x40x10 cm;0,00;;2025-09-04 15:23:18.2065;0,00;0,00;0,00
LT-G0902;Belli Değil;Numune Tepsisi, Paslanmaz Çelik, 50x50x10 cm;Mixing Pan, Stainless Steel, 50x50x10 cm;0,00;220,00;2025-09-04 15:23:18.2066;0,00;0,00;0,00
LT-G0903;Belli Değil;Numune Tepsisi, Paslanmaz Çelik, 60x60x10 cm;Mixing Pan, Stainless Steel, 60x60x10 cm;0,00;;2025-09-04 15:23:18.2067;0,00;0,00;0,00
LT-G0904;Belli Değil;Numune Tepsisi, Paslanmaz Çelik, 100x100x10 cm;Mixing Pan, Stainless Steel, 100x100x10 cm;0,00;;2025-09-04 15:23:18.2068;0,00;0,00;0,00
LT-G0920;Belli Değil;Esnek Spatula, Tahta Saplı, 100 mm;Flexible Spatula, 100 mm;0,00;203,00;2025-09-04 15:23:18.2069;0,00;13,00;13,00
LT-G0921;Belli Değil;Esnek Spatula, Tahta Saplı, 150 mm;Flexible Spatula, 150 mm;0,00;235,00;2025-09-04 15:23:18.2070;0,00;15,00;15,00
LT-G0922;Belli Değil;Esnek Spatula, Tahta Saplı, 200 mm;Flexible Spatula, 200 mm;0,00;288,00;2025-09-04 15:23:18.2071;0,00;16,00;16,00
LT-G0925;Belli Değil;Spatula, Küçük Boy;Rigid Spatula, Small;0,00;130,00;2025-09-04 15:23:18.2072;0,00;0,00;0,00
LT-G0926;Belli Değil;Spatula, Orta Boy;Rigid Spatula, Medium;0,00;145,00;2025-09-04 15:23:18.2073;0,00;0,00;0,00
LT-G0927;Belli Değil;Spatula, Büyük Boy;Rigid Spatula, Large;0,00;165,00;2025-09-04 15:23:18.2074;0,00;0,00;0,00
LT-G0935;Belli Değil;Kroze Maşası, 250 mm;Crucible Tong, 250 mm;0,00;310,00;2025-09-04 15:23:18.2075;0,00;0,00;0,00
LT-G0936;Belli Değil;Kroze Maşası, 300 mm;Crucible Tong, 300 mm;0,00;388,00;2025-09-04 15:23:18.2076;0,00;0,00;0,00
LT-G0937;Belli Değil;Kroze Maşası, 450 mm;Crucible Tong, 450 mm;0,00;925,00;2025-09-04 15:23:18.2077;0,00;0,00;0,00
LT-G0938;Belli Değil;Maşa;Tong;0,00;;2025-09-04 15:23:18.2078;0,00;0,00;0,00
LT-G0939;Belli Değil;Su Terazisi, 60 cm;Water Level, 60 cm;0,00;95,00;2025-09-04 15:23:18.2079;0,00;0,00;0,00
LT-G0940;Belli Değil;Su Terazisi, 100 cm;Water Level, 100 cm;0,00;152,00;2025-09-04 15:23:18.2080;0,00;0,00;0,00
LT-G0941;Belli Değil;Kaba Filtre Kağıdı. 1 paket=250 adet;Coarse Filter Paper, Pack of 250;0,00;280,00;2025-09-04 15:23:18.2081;0,00;0,00;0,00
LT-G0942;Belli Değil;Ayarlı Pense;Adjustable Pliers;0,00;;2025-09-04 15:23:18.2082;0,00;0,00;0,00
LT-G0943;Belli Değil;Makas;Clipper;0,00;;2025-09-04 15:23:18.2083;0,00;0,00;0,00
LT-G0944;Belli Değil;Düz Tornavida;Flat Screwdriver;0,00;;2025-09-04 15:23:18.2084;0,00;0,00;0,00
LT-G0945;Belli Değil;Yıldız Tornavida;Fillister Head Screwdriver;0,00;;2025-09-04 15:23:18.2085;0,00;0,00;0,00
LT-G0946;Belli Değil;Alyan Takımı;Allen Wrench Set;0,00;;2025-09-04 15:23:18.2086;0,00;0,00;0,00
LT-G0947;Belli Değil;Bıçak;Knife;0,00;15,00;2025-09-04 15:23:18.2087;0,00;0,00;0,00
LT-G0948;Belli Değil;Sivri uçlu Kazma;Pick;0,00;;2025-09-04 15:23:18.2088;0,00;0,00;0,00
LT-G0949;Belli Değil;Numune Alma Kaşığı;Sampling Spoon;0,00;;2025-09-04 15:23:18.2089;0,00;0,00;0,00
LT-G0951;Belli Değil;Kepçe;Ladle, Stainless Steel;0,00;;2025-09-04 15:23:18.2090;0,00;0,00;0,00
LT-G0952;Belli Değil;Mala;Trowel;0,00;200,00;2025-09-04 15:23:18.2091;0,00;0,00;0,00
LT-G0959;Belli Değil;Tirfil Mala;Rectangular Trowel;0,00;;2025-09-04 15:23:18.2092;0,00;0,00;0,00
LT-G0953;Belli Değil;Çekiç 0.5 Kg;Steel Hammer, 0,5 kg;0,00;;2025-09-04 15:23:18.2093;0,00;0,00;0,00
LT-G0954;Belli Değil;Çekiç 1 Kg;Steel Hammer, 1 kg;0,00;90,00;2025-09-04 15:23:18.2094;0,00;0,00;0,00
LT-G0955;Belli Değil;Çekiç 1.5 Kg;Steel Hammer, 1,5 kg;0,00;;2025-09-04 15:23:18.2095;0,00;0,00;0,00
LT-G0956;Belli Değil;Çekiç 2 Kg;Steel Hammer, 2 kg;0,00;;2025-09-04 15:23:18.2096;0,00;0,00;0,00
LT-G0957;Belli Değil;Balyoz 3 Kg ve Balyoz Sapı;Sledge Hammer, 3 kg;0,00;;2025-09-04 15:23:18.2097;0,00;0,00;0,00
LT-G0958;Belli Değil;Balyoz 5 Kg ve Balyoz Sapı;Sledge Hammer, 5 kg;0,00;;2025-09-04 15:23:18.2098;0,00;0,00;0,00
LT-G0161;Belli Değil;Lastik Tokmak ;Rubber Mallet;0,00;55,00;2025-09-04 15:23:18.2099;0,00;0,00;0,00
LT-G0960;Belli Değil;Kürek ve Kürek Sapı;Shovel;0,00;160,00;2025-09-04 15:23:18.2100;0,00;0,00;0,00
LT-G0961;Belli Değil;Murç. 30 cm. Kullanıcı güvenliği açısından plastik tutma kollu.;Broach with Plastic Handle, 30 cm;0,00;36,00;2025-09-04 15:23:18.2101;0,00;0,00;0,00
LT-G0962;Belli Değil;Düz Keski;Chisel;0,00;;2025-09-04 15:23:18.2102;0,00;0,00;0,00
LT-G0964;Belli Değil;Keser;Bill;0,00;;2025-09-04 15:23:18.2103;0,00;0,00;0,00
LT-G0170;Belli Değil;Kıl Testere;Open Wire Saw;0,00;;2025-09-04 15:23:18.2104;0,00;0,00;0,00
LT-G0170/1;Belli Değil;Kıl Testere Teli 1 paket:12 ad.;Wire. Pack of 12;0,00;;2025-09-04 15:23:18.2105;0,00;0,00;0,00
LT-G0171;Belli Değil;Düzeltme Bıçağı;Trimming Knife;0,00;;2025-09-04 15:23:18.2106;0,00;0,00;0,00
LT-G0967;Belli Değil;Kafa Lambası;Hand Lamp;0,00;;2025-09-04 15:23:18.2107;0,00;0,00;0,00
LT-AS0001/5;Belli Değil;Amyant Tel. 12x12 cm;Iron Wire Gauze, 12x12 cm for LT-AS0001;0,00;15,53;2025-09-04 15:23:18.2108;0,00;0,00;0,00
LT-AS0002/5;Belli Değil;Amyant Tel. 16x16 cm;Iron Wire Gauze, 16x16 cm for LT-AS0002;0,00;18,50;2025-09-04 15:23:18.2109;0,00;0,00;0,00
LT-G0970;Belli Değil;Laboratuvar Arabası. 3 Katlı. Galvaniz kaplama. 60 x 90 cm;Laboratory Trolley;0,00;;2025-09-04 15:23:18.2110;0,00;0,00;0,00
LT-G0971;Belli Değil;El Arabası;Wheel Barrow;0,00;1100,00;2025-09-04 15:23:18.2111;0,00;0,00;0,00
LT-G0972;Belli Değil;Takım Çantası;Tool Kit.;0,00;;2025-09-04 15:23:18.2112;0,00;0,00;0,00
LT-G0209;Belli Değil;Vakum Pompası, Tek Kademe, 51 lt/dak. Akış Hızı, 2 Pa Vakum Gücü, Yağlı Tip, 220 V, 50-60 Hz, 1 Ph;"Vacuum Pump, Single Stage, 51 l/min Flow Rate, 2 Pa Partial
Pressure, Forced Oil Cycling System, 220 V, 50-60 Hz, 1 Ph";0,00;4300,00;2025-09-04 15:23:18.2113;0,00;0,00;0,00
LT-G0210;Belli Değil;Vakum Pompası, Tek Kademe, 70 lt/dak. Akış Hızı, 2 Pa Vakum Gücü, Yağlı Tip, 220 V, 50-60 Hz, 1 Ph;"Vacuum Pump, Single Stage, 70 l/min Flow Rate, 2 Pa Partial
Pressure, Forced Oil Cycling System, 220 V, 50-60 Hz, 1 Ph";0,00;;2025-09-04 15:23:18.2114;0,00;0,00;0,00
LT-G0215;Belli Değil;Vakum Pompası, Tek Kademe, 100 lt/dak. Akış Hızı, 2 Pa Vakum Gücü, Yağlı Tip, 220 V, 50-60 Hz, 1 Ph;"Vacuum Pump, Single Stage, 100 l/min Flow Rate, 2 Pa Partial
Pressure, Forced Oil Cycling System, 220 V, 50-60 Hz, 1 Ph";0,00;413,00;2025-09-04 15:23:18.2115;0,00;0,00;0,00
LT-G0216;Belli Değil;Vakum Pompası, Tek Kademe, 170 lt/dak. Akış Hızı, 2 Pa Vakum Gücü, Yağlı Tip, 220 V, 50-60 Hz, 1 Ph;"Vacuum Pump, Single Stage, 170 l/min Flow Rate, 2 Pa Partial
Pressure, Forced Oil Cycling System, 220 V, 50-60 Hz, 1 Ph";0,00;;2025-09-04 15:23:18.2116;0,00;0,00;0,00
LT-G0217;Belli Değil;Vakum Pompası, Tek Kademe, 226 lt/dak. Akış Hızı, 2 Pa Vakum Gücü, Yağlı Tip, 220 V, 50-60 Hz, 1 Ph;"Vacuum Pump, Single Stage, 226 l/min Flow Rate, 2 Pa Partial
Pressure, Forced Oil Cycling System, 220 V, 50-60 Hz, 1 Ph";0,00;;2025-09-04 15:23:18.2117;0,00;0,00;0,00
LT-G0218;Belli Değil;Vakum Pompası, Çift Kademe, 42 lt/dak. Akış Hızı, 2x10‾¹ Pa Vakum Gücü, Yağlı Tip, 220 V, 50-60 Hz, 1 Ph;"Vacuum Pump, Dual Stage, 42 l/min Flow Rate, 2x10‾¹ Pa Partial
Pressure, Forced Oil Cycling System, 220 V, 50-60 Hz, 1 Ph";0,00;;2025-09-04 15:23:18.2118;0,00;0,00;0,00
LT-G0219;Belli Değil;Vakum Pompası, Çift Kademe, 70 lt/dak. Akış Hızı, 2x10‾¹ Pa Vakum Gücü, Yağlı Tip, 220 V, 50-60 Hz, 1 Ph;"Vacuum Pump, Dual Stage, 70 l/min Flow Rate, 2x10‾¹ Pa Partial
Pressure, Forced Oil Cycling System, 220 V, 50-60 Hz, 1 Ph";0,00;;2025-09-04 15:23:18.2119;0,00;0,00;0,00
LT-G0220;Belli Değil;Vakum Pompası, Çift Kademe, 128 lt/dak. Akış Hızı, 2x10‾¹ Pa Vakum Gücü, Yağlı Tip, 220 V, 50-60 Hz, 1 Ph;"Vacuum Pump, Dual Stage, 128 l/min Flow Rate, 2x10‾¹ Pa Partial
Pressure, Forced Oil Cycling System, 220 V, 50-60 Hz, 1 Ph";0,00;;2025-09-04 15:23:18.2120;0,00;0,00;0,00
LT-G0221;Belli Değil;Vakum Pompası, Çift Kademe, 170 lt/dak. Akış Hızı, 2x10‾¹ Pa Vakum Gücü, Yağlı Tip, 220 V, 50-60 Hz, 1 Ph;"Vacuum Pump, Dual Stage, 170 l/min Flow Rate, 2x10‾¹ Pa Partial
Pressure, Forced Oil Cycling System, 220 V, 50-60 Hz, 1 Ph";0,00;;2025-09-04 15:23:18.2121;0,00;0,00;0,00
LT-G0222;Belli Değil;Vakum Pompası, Çift Kademe, 226 lt/dak. Akış Hızı, 2x10‾¹ Pa Vakum Gücü, Yağlı Tip, 220 V, 50-60 Hz, 1 Ph;"Vacuum Pump, Dual Stage, 226 l/min Flow Rate, 2x10‾¹ Pa Partial
Pressure, Forced Oil Cycling System, 220 V, 50-60 Hz, 1 Ph";0,00;;2025-09-04 15:23:18.2122;0,00;0,00;0,00
LT-G0210/1;Belli Değil;Hortum. 1.5 metre;Hose for Vacuum Pump. 1.5 m;0,00;;2025-09-04 15:23:18.2123;0,00;0,00;0,00
LT-G0210/2;Belli Değil;Ø 63 mm 1000 mbar Manometre;Ø 63 mm 1000 mbar Vacuum Gauge;0,00;90,00;2025-09-04 15:23:18.2124;0,00;0,00;0,00
LT-G0225;Belli Değil;"Kompresör 8 Bar / 25 lt. 220 V, 50 Hz, 1 ph
Hava Tabancası ve Spiral hortum ile birlikte";Air pressure Pump, 8 Bar / 25 lt. 220 V, 50 Hz, 1 ph;0,00;6500,00;2025-09-04 15:23:18.2125;0,00;0,00;0,00
LT-G0226;Belli Değil;"Kompresör 8 Bar / 50 lt. 220 V, 50 Hz, 1 ph
Hava Tabancası ve Spiral hortum ile birlikte";Air pressure Pump, 8 Bar / 50 lt. 220 V, 50 Hz, 1 ph;0,00;8000,00;2025-09-04 15:23:18.2126;0,00;0,00;0,00
LT-G0224;Belli Değil;"Kompresör 8 Bar / 100 lt. 220 V, 50 Hz, 1 ph
Hava Tabancası ve Spiral hortum ile birlikte";;0,00;14500,00;2025-09-04 15:23:18.2127;0,00;;
LT-G0227;Belli Değil;"Kompresör 10Bar / 100 lt. 380 V, 50 Hz, 3 ph
Hava Tabancası ve Spiral hortum ile birlikte";Air pressure Pump, 10 Bar / 100 lt. 380 V, 50 Hz, 3 ph;0,00;;2025-09-04 15:23:18.2128;0,00;0,00;0,00
LT-G0228;Belli Değil;"Kompresör 12 Bar / 200 lt. 380 V, 50 Hz, 3 ph
Hava Tabancası ve Spiral hortum ile birlikte";Air pressure Pump, 12 Bar / 200 lt. 380 V, 50 Hz, 3 ph;0,00;;2025-09-04 15:23:18.2129;0,00;0,00;0,00
LT-G0229;Belli Değil;"Kompresör 8 Bar / 200 lt. 220 V, 50 Hz, 1 ph
Hava Tabancası ve Spiral hortum ile birlikte";Air pressure Pump, 12 Bar / 200 lt. 220 V, 50 Hz, 1 ph;0,00;20000,00;2025-09-04 15:23:18.2130;0,00;0,00;0,00
LT-G9500;Belli Değil;"Darbeli Matkap;
Giriş gücü 650 W
Çıkış gücü 338 W
Maks. tork 9,0 Nm
Boştaki devir sayısı 50 – 3.000 dak-1
Darbe sayısı 48.000 dak-1
Ağırlığı 1,9 kg
Delme çapı
Betonda maks. delme çapı 14 mm
Çelikte maks. delme çapı 12 mm
Ahşapta maks. delme çapı 30 mm";"Hammer Drill;
Rated Power Input 650 W
Output Power 338 W
Torque at max. output power 9,0 Nm
No-load speed 50 – 3.000 dak-1
Impact rate 48.000 dak-1
Weight 1,9 kg
Max. drilling dia.;
Concrete 14 mm
Steel 12 mm
Wood 30 mm";0,00;;2025-09-04 15:23:18.2131;0,00;0,00;0,00
LT-G9501;Belli Değil;"Darbeli Matkap;
Giriş gücü 500 W
Çıkış gücü 228 W
Maks. tork 7,5 Nm
Boştaki devir sayısı 50 – 3.000dev/dak
Darbe sayısı 33000dev/dak
Ağırlığı 1,6 kg
Delme çapı
Betonda maks. delme çapı 10 mm
Çelikte maks. delme çapı 8 mm
Ahşapta maks. delme çapı 25 mm";"Hammer Drill;
Rated Power Input 500 W
Output Power 228 W
Torque at max. output power  7,5 Nm
No-load speed 50 – 3.000dev/dak
Impact rate 33000dev/dak
Weight  1,6 kg
Max. drilling dia.;
Concrete 10 mm
Steel 8 mm
Wood 25 mm";0,00;;2025-09-04 15:23:18.2132;0,00;0,00;0,00
LT-G0870;Belli Değil;"Dijital Lazer Metre, 25 m. 
4 x 1,5 V LR03 (AAA) pil ve Koruma Kılıfı ile birlikte verilmektedir. ";Digital Laser Measure, 25 m. Complete with 4 x 1,5 V LR03 (AAA) batteries, Hand loop, Protective case. ;0,00;;2025-09-04 15:23:18.2133;0,00;0,00;0,00
LT-G0871;Belli Değil;"Dijital Lazer Metre, 50 m. 
4 x 1,5 V LR03 (AAA) pil ve Koruma Kılıfı ile birlikte verilmektedir. ";Digital Laser Measure, 50 m. Complete with 4 x 1,5 V LR03 (AAA) batteries, Hand loop, Protective case.;0,00;;2025-09-04 15:23:18.2134;0,00;0,00;0,00
LT-G0860;Belli Değil;Cep Tipi pH metre;Pocket Type pH Meter;0,00;1950,00;2025-09-04 15:23:18.2135;0,00;0,00;0,00
LT-G0860/A;Belli Değil;Cep Tipi pH metre. HANNA Marka.;Pocket Type pH Meter. HANNA;0,00;;2025-09-04 15:23:18.2136;0,00;0,00;0,00
LT-G0861;Belli Değil;Portatif pH metre;Portable pH Meter;0,00;7500,00;2025-09-04 15:23:18.2137;0,00;0,00;0,00
LT-G0861/A;Belli Değil;Portatif pH metre. HANNA Marka.;Portable pH Meter. HANNA;0,00;;2025-09-04 15:23:18.2138;0,00;0,00;0,00
LT-G0862;Belli Değil;Masa Üstü pH metre;Laboratory pH Meter;0,00;9500,00;2025-09-04 15:23:18.2139;0,00;0,00;0,00
LT-G0862/A;Belli Değil;Masa Üstü pH metre. HANNA Marka.;Laboratory pH Meter. HANNA;0,00;;2025-09-04 15:23:18.2140;0,00;0,00;0,00
LT-G0867;Belli Değil;Masa Üstü pH metre. Bilgisayar Bağlantılı.;Laboratory pH Meter. Computer connected.;0,00;13000,00;2025-09-04 15:23:18.2141;0,00;0,00;0,00
LT-G0863;Belli Değil;Ph kağıdı (0-14);pH Indicator Papers, pH Range: 0-14;0,00;300,00;2025-09-04 15:23:18.2142;0,00;0,00;0,00
LT-G0864;Belli Değil;Ph metre solüsyonu. 100 ml SACHET Kalibrasyon Sıvısı;pH meter Calibration Solution, 100 ml;0,00;20,00;2025-09-04 15:23:18.2143;0,00;0,00;0,00
LT-G0865;Belli Değil;Ph metre solüsyonu. 250 ml ambalajlı Kalibrasyon Sıvısı;pH meter Calibration Solution, 250 ml;0,00;25,00;2025-09-04 15:23:18.2144;0,00;0,00;0,00
LT-G0866;Belli Değil;Ph metre solüsyonu. 500 ml ambalajlı Kalibrasyon Sıvısı;pH meter Calibration Solution, 500 ml;0,00;45,00;2025-09-04 15:23:18.2145;0,00;0,00;0,00
LT-G8000;Belli Değil;Analog Komparatör Saati, 10 x 0,01 mm;Analog Dial Indicator, 10 x 0,01 mm;0,00;400,00;2025-09-04 15:23:18.2146;0,00;0,00;0,00
LT-G8001;Belli Değil;Analog Komparatör Saati, 30 x 0,01 mm;Analog Dial Indicator, 30 x 0,01 mm;0,00;900,00;2025-09-04 15:23:18.2147;0,00;0,00;0,00
LT-G8006;Belli Değil;Dijital Komparatör Saati, 12,7 x 0,01 mm;Digital Dial Indicator, 12,7 x 0,01 mm;0,00;;2025-09-04 15:23:18.2148;0,00;0,00;0,00
LT-G8007;Belli Değil;Dijital Komparatör Saati, 25 x 0,01 mm;Digital Dial Indicator, 25 x 0,01 mm;0,00;;2025-09-04 15:23:18.2149;0,00;0,00;0,00
LT-G8009;Belli Değil;Dijital Komparatör Saati, 12.7 x 0,001 mm;Digital Dial Indicator, 12.7 x 0,001 mm;0,00;2500,00;2025-09-04 15:23:18.2150;0,00;0,00;0,00
LT-G8010;Belli Değil;Dijital Komparatör Saati, 25 x 0,001 mm;Digital Dial Indicator, 25 x 0,001 mm;0,00;;2025-09-04 15:23:18.2151;0,00;0,00;0,00
LT-G8001/1;Belli Değil;Ayarlanabilir Komparatör Saati Tutucusu (Manyetik Ayak);Adjustable Dial Gauge Holder;0,00;;2025-09-04 15:23:18.2152;0,00;0,00;0,00
LT-G0719;Belli Değil;Civa. 100 gr;Mercury. 100 gr;0,00;750,00;2025-09-04 15:23:18.2153;0,00;0,00;0,00
LT-G0722;Belli Değil;Trikloretilen. 1 lt;Trichloroethylene.  1 lt;0,00;600,00;2025-09-04 15:23:18.2154;0,00;0,00;0,00
LT-G0722/1;Belli Değil;Trikloretilen 20 kg;Trichloroethylene. 20 kg;0,00;1500,00;2025-09-04 15:23:18.2155;0,00;0,00;0,00
LT-G0722/4;Belli Değil;Trikloretilen 50 kg;Trichloroethylene. 50 kg;0,00;3750,00;2025-09-04 15:23:18.2156;0,00;0,00;0,00
LT-G0722/2;Belli Değil;30 lt Trikloretilen kapasiteli Bidon;Trichloroethylene Can for 30 lt;0,00;3600,00;2025-09-04 15:23:18.2157;0,00;0,00;0,00
LT-G0722/3;Belli Değil;60 lt Trikloretilen kapasiteli Bidon;Trichloroethylene Can for 60 lt;0,00;7200,00;2025-09-04 15:23:18.2158;0,00;0,00;0,00
LT-G0723;Belli Değil;Trikloretilen. 1 varil 300kg;Trichloroethylene. 1 barrel 300 kg;0,00;17000,00;2025-09-04 15:23:18.2159;0,00;0,00;0,00
LT-G0720;Belli Değil;Gümüş Nitrat. 100 g;Silver Nitrate. 1kg;0,00;3200,00;2025-09-04 15:23:18.2160;0,00;0,00;0,00
LT-G0724;Belli Değil;Potasyum Nitrat 1 kg;Potassium Nitrate. 1 kg;0,00;150,00;2025-09-04 15:23:18.2161;0,00;0,00;0,00
LT-G0725;Belli Değil;Potasyum Kromat 1 kg;Potassium Choramate. 1 kg;0,00;550,00;2025-09-04 15:23:18.2162;0,00;0,00;0,00
LT-G0716;Belli Değil;Grafit 1 kg;Graphite. 1 kg;0,00;60,00;2025-09-04 15:23:18.2163;0,00;0,00;0,00
LT-G0716/1;Belli Değil;Grafit 25 kg;Graphite. 25 kg;0,00;1500,00;2025-09-04 15:23:18.2164;0,00;0,00;0,00
LT-G0715;Belli Değil;Kükürt 1 kg;Sulphur. 1 kg;0,00;50,00;2025-09-04 15:23:18.2165;0,00;0,00;0,00
LT-G0715/1;Belli Değil;Kükürt 25 kg;Sulphur. 25 kg;0,00;400,00;2025-09-04 15:23:18.2166;0,00;0,00;0,00
LT-G0717;Belli Değil;Sodyum Hidroksit, NaOH, 1 kg;Sodium Hydroxide, NaO. 1 kg;0,00;80,00;2025-09-04 15:23:18.2167;0,00;0,00;0,00
LT-G0733;Belli Değil;Sodyum Hidroksit, 1 kg (Merck);Sodium Hydroxide, NaOH. 1 kg (MERCK);0,00;1150,00;2025-09-04 15:23:18.2168;0,00;0,00;0,00
LT-G0721;Belli Değil;Sodyum Sülfat, Na2SO4, 1 kg;Sodium Sulphate, Na2SO4. 1 kg;0,00;50,00;2025-09-04 15:23:18.2169;0,00;0,00;0,00
LT-G0721/1;Belli Değil;Sodyum Sülfat, Na2SO4, 50 kg;Sodium Sulphate, Na2SO4. 50 kg;0,00;1100,00;2025-09-04 15:23:18.2170;0,00;0,00;0,00
LT-G0720;Belli Değil;Baryum Klorür 1 kg;Barium Chloride. 1 kg;0,00;125,00;2025-09-04 15:23:18.2171;0,00;0,00;0,00
LT-G0731;Belli Değil;Potasyum Hidroksit, 1 kg (Merck);Potassium Hydroxide. 1 kg (MERCK);0,00;1100,00;2025-09-04 15:23:18.2172;0,00;0,00;0,00
LT-G0726;Belli Değil;Saf su, 5 lt;Distilled Water. 5 lt;0,00;40,00;2025-09-04 15:23:18.2173;0,00;0,00;0,00
LT-G0727;Belli Değil;Etil Alkol, 1 lt;Ethyl alcohol. 1 lt;0,00;70,00;2025-09-04 15:23:18.2174;0,00;0,00;0,00
LT-G0728;Belli Değil;Hidroklorik asit, 1 lt;Hydrochloric acid. 1 lt;0,00;30,00;2025-09-04 15:23:18.2175;0,00;0,00;0,00
LT-G0729;Belli Değil;Sülfürik Asit 1 lt;Sulphuric acid. 1 lt;0,00;25,00;2025-09-04 15:23:18.2176;0,00;0,00;0,00
LT-G0735;Belli Değil;Kaolinit, 500 gr;Kaolinite, 500 gr.;0,00;75,00;2025-09-04 15:23:18.2177;0,00;0,00;0,00
LT-A0077;Belli Değil;"Metilen toz; 100 gr";Methylene Blue. 100 gr;0,00;350,00;2025-09-04 15:23:18.2178;0,00;0,00;0,00
LT-G0736;Belli Değil;Kristal Kalsiyum Klorür, 1 kg;Cyrstal Calcium Chloride. 1 kg;0,00;60,00;2025-09-04 15:23:18.2179;0,00;0,00;0,00
LT-G0737;Belli Değil;Gliserin, 1 kg;Glycerine. 1 kg;0,00;110,00;2025-09-04 15:23:18.2180;0,00;0,00;0,00
LT-G0737/1;Belli Değil;Gliserin, 5 kg;Glycerine. 5 kg;0,00;400,00;2025-09-04 15:23:18.2181;0,00;0,00;0,00
LT-G0718;Belli Değil;Sodyum hekzametafosfat, 1 kg;Sodium hexametaphosphate. 1 kg;0,00;110,00;2025-09-04 15:23:18.2182;0,00;0,00;0,00
LT-G0738;Belli Değil;Formaldehit, 1 lt;Formaldehyde. 1 lt;0,00;50,00;2025-09-04 15:23:18.2183;0,00;0,00;0,00
LT-G0739;Belli Değil;Parafin, 1kg;Paraffin Wax. 1 kg;0,00;90,00;2025-09-04 15:23:18.2184;0,00;0,00;0,00
LT-G0749;Belli Değil;Magnezyum sülfat, 1 kg;Magnesium Sulphate. 1 kg;0,00;50,00;2025-09-04 15:23:18.2185;0,00;0,00;0,00
LT-G0749/1;Belli Değil;Magnezyum sülfat, 25 kg;Magnesium Sulphate. 25 kg;0,00;500,00;2025-09-04 15:23:18.2186;0,00;0,00;0,00
LT-G0740;Belli Değil;Silika Jel, 1 kg;Silica Gel. 1 kg;0,00;140,00;2025-09-04 15:23:18.2187;0,00;0,00;0,00
LT-G0732;Belli Değil;Lityum klorür 250 gr Merck;Lithium Chloride. 250 gr (MERCK);0,00;;2025-09-04 15:23:18.2188;0,00;0,00;0,00
LT-CE0075;Belli Değil;Standart kum 1350gr;Standard sand. 1350gr;0,00;40,00;2025-09-04 15:23:18.2189;0,00;0,00;0,00
LT-S0020;Belli Değil;Kesafet Deneyleri için Özel kum. 1000 gr;Special Sand for Sand Replecement Tests. 1000 gr;0,00;30,00;2025-09-04 15:23:18.2190;0,00;0,00;0,00
LT-G0230;Belli Değil;Saf su cihazı 4 lt, 220 V, 50 Hz, 1 ph;Water still, 4 l/h capacity, 220 V, 50 Hz, 1 ph;0,00;29000,00;2025-09-04 15:23:18.2191;0,00;0,00;0,00
LT-G0231;Belli Değil;Saf su cihazı 6 lt, 380 V, 50-60 Hz, 3 ph;Water still, 6 l/h capacity, 380 V, 50-60 Hz, 3 ph;0,00;;2025-09-04 15:23:18.2192;0,00;0,00;0,00
LT-G0232;Belli Değil;Saf su cihazı 7 lt, 380 V, 50-60 Hz, 3 ph;Water still, 7 l/h capacity, 380 V, 50-60 Hz, 3 ph;0,00;;2025-09-04 15:23:18.2193;0,00;0,00;0,00
LT-G0233;Belli Değil;Saf su cihazı 8 lt, 380 V, 50-60 Hz, 3 ph;Water still, 8 l/h capacity, 380 V, 50-60 Hz, 3 ph;0,00;;2025-09-04 15:23:18.2194;0,00;0,00;0,00
LT-G0234;Belli Değil;Saf su cihazı 10 lt, 380 V, 50-60 Hz, 3 ph;Water still, 10 l/h capacity, 380 V, 50-60 Hz, 3 ph;0,00;;2025-09-04 15:23:18.2195;0,00;0,00;0,00
LT-G0235;Belli Değil;Saf su cihazı 12 lt, 380 V, 50-60 Hz, 3 ph;Water still, 12 l/h capacity, 380 V, 50-60 Hz, 3 ph;0,00;;2025-09-04 15:23:18.2196;0,00;0,00;0,00
LT-G0526;Belli Değil;Yük Hücresi -1 kN Kapasiteli, S tipi;Load Cell 1 kN Capacity, S Type;0,00;;2025-09-04 15:23:18.2197;0,00;;
LT-G0527;Belli Değil;Yük Hücresi -2 kN Kapasiteli, S tip;Load Cell 2 kN Capacity, S Type;0,00;;2025-09-04 15:23:18.2198;0,00;;
LT-G0528;Belli Değil;Yük Hücresi -5 kN Kapasiteli, S tipi;Load Cell 5 kN Capacity, S Type;0,00;;2025-09-04 15:23:18.2199;0,00;;
LT-G0529;Belli Değil;Yük Hücresi -10 kN Kapasiteli, Yassı tip;Load Cell 10 kN Capacity, Pancake Type;0,00;;2025-09-04 15:23:18.2200;0,00;;
LT-G0530;Belli Değil;Yük Hücresi -20 kN Kapasiteli, Yassı tip;Load Cell 20 kN Capacity, Pancake Type;0,00;;2025-09-04 15:23:18.2201;0,00;;
LT-G0531;Belli Değil;Yük Hücresi -50 kN Kapasiteli, Yassı tip;Load Cell 50 kN Capacity, Pancake Type;0,00;;2025-09-04 15:23:18.2202;0,00;;
LT-G0532;Belli Değil;Yük Hücresi -100 kN Kapasiteli, Yassı tip;Load Cell 100 kN Capacity, Pancake Type;0,00;;2025-09-04 15:23:18.2203;0,00;;
LT-G0533;Belli Değil;Yük Hücresi -300 kN Kapasiteli, Yassı tip;Load Cell 300 kN Capacity, Pancake Type;0,00;;2025-09-04 15:23:18.2204;0,00;;
LT-G0534;Belli Değil;Yük Hücresi -600 kN Kapasiteli, Yassı tip;Load Cell 600 kN Capacity, Pancake Type;0,00;;2025-09-04 15:23:18.2205;0,00;;
LT-G0535;Belli Değil;Yük Hücresi -1000 kN Kapasiteli, Yassı tip;Load Cell 1000 kN Capacity, Pancake Type;0,00;;2025-09-04 15:23:18.2206;0,00;;
LT-G0537;Belli Değil;Yük Halkası -10 kN Kapasiteli;Load Ring 10 kN Capacity;0,00;;2025-09-04 15:23:18.2207;0,00;;
LT-G0538;Belli Değil;Yük Halkası -28 kN Kapasiteli;Load Ring 28 kN Capacity;0,00;;2025-09-04 15:23:18.2208;0,00;;
LT-G0539;Belli Değil;Yük Halkası -50 kN Kapasiteli;Load Ring 50 kN Capacity;0,00;;2025-09-04 15:23:18.2209;0,00;;
LT-G0580;Belli Değil;Statik Unilogger, 4 Kanallı Veri Okuma Ünitesi;4 Channel Data Logger;0,00;;2025-09-04 15:23:18.2210;0,00;;
LT-E6000;Belli Değil;Elektromekanik Karo Eğilme Test Cihazı. Dijital grafik ekranlı okuma ünitesi ile birliktedir.  Cihaz elektromekanik bir motor ile çalışmaktadır ve maksimum kapasitesi 50 kN'dur. Cihaz, bilgisayardan otomatik olarak yada kontrol ünitesinden manuel yada otomatik olarak kontrol edilebilmektedir. Cİhaz, herhangi bir bilgisayara seri port yada USB ile bağlanabilmektedir. Programda test verileri kaydedilebilir ve yazıcıdan çıktı alınabilmektedir. Yazılım, cihaz ile birlikte ücretsiz olarak verilmektedir.;Electromechanical Tile Flexural Testing Machine with Digital graphic readout unit. Can be test flexure stress of different kind of tiles. The device works with an electromechanical motor and maximum capacity of the frame is 50 kN. Test machine can be controlled from the computer automatically or run from the control unit automatically or manually. The device can be connected to any computer with serial port or USB with Serial port adapter. The program can record the test data and Print out the test report. LİYA compression/flexure software is free of charge.;0,00;;2025-09-04 15:23:18.2211;0,00;0,00;0,00
LT-E0005;Belli Değil;Elektromekanik Üniversal Test Cihazı, 5 kN kapasiteli, tam otomatik, çekme çeneleri ile birlikte. Yük ve deplasman kontrollü çekme, basma eğilme deneyleri yapılabilir. Metal, zemin, beton, asfalt, çimento ve benzeri malzemelerde test yapmak için uygun aksesuarlar ayrıca sipariş edilmelidir. 220-240V, 50-60Hz, 1faz.;Electromechanical Universal Testing Machine 5 kN capacity, fully automatic load and displacement controlled. Supplied complete with tensile grip. Can be used for tension, compression and flexural test under load or displacement control within machine capacities. Suitable accessories should be ordered separately to test on materials such as steel, soil, concrete, cement, asphalt. 220-240V, 50-60Hz, 1ph.;;;2025-09-04 15:23:18.2212;;;
LT-E0010;Belli Değil;Elektromekanik Üniversal Test Cihazı, 10 kN kapasiteli, tam otomatik, çekme çeneleri ile birlikte. Yük ve deplasman kontrollü çekme, basma eğilme deneyleri yapılabilir. Metal, zemin, beton, asfalt, çimento ve benzeri malzemelerde test yapmak için uygun aksesuarlar ayrıca sipariş edilmelidir. 220-240V, 50-60Hz, 1faz.;Electromechanical Universal Testing Machine 10 kN capacity, fully automatic load and displacement controlled. Supplied complete with tensile grip. Can be used for tension, compression and flexural test under load or displacement control within machine capacities. Suitable accessories should be ordered separately to test on materials such as steel, soil, concrete, cement, asphalt. 220-240V, 50-60Hz, 1ph.;;;2025-09-04 15:23:18.2213;;;
LT-E0020;Belli Değil;Elektromekanik Üniversal Test Cihazı, 20 kN kapasiteli, tam otomatik, çekme çeneleri ile birlikte. Yük ve deplasman kontrollü çekme, basma eğilme deneyleri yapılabilir. Metal, zemin, beton, asfalt, çimento ve benzeri malzemelerde test yapmak için uygun aksesuarlar ayrıca sipariş edilmelidir. 220-240V, 50-60Hz, 1faz.;Electromechanical Universal Testing Machine 20 kN capacity, fully automatic load and displacement controlled. Supplied complete with tensile grip. Can be used for tension, compression and flexural test under load or displacement control within machine capacities. Suitable accessories should be ordered separately to test on materials such as steel, soil, concrete, cement, asphalt. 220-240V, 50-60Hz, 1ph.;;;2025-09-04 15:23:18.2214;;;
LT-E0050;Belli Değil;Elektromekanik Üniversal Test Cihazı, 50 kN kapasiteli, tam otomatik, çekme çeneleri ile birlikte. Yük ve deplasman kontrollü çekme, basma eğilme deneyleri yapılabilir. Metal, zemin, beton, asfalt, çimento ve benzeri malzemelerde test yapmak için uygun aksesuarlar ayrıca sipariş edilmelidir. 220-240V, 50-60Hz, 1faz.;Electromechanical Universal Testing Machine 50 kN capacity, fully automatic load and displacement controlled. Supplied complete with tensile grip. Can be used for tension, compression and flexural test under load or displacement control within machine capacities. Suitable accessories should be ordered separately to test on materials such as steel, soil, concrete, cement, asphalt. 220-240V, 50-60Hz, 1ph.;;;2025-09-04 15:23:18.2215;;;
LT-E0100;Belli Değil;Elektromekanik Üniversal Test Cihazı, 100 kN kapasiteli, tam otomatik, çekme çeneleri ile birlikte. Yük ve deplasman kontrollü çekme, basma eğilme deneyleri yapılabilir. Metal, zemin, beton, asfalt, çimento ve benzeri malzemelerde test yapmak için uygun aksesuarlar ayrıca sipariş edilmelidir. 220-240V, 50-60Hz, 1faz.;Electromechanical Universal Testing Machine 100 kN capacity, fully automatic load and displacement controlled. Supplied complete with tensile grip. Can be used for tension, compression and flexural test under load or displacement control within machine capacities. Suitable accessories should be ordered separately to test on materials such as steel, soil, concrete, cement, asphalt. 220-240V, 50-60Hz, 1ph.;;;2025-09-04 15:23:18.2216;;;
LT-E0200;Belli Değil;Elektromekanik Üniversal Test Cihazı, 200 kN kapasiteli, tam otomatik, çekme çeneleri ile birlikte. Yük ve deplasman kontrollü çekme, basma eğilme deneyleri yapılabilir. Metal, zemin, beton, asfalt, çimento ve benzeri malzemelerde test yapmak için uygun aksesuarlar ayrıca sipariş edilmelidir. 220-240V, 50-60Hz, 1faz.;Electromechanical Universal Testing Machine 200 kN capacity, fully automatic load and displacement controlled. Supplied complete with tensile grip. Can be used for tension, compression and flexural test under load or displacement control within machine capacities. Suitable accessories should be ordered separately to test on materials such as steel, soil, concrete, cement, asphalt. 220-240V, 50-60Hz, 1ph.;;;2025-09-04 15:23:18.2217;;;
LT-U0020;Belli Değil;"20 kN Kapasiteli Servo-Elektromekanik Universal Test Cihazı
20 kN Kapasiteli Servo-Elektromekanik Universal Cam Test Sistemi: Duvarlı tip test gövdesi, yük
ölçüm ve kontrolü için yük hücresi, posizyon ölçüm ve kontrolü için ipli encoder sisteminden
oluşmaktadır. Cihaz tek test alanlı yapıya sahiptir. Eğilme test aparatları fiyata dahildir.
Yük Ölçüm ve Kontrolü: Yük hücresi ile ISO 7500-1 standartlarına göre sınıf 0.5 ve daha iyi
hassasiyetle gerçekleştirilir. Pozisyon ölçümü ve kontrolü ipli encoder ile 0.001 mm hassasiyetle
yapılabilir. Pozisyon yükleme hızı 0.001/dk ile 150 mm/dk arasında ayarlanabilir.
Elektronik kontrol ünitesi: Kontrol ünitesi kullanılarak saniyede 1000 veri alma hızı (1 kHz). 24 bir
çözünürlik ve yüksek hassasiyete sahiptir.
Test Yazılımı: Test Yazılımı (Yük ve deplasman) vb. kontrollüne uygun . Liyatest Universal Test
Yazılımı ile yük, deplasman ve deformasyon(strain) kontrolüne izin verir yapıda çekme, basma, eğilme,
kısa süreli creep, stress relaxation gibi testlerin yanı sıra tekrarlı yüklemelere elverişlidir.
Hız ölçüm hassasiyeti %±0,1 Deplasman ölçüm ve kontrol çözünürlüğü ; 0,001 mm ( Encoder Sistemi
ile) Dikey test açıklığı ;≥ 250 mm";;;;2025-09-04 15:23:18.2218;;;
LT-U0150 ;Belli Değil;150 Joule Charpy/Izod Test Cihazı;150 Joule Charpy/Izod Test Device;;;2025-09-04 15:23:18.2219;;;
LT-U0300 ;Belli Değil;300 Joule Charpy/Izod Test Cihazı;300 Joule Charpy/Izod Test Device;;;2025-09-04 15:23:18.2220;;;
LT-U0450 ;Belli Değil;450 Joule Charpy/Izod Test Cihazı;450 Joule Charpy/Izod Test Device;;;2025-09-04 15:23:18.2221;;;
LT-M6000;Belli Değil;"Konteyner 3*7 m;
Elektrik, su tesisatı, mutfak dolabı ve mutfak tezgahı bulunmaktadır. Cihazlar konteynıra monte edilmiş bir şekilde teslim edilecektir.";"Container 3*7 m;
Supplied complete with Electrical Installation, Plumbing, kitchen cabinet and kitchen bench. Machines will be mounted on the container.";0,00;;2025-09-04 15:23:18.2222;0,00;0,00;0,00
LT-C0900;Belli Değil;CLOR ION GEÇİRGENLİK TEST CİHAZI 4 KANALLI 4 SET KALIP İLE BİRLİKTE VERİLMEKTEDİR. VAKUM POMPASI VE VAKUM HORTUMU , BÜYÜK TİP VAKUMLU DESİKATÖR, SODYUM HİDROOKSİT (1 KG), SODYUM KLORÜR (1 KG) AYRICA SİPARİŞ VERİLMELİDİR. ;Rapid Chloride Permeability Tester;0,00;20000,00;2025-09-04 15:23:18.2223;0,00;;
LT-C0135;Belli Değil;Karot Yarilama Makinasi(Taş Kesme Makinasi). Max.120 mm çap min. 45 mm arasindaki çeşitli ebatlardaki kayaç beton ve karot numunelerini kesmek ve karot numunelerinden iki yarim silindir elde etmek için tasarlanmiştir.  350 mm biçak çapi, 125 mm kesme derinliği 1 metre de yarilama uzunluğu kapasitelidir.;"Core Cutting Machine is mainly used to cut rock, concrete and core specimens of various sizes and to obtain two half cylinders from core specimens.Cutting capacity up to Ø 110 mm and 1100 mm length.
380 V, 50-60 Hz, 3 ph";0,00;70262,50;2025-09-04 15:23:18.2224;0,00;5750,00;
LT-A0090;Belli Değil;"Çeneli Kırıcı; Çene açıklığı 100x100 mm 'dir.
Cihaz ; kırılan numuneleri toplamak için 5 litre kapasiteli toplama kabına sahiptir. 380 V, 50-60 Hz, 3 ph";"Jaw Crusher; Width of the jaws is 10X10 cm. Material feeding dimension is 100 mm. Collector capacity is 5 liters. 
380 V, 50-60 Hz, 3 ph";0,00;65715,08;2025-09-04 15:23:18.2225;0,00;3950,00;0,00
LT-A0090/1;Belli Değil;100 MM lik Çene kırıcı çenesi (Manganlı  döküm);Jaws Set For Jaw Crusher 100 mm 2 pcs;0,00;240,00;2025-09-04 15:23:18.2226;0,00;350,00;
LT-A0091;Belli Değil;"Çeneli Kırıcı; Çene açıklığı 100x200 mm 'dir.
Cihaz ; kırılan numuneleri toplamak için 5 litre kapasiteli toplama kabına sahiptir. 380 V, 50-60 Hz, 3 ph";"Jaw Crusher; Width of the jaws is 10X20 cm. Material feeding dimension is 100 mm. Collector capacity is 5 liters. 
380 V, 50-60 Hz, 3 ph";0,00;73319,08;2025-09-04 15:23:18.2227;0,00;4400,00;
LT-A0092;Belli Değil;"Çeneli Kırıcı; Çene açıklığı 200x300 mm 'dir.
Cihaz ; kırılan numuneleri toplamak için toplama kabına sahiptir. 380 V, 50-60 Hz, 3 ph";"Jaw Crusher Terminator Type; Width of the jaws is 20X30 cm. Material feeding dimension is 100 mm. Collector capacity is 5 liters. 
380 V, 50-60 Hz, 3 ph";0,00;61710,00;2025-09-04 15:23:18.2228;0,00;5750,00;
LT-A0094;Belli Değil;Çeneli Kırıcı Güvenlik Kabini;Jaw Crusher Safety Cabinet;;;2025-09-04 15:23:18.2229;;;
LT-A0099;Belli Değil;"LT2000-P Pnömatik Diskli Öğütücü, öğütücü sesini azaltan ses yalıtımlı koruma kapağı ve koruma kapağı emniyet sensörü ile birlikte. CE kalite kontrol belgeli.  
Öğütme sistemi, 2000 cc hacimli kaplara kadar alabilmektedir.
Öğütme tablasına bağlı olan egzantrik eksen sayesinde 3 boyutlu öğütme hareketi
10-15mm boyutundaki numuneyi %80 ni 75 mic. boyutuna öğütebilme . 380 V, 50-60 Hz, 3 ph.                         (Kompresör Ayrıca Şipariş verilmelidir.)";"Pneumatic Disc Mill is used for pulverizing the soil, rock, cement, limestone, ceramic, metal oxidesetc rigid fragile materials.
100 cc Steel Grinding Set is available as an optional and should be ordered seperately.
Loss of material is minimum during the pulverizing.(
THE COMPRESSOR MUST BE ORDERED ALSO.)

";0,00;83426,00;2025-09-04 15:23:18.2230;0,00;5750,00;
LT-A0099-8;Belli Değil;Diskli Öğütücü Haznesi 100 cc;Grinding Disc 100 cc;0,00;2040,00;2025-09-04 15:23:18.2231;0,00;750,00;
LT-A0099/09.00;Belli Değil;Diskli Öğütücü Haznesi 600 cc;Grinding Disc Mill 600 cc;0,00;2040,00;2025-09-04 15:23:18.2232;0,00;800,00;
LT-A0099/10.00;Belli Değil;Diskli Öğütücü Haznesi 800 cc;Grinding Disc Mill 800 cc;0,00;12725,00;2025-09-04 15:23:18.2233;0,00;900,00;
LT-A0099/11.00;Belli Değil;Diskli Öğütücü Haznesi 1000 cc;Grinding Disc Mill 1000 cc;0,00;3605,00;2025-09-04 15:23:18.2234;0,00;1150,00;
LT-A0099/12.00;Belli Değil;Diskli Öğütücü Haznesi 2000 cc;Grinding Disc  Mill 2000 cc;0,00;18220,00;2025-09-04 15:23:18.2235;0,00;1350,00;
LT-A9600;Belli Değil;"Basınçlı filtrenin süzme yapan silindir haznesinin dış çapı 250±5 mm ve 304 paslanmaz çelikten imal edilmiştir.
Silindir haznenin boyu 400±5 mm olup, haznedeki et kalınlığı 6 mm’dir. 10 bara kadar Ayarlama yapan şartlandırıcı ile basınç ayarı Yapılabilmektedir. Cihaz ile birlikte 50 adet filtre kağıdı, 5 adet filtre bezi ve 1 adet filtre teli verilmektedir. ";"Pressure Filter The outer diameter of the Cylinder Reservoir of Presssure Filter Device which made the
filtration is 250 ± 5 mm and manufactured from 304 stainless steel. The size of the Cylinder
Reservoir is 400 ± 5 mm and the thickness is 6 mm.";0,00;43568,92;2025-09-04 15:23:18.2236;0,00;3750,00;
LT-A9650;Belli Değil;Vakumlu Filtre, Ø 250 x 60 mm çelikten imal edilmiş, korozyona karşı çinko kaplı   filtre haznesi ve kapağı, Çift Kademeli İsviçre Malı  Refco Vakum Pompası ile cam  su ayırıcı ara kabı ile, filtre kağıtları ile ve Vakum Hortumları ile birlikte verilmektedir.;"Vacuum Filter Ø250x60 mm filter pan made of steel and consisting of two pieces; the body and its top cover Together with one 1000 ml or 2000 ml water collecting glass vessel
(erlene) and vacuum hoses Double-Stage Vacuum Pump (Made in Switzerland) l, Also provided with: white filter paper (40 µm square apertured), filter cloth, filter wire wowen screen mesh 1 mm  square apertured";;;2025-09-04 15:23:18.2237;;;
LT-A0068;Belli Değil;"Yatay Aşındırma Cihazı (BÖHME CİHAZI); Numune yüzeylerinin düzgün olacak
şekilde ıslak yöntemle aşındırması için kullanılır.
Dönme hızı 30 ± 1 dev/dak. İstenilen devir sayısı sonunda(22 devir) otomatik devre kesme tertibatı bulunmaktadır. Dijital Devir göstergeli, Aşınmaya karşı dayanıklı tabla 750 mm çapındadır.
Aşındırma Tozu Ayrıca Sipariş Edilmelidir.
220 V, 50-60 Hz, 1 ph";"Horizontal Abrasion Device (Bohme  Device) Testing Machine. 
The apparatus is basically composed of cast iron horizontal disc
with a speed of 30 ± 1 rpm and a diameter of 750mm furnished
of a 200mm test track to position a specimen.
Control panel with digital revolutions counter with automatic stop
after 22 rotations.
Abrasive Sand is must be ordered separately.
220 V, 50-60 Hz, 1 ph";0,00;11880,00;2025-09-04 15:23:18.2238;0,00;4200,00;0,00
LT-A0068/1;Belli Değil;Yatay Aşındırma Tozu, 50Kg;Abrasive Sand, 50 Kg;0,00;6000,00;2025-09-04 15:23:18.2239;0,00;510,00;0,00
LT-A0074;Belli Değil;"Merdaneli Kırıcı;
Merdane Ölçüleri: 250x150 mm,
Kırılan parça büyüklüğü en fazla 12 mm.
380 V, 50-60 Hz, 3 ph.";"Roller Crusher.
Roll dimensions are 25x15 cm. Crushed materials are maximum
12 mm size.
380 V, 50-60 Hz, 3 ph.";0,00;46310,00;2025-09-04 15:23:18.2240;0,00;5100,00;0,00
LT-A0058;Belli Değil;"Doğal Taşlar ve Beton için Dikey Aşındırma Cihazı; Aşınma diskinin kalınlığı 70mm ve devir sayısı 75 dev/dak.'dır. Dijital sayıcısı sayesinde ayarlanan dönüş sayısı sonunda otomatik olarak durur.
380V, 50-60 Hz, 1 ph";"Abrasion Testing Machine for Natural Stones and Concrete Tiles, designed for determining the resistance to abrasion / wear of natural stones and concrete products. The abrasion wheel is 70 mm thick and rotates with speed of between 75 r.p.m. the machine is equipped with digital counter. 
380V, 50-60 Hz, 1 ph";0,00;;2025-09-04 15:23:18.2241;0,00;2700,00;0,00
LT-A0058/1;Belli Değil;Dikey Aşındırma Tozu, 50Kg;Abrasive Sand, 50 Kg;0,00;1075,00;2025-09-04 15:23:18.2242;0,00;600,00;0,00
LT-A0058/3;Belli Değil;Dikey Aşındırma Tozu, 1 Kg;Abrasive Sand, 1 Kg;0,00;21,50;2025-09-04 15:23:18.2243;0,00;30,00;0,00
LT-A0058/2;Belli Değil;Kalibrasyon (Boulonnaise) Mermeri ;Calibration (Boulonnaise) Marble;0,00;4500,00;2025-09-04 15:23:18.2244;0,00;0,00;0,00
LT-A0069;Belli Değil;"Tuğla ve Fayans için Dikey Aşındırma Cihazı; Aşınma diskinin kalınlığı 10mm ve devir sayısı 75 dev/dak.'dır. Dijital sayıcısı sayesinde ayarlanan dönüş sayısı sonunda otomatik olarak durur.
380V, 50-60 Hz, 1 ph";"Abrasion Tester for Bricks and Glazed Tiles, designed for determining the resistance to abrasion / wear of natural stones and concrete products. The abrasion wheel is 10 mm thick and rotates with speed of between 75 r.p.m. the machine is equipped with digital counter. 
380V, 50-60 Hz, 1 ph";0,00;;2025-09-04 15:23:18.2245;0,00;2700,00;0,00
LT-A0069/1;Belli Değil;Tuğla ve Fayans Aşındırma için Özel Kalıp (EN 12808-2);Mould for Bricks and Glazed Tiles Abrasion (EN 12808-2);0,00;;2025-09-04 15:23:18.2246;0,00;0,00;0,00
LT-A0058/1;Belli Değil;Dikey Aşındırma Tozu, 50Kg;Abrasive Sand, 50 Kg;0,00;1075,00;2025-09-04 15:23:18.2247;0,00;600,00;0,00
LT-A0073;Belli Değil;Diskli öğütücü ( BICO Muadili). 200X30 mm Diskler arası mesafe 0 ile 10 mm arası ayarlanabilir.  380 V, 50-60 Hz, 3 ph (Halkalı Öğütücü Özel Hazneli);"Disc Mill; The discharge opening between the discs infinitely
adjustable between 0 and 10 mm. 380 V, 50-60 Hz, 3 ph";0,00;42830,42;2025-09-04 15:23:18.2248;0,00;6600,00;0,00
LT-A0071;Belli Değil; (Halkalı Öğütücü  380 V, 50-60 Hz, 3 ph;"Vibratory Disc Mill; Max. Sample dimensions: 2 mm. Min. Sample dimensions: micron level. Supplied with 50cc, 100cc, 250cc Grinding Jars. 380 V, 50-60 Hz, 3 ph";0,00;1950,00;2025-09-04 15:23:18.2249;0,00;5100,00;0,00
LT-A0071/1;Belli Değil;Halkalı Öğütücü için Öğütme Seti. 50cc;Vibratory Disc Mill Grinding Jars. 50cc;0,00;;2025-09-04 15:23:18.2250;0,00;750,00;0,00
LT-A0071/2;Belli Değil;Halkalı Öğütücü için Öğütme Seti. 100cc,;Vibratory Disc Mill Grinding Jars. 100cc;;;2025-09-04 15:23:18.2251;;;
LT-A0071/3;Belli Değil;Halkalı Öğütücü için Öğütme Seti. 250cc;Vibratory Disc Mill Grinding Jars. 250cc;;;2025-09-04 15:23:18.2252;;;
LT-A0071/4;Belli Değil;Halkalı Öğütücü için Öğütme Seti. 800cc;Vibratory Disc Mill Grinding Jars. 800cc;0,00;;2025-09-04 15:23:18.2253;0,00;1100,00;0,00
LT-A0607;Belli Değil;Devirme Mekanizmalı Bilyalı – Çubuklu Değirmen , Değirmen dönme hızı 0–100 dev/dak arası kademesiz ayarlanabilir. Cihaz ekranından çalışma süresi girilibelir olup, süre bittiği zaman cihaz otomatik olarak durmaktadır. Degirmen tüpü, Ø178×362 mm iç ölçülerde 9 lt, iç hacimlidir. Cihaz  304 kalite paslanmaz çubuk seti ile birilikte verilmektedir. 220 V, 50-60 hZ, 1 ph;;;;2025-09-04 15:23:18.2254;;;
LT-M0606;Belli Değil;BİLYALI VE ÇUBUKLU DEĞİRMEN DÖNDÜRÜCÜ BOTTLE ROLL TABLE  , Denver Tipi Benzeri tasarımlı,  2 adet Ø 80 x 900 mm ölçüsünde kauçuk kaplı rulolu şekilde verilmektedir. BİLYALI DEĞİRMEN DÖNDÜRÜCÜ İÇİN  SES VE TOZ İZOLASYON KABİNİ,Önden açılır kapaklı, içi akustik  sünger kaplamalı olcak şekilde tasarlanmıştır.;Ball & Rod Mill;0,00;73777,90;2025-09-04 15:23:18.2255;0,00;;
LT-M0606/1;Belli Değil;"PASLANMAZ ÇELİK 6 lt DEĞİRMEN TÜPÜ ,1 adet 6 lt lik Ø 200 x 200 mm iç ölçülerinde kauçuk contalı, yaş ve kuru öğütmeye uygun AISI  304 Kalite  paslanmaz çelik değirmen tüpü, 1 şarj  ısıl işlemle  
sertleştirilmiş, aşınmaya mukavim öğütme bilyeleri  ile birlikte verilmektedir.
";;0,00;13965,00;2025-09-04 15:23:18.2256;0,00;;
LT-M0606/2;Belli Değil;"PASLANMAZ ÇELİK 9 lt DEĞİRMEN TÜPÜ , tasarımlı 1 adet 9 lt lik Ø 200 x 300 mm iç ölçülerinde kauçuk contalı, yaş ve kuru öğütmeye uygun AISI  304 Kalite  paslanmaz çelik değirmen tüpü, 1 şarj  ısıl işlemle sertleştirilmiş, krom alaşımlı aşınmaya mukavim öğütme bilyeleri ve 1 şarj AISI 304 kalite paslanmaz çelik çubuk ile birlikte verilmekteir.
";;0,00;16107,00;2025-09-04 15:23:18.2257;0,00;;
LT-M0607;Belli Değil;HİDROLİK MADEN KIRMA PRESİ 30 TON;;0,00;;2025-09-04 15:23:18.2258;0,00;;
LT-M0608;Belli Değil;TAMBURLU  ÖĞÜTÜCÜ 50LT;;0,00;;2025-09-04 15:23:18.2259;0,00;;
LT-M0610;Belli Değil;PLANET BİLYALI DEĞİRMEN;Planet Ball Mill;0,00;;2025-09-04 15:23:18.2260;0,00;;
LT-A1020;Belli Değil;"Şişe Çevirici (Bottle Roller Machine) 
Sistem 3 Katlı olup her katında 5 adet şişe aynı anda, toplamda 15 şişe dönmekteidr. Cihaz zaman ayarlı olup zaman bsayacı sıfırlandıktan sonra cihaz ototmatik olarak durmaktadır. 
Şişeler Ayrıca Sipariş Edilmelidir.";;0,00;52327,52;2025-09-04 15:23:18.2261;0,00;;
LT-A1021;Belli Değil;"Şişe Çevirici (Bottle Roller Machine) Hava Dağıtım Sistemli
Sistem 3 Katlı olup her katında 5 adet şişe aynı anda, toplamda 15 şişe dönmekteidr. Cihaz zaman ayarlı olup zaman bsayacı sıfırlandıktan sonra cihaz ototmatik olarak durmaktadır. 
Şişeler Ayrıca Sipariş Edilmelidir.";;0,00;52327,52;2025-09-04 15:23:18.2262;0,00;;
LT-M1020;Belli Değil;"Şişe Çevirici (Bottle Roller Machine) 
1 SIRALI TOPLAM 2 ADET PLASTİK ŞİŞELİ OTOMATİK ŞİŞE DÖNDÜRME MAKİNASI,
PLASTİK ŞİŞELER AYRICA SİPARİŞ EDİLMELİDİR";;0,00;37168,46;2025-09-04 15:23:18.2263;0,00;;
LT-A9900 ;Belli Değil;120 lt Otomatik Numune Bölücü;Rotary Sample Divider;0,00;33997,32;2025-09-04 15:23:18.2264;0,00;;
LT-M0611;Belli Değil;Döner Numune Bölücü (8x250ml)-Şişeli ;Rotary Sample Divider (8x250ml);0,00;;2025-09-04 15:23:18.2265;0,00;;
LT-M0611/1;Belli Değil;Döner Numune Bölücü (8x500ml)-Şişeli ;Rotary Sample Divider (8x500ml);0,00;;2025-09-04 15:23:18.2266;0,00;;
LT-M0611/2;Belli Değil;Döner Numune Bölücü (8x1000ml)-Şişeli ;Rotary Sample Divider (8x1000ml);0,00;;2025-09-04 15:23:18.2267;0,00;;
LT-A0340;Belli Değil;DÖNER NUMUNE BÖLÜCÜ 20-100 LT;Rotary Sample Divider 20-100lt;0,00;;2025-09-04 15:23:18.2268;0,00;;
LT-M0613;Belli Değil;ÇÖZÜNÜRLÜK KOLONLARI;;0,00;;2025-09-04 15:23:18.2269;0,00;;
LT-A0610;Belli Değil;"Flotasyon Cihazı
Makinenin tabanı dökme demirden; destek kolonu ve kolu, sürüş muhafazası dökme alüminyumdan imal edilmiştir.
Pervane hızı 700-2800 devir arasında kademesiz olarak ayarlanabilir
Dijital elektronik devir göstergesi ve koruyucu motor başlatma/durdurma anahtarı
Bir seferde 250-2000 gram arasında örnekle çalışabilir
Flotasyon kafaları kolayca değiştirilebilir
Pleksiglas flotasyon hücresi hacimleri 3, 4 litredir
Elektrik Motoru: 1 hp, 1400 rpm, 380 V, 3p";FLOTATİON MACHİNE;0,00;28040,00;2025-09-04 15:23:18.2270;0,00;;
LT-M0615;Belli Değil;"Jeolog Çekici Pointed Tip
";;0,00;;2025-09-04 15:23:18.2271;0,00;;
LT-M0615/1;Belli Değil;"Jeolog Çekici Pointed Tip
";;0,00;;2025-09-04 15:23:18.2272;0,00;;
LT-M0616;Belli Değil;ALTIN YIKAMA TAVASI;;0,00;;2025-09-04 15:23:18.2273;0,00;;
LT-M0617;Belli Değil;ŞİŞE DÖNDÜRÜCÜ;;0,00;;2025-09-04 15:23:18.2274;0,00;;
LT-M0618;Belli Değil;Vakum Filtresi;;0,00;;2025-09-04 15:23:18.2275;0,00;;
LT-M0660;Belli Değil;ORANTILI NUMUNE BÖLÜCÜ ;Rotating Sample Dividers;0,00;;2025-09-04 15:23:18.2276;0,00;;
LT-A0093 ;Belli Değil;Çekiçli Kırıcı Ø 300 X 190 mm;Hammer Crusher Ø300x190 mm;0,00;;2025-09-04 15:23:18.2277;0,00;;
LT-M1566;Belli Değil;Tambur Test Cihazı, Motor, 2 adet  tambura 5-31 devir/dakika arasında dönme hızı uygulayabilmektedir. Cihaz içinde 2 adet 900x50x5 mm kanat bulunmaktadır. Tamburum ölçüleri iç Ø 800 mm x 900 mm dir. Devir sayıcısı sayesinde motor ayarlanan sayıda dönerek durur. 220 V, 50-60Hz, 1ph;"Tumbler Test Device for Iron Ore ; It is used  for determination of stability and stiffness of metallurgical coke which goes to blast furnace. Manufactured in accordance with ASTM D 3402-93 standard. 2 drums Ø 800 mm x 900 mm in size, made of 6 mm thick AISI 304 stainless steel , drums speed 24 ± 1 rpm ,they rotate 1400 full revolutions and stop automatically by  a digital rev. counter.  Provided with two satinless steel material collecting trays. All system is enclosed in a steel sheet protective cabinet against dust and noise, with two front lids with safety switches. Electrical Motor: 4 HP,380 V, 3 p, 50 Hz";0,00;10000,00;2025-09-04 15:23:18.2278;0,00;;
LT-A0999;Belli Değil;DRUM MILL 50LT ;Drum Mill 50LT;0,00;70863,75;2025-09-04 15:23:18.2279;0,00;;
LT-M0075;Belli Değil;MICUM TAMBUR CİHAZI;Micum Drum Test Apparatus;0,00;17095,00;2025-09-04 15:23:18.2280;0,00;;
LT-M0100;Belli Değil;Soğuk Basma Test Cihazı (Misket Kırma);Cold Compression Strenght Test Machine;0,00;127076,00;2025-09-04 15:23:18.2281;0,00;;
LT-U0200;Belli Değil;Soğuk Bükme Test Cihazı;Cold Bending Test Device;0,00;;2025-09-04 15:23:18.2282;0,00;;
LT-M0026;Belli Değil;Bölgeç 7mm, 12 oluklu, 3 adet toplama kabı ile birlikte verilmektedir.Elektrostatik toz boya;Jones Riffle Type Riffle Box 7mm;0,00;;2025-09-04 15:23:18.2283;0,00;;
LT-M0028;Belli Değil;Bölgeç 13mm, 12 oluklu, 3 adet toplama kabı ile birlikte verilmektedir.Elektrostatik toz boya;Jones Riffle Type Riffle Box 13mm;0,00;;2025-09-04 15:23:18.2284;0,00;;
LT-M0029;Belli Değil;Bölgeç 15mm, 12 oluklu, 3 adet toplama kabı ile birlikte verilmektedir.Elektrostatik toz boya;Jones Riffle Type Riffle Box 15mm;0,00;;2025-09-04 15:23:18.2285;0,00;;
LT-M0030;Belli Değil;Bölgeç 19mm, 12 oluklu, 3 adet toplama kabı ile birlikte verilmektedir.Elektrostatik toz boya;Jones Riffle Type Riffle Box 19mm;0,00;;2025-09-04 15:23:18.2286;0,00;;
LT-M0032;Belli Değil;Bölgeç 25mm, 12 oluklu, 3 adet toplama kabı ile birlikte verilmektedir.Elektrostatik toz boya;Jones Riffle Type Riffle Box 25mm;0,00;;2025-09-04 15:23:18.2287;0,00;;
LT-M0033;Belli Değil;Bölgeç 30mm, 12 oluklu, 3 adet toplama kabı ile birlikte verilmektedir.Elektrostatik toz boya;Jones Riffle Type Riffle Box 30mm;0,00;;2025-09-04 15:23:18.2288;0,00;;
LT-M0034;Belli Değil;Bölgeç 38mm, 12 oluklu, 3 adet toplama kabı ile birlikte verilmektedir.Elektrostatik toz boya;Jones Riffle Type Riffle Box 38mm;0,00;;2025-09-04 15:23:18.2289;0,00;;
LT-M0035;Belli Değil;Bölgeç 45mm, 12 oluklu, 3 adet toplama kabı ile birlikte verilmektedir.Elektrostatik toz boya;Jones Riffle Type Riffle Box 45mm;0,00;;2025-09-04 15:23:18.2290;0,00;;
LT-M0036;Belli Değil;Bölgeç 50mm, 12 oluklu, 3 adet toplama kabı ile birlikte verilmektedir.Elektrostatik toz boya;Jones Riffle Type Riffle Box 50mm;0,00;;2025-09-04 15:23:18.2291;0,00;;
LT-M0037;Belli Değil;Bölgeç 64mm, 12 oluklu, 3 adet toplama kabı ile birlikte verilmektedir.Elektrostatik toz boya;Jones Riffle Type Riffle Box 64mm;0,00;;2025-09-04 15:23:18.2292;0,00;;
LT-M0038;Belli Değil;Bölgeç 75mm, 12 oluklu, 3 adet toplama kabı ile birlikte verilmektedir.Elektrostatik toz boya;Jones Riffle Type Riffle Box 75mm;0,00;;2025-09-04 15:23:18.2293;0,00;;
LT-M0256;Belli Değil;Pota karıştırıcı, 25 adet pota kapasiteli, dönüş hızı ve süresi ayarlanabilir. Özel yapısı sayesinde potaların üstü streç ile kaplanarak dönüş sırasında potalardaki malzemelerin birbirleriyle karışmasını önler.  750 W, 220 V, 10-60 rpm, 50-60 Hz.;Flux Mixer , 25 Cricibles capacity, rotation speed and duration can be adjusted. Thanks to its special structure, the top of the crucibles is covered with stretch film to prevent the materials in the crucibles from mixing with each other during rotation.  750 W, 220 V, 10-60 rpm, 50-60 Hz.;0,00;17625,00;2025-09-04 15:23:18.2294;0,00;;
LT-A9750;Belli Değil;Manuel Pellet Presi;Manuel Pellet Press;0,00;17745,00;2025-09-04 15:23:18.2297;0,00;;
LT-A9760;Belli Değil;Otomatik Pellet Presi;Automatic Pellet Press 30 Ton. Its management is very simple, thanks to a user-friendly display equipped with digital controls for both time and pressure settings. Consist of  Load Frame, Automatic Hydraulic Power Pack, Digital data acquisition & control system, Limit Switch for safety  220 V, 50-60 Hz, 1 ph;0,00;;2025-09-04 15:23:18.2298;0,00;;
LT-A9780;Belli Değil;Pellet Kalıbı  Ø32 mm;Pellet Mould Ø32 mm;0,00;;2025-09-04 15:23:18.2299;0,00;;
LT-A9781;Belli Değil;Pellet Kalıbı  Ø35 mm;Pellet Mould  Ø35 mm;0,00;;2025-09-04 15:23:18.2300;0,00;;
LT-A9782;Belli Değil;Pellet Kalıbı  Ø40 mm;Pellet Mould  Ø40 mm;0,00;;2025-09-04 15:23:18.2301;0,00;;
LT-A9783;Belli Değil;Pellet Kalıbı  Ø51.5 mm;Pellet Mould  Ø51.5 mm;0,00;;2025-09-04 15:23:18.2302;0,00;;
LT-A1606;Belli Değil;Bate;Gold Pan;0,00;680,00;2025-09-04 15:23:18.2303;0,00;;
LT-M1975;Belli Değil;Tüp Çalkalayıcı;Orbital Shaker;;;2025-09-04 15:23:18.2304;;;
LT-M3350;Belli Değil;Parafin Eritme Potası,Ø250x180 mm ölçülerindedir.  Termostat kontrollü ısıtıcı, 40- 350°C arasında sıcaklığı sabit tutabilmektedir. Kapaklıdır. Kepçe ile birlikte verilmektedir. Parafin ayrıca sipariş edilmelidir. 220 V, 50/60 Hz, 1 ph;;;;2025-09-04 15:23:18.2305;;;
LT-M3351;Belli Değil;Parafin 1 kg;;;;2025-09-04 15:23:18.2306;;;
LT-M3352;Belli Değil;Karot Sehbası 4 karotluk, karot sandıklarının yerleştirilmesi için tasarlanmıştır.;;;;2025-09-04 15:23:18.2307;;;
LT-M3353;Belli Değil;Fotoğraf Sehbası 2 karotluk;;;;2025-09-04 15:23:18.2308;;;
LT-M3354;Belli Değil;Tekerlekli Bilgisayar Sehbası;;;;2025-09-04 15:23:18.2309;;;
LT-M0055;Belli Değil;50 Ton Otomatik Hidrolik Yığın Presi;"50-Ton Automatic Hydraulic Test Press; Loading Body, Automatic Hydraulic Power Unit, Digital Data Reading & Control System. The device reaches the desired pressure with a precision of ±2 tons and waits at this pressure for the duration entered on the screen.";;;2025-09-04 15:23:18.2310;;;
LT-A0094;Belli Değil;120 Ton Hidrolik Kaya ve Mineral Kırma Presi;"120 Ton Hydraulic Rock and Mineral Crushing Press. It is used for rapid and safe size reduction without material loss by
crushing under hydraulic pressure to prepare suitable sized samples to feed to laboratory type crushers. ";;;2025-09-04 15:23:18.2311;;;
LT-M0350;Belli Değil;Çift Diskli Numune Zımpara Cihazı;Dual Disk Surface Grinder;;;2025-09-04 15:23:18.2312;;;
LT-M1297;Belli Değil; V Type Mixer 100 lt Capacity; V Type Mixer 100 lt Capacity;;;2025-09-04 15:23:18.2313;;;
LT-M1298;Belli Değil; V Type Mixer 300 lt Capacity; V Type Mixer 300 lt Capacity;;;2025-09-04 15:23:18.2314;;;
LT-M1299;Belli Değil; V Type Mixer 500 lt Capacity; V Type Mixer 500 lt Capacity;;;2025-09-04 15:23:18.2315;;;
LT-A0615;Belli Değil;Perkolosyan Kolonları, Ø90 x Ø84 x 600 mm ebadında şeffaf pleksiglas kolon kullanılarak, borunun üst ucu açık, taban da 150 X150 X 16 mm şeffaf pleksiglas flanş ile  kapalı ve alt yandan 1 adet R ½” veya R ¾” plastik tahliye vanası ile birlikte verilmektedir.;;;;2025-09-04 15:23:18.2316;;;
LT-A0620;Belli Değil;Çözünürlük Kolonları,  Ø160 x Ø154 x 2000 mm ebadında şeffaf pleksiglas kolon kullanılarak, borunun üst ucu açık, alt ucu pleksiglas ile tam kapalı ve alt taban merkezinde 1 adet Ø 10 mm tahliye delikli olarak tasarlanmıştır.;;;;2025-09-04 15:23:18.2317;;;
LT-M1520;Belli Değil;Füzyon Fırını(Elektrik yada Doğal Gaz), Tek seferde 50 x 65g veya 45x75g Pota alır. %70 alümina ateş tuğlasından üretilmiştir. Elektronik otomatik kontrol sıcaklık sistemi bulunmaktadır. 1200°C sıcaklığa çaıkabilen Silisyum Karbür rezistans kullanılmaktadır.“K” tipi Termokupl kullanılmaktadır, Kapı açılıp kapanması pnömatik bir sistem ve ayak kumandası yardımı ile yapılmaktadır. Füzyon Fırınları, ISO 9001:2015 kalite yönetim sistemi altında birinci sınıf hammaddelerden üretilir.;"Fusion Furnace, 
 Takes 50 x 65g or 45x75g Crucibles at one time.Hot face of 70% alumina fire-brick backed with insulating fire-brick.Electronic, automatic control 1200°C, type “K” Thermocouple and silicon carbide resistance, Door Operation Pneumatic rising. Operated by foot control.Fusion Furnaces are manufactured from premium grade raw materials under an ISO 9001:2015 quality management system.";;;2025-09-04 15:23:18.2318;;;
LT-M1525;Belli Değil;Kupelasyon Fırını(Elektrik yada Doğal Gaz), Tek seferde 90 adet Kupel alır. %70 alümina ateş tuğlasından üretilmiştir. Elektronik otomatik kontrol sıcaklık sistemi bulunmaktadır. 900°C sıcaklığa çaıkabilen Silisyum Karbür rezistans kullanılmaktadır.“K” tipi Termokupl kullanılmaktadır, Kapı açılıp kapanması pnömatik bir sistem ve ayak kumandası yardımı ile yapılmaktadır. Füzyon Fırınları, ISO 9001:2015 kalite yönetim sistemi altında birinci sınıf hammaddelerden üretilir.;" Cupellation Furnace, 
 Takes 90 cupels at one time.Hot face of 70% alumina fire-brick backed with insulating fire-brick.Electronic, automatic control 900°C, type “K” Thermocouple and silicon carbide resistance, Door Operation Pneumatic rising. Operated by foot control.Fusion Furnaces are manufactured from premium grade raw materials under an ISO 9001:2015 quality management system.";;;2025-09-04 15:23:18.2319;;;
LT-M0257;Belli Değil;Çalışma Tezgahı (180 X 75 X 90 cm); Work Station (180 X 75 X 90 cm);;;2025-09-04 15:23:18.2320;;;
LT-M0258;Belli Değil;Pot Tavası 45 Numunelik;Benc Grid 45 Place;;;2025-09-04 15:23:18.2321;;;
LT-M0259;Belli Değil;Pota Yükleme Arabası;Pot loaders;;;2025-09-04 15:23:18.2322;;;
LT-M0260;Belli Değil;Dökme Arabası;Pouring trolleys;;;2025-09-04 15:23:18.2323;;;
LT-M0261;Belli Değil;Pota Taşıyıcı;Pot pouring tongs;;;2025-09-04 15:23:18.2324;;;
LT-M0262;Belli Değil;Pota Soğutma Aparatı;Pot cooling racks;;;2025-09-04 15:23:18.2325;;;
LT-M0263;Belli Değil;Pota Rafı;Pot tray;;;2025-09-04 15:23:18.2326;;;
LT-M0264;Belli Değil;Sıcak Pota Arabası;Hot pot trolleys;;;2025-09-04 15:23:18.2327;;;
LT-M0265;Belli Değil;Döküm Kalıbı;Pouring moulds;;;2025-09-04 15:23:18.2328;;;
LT-M0266;Belli Değil;Kalıp Kapağı;Mould covers;;;2025-09-04 15:23:18.2329;;;
LT-M0267;Belli Değil;Kupel Çatalı;Cupel forks;;;2025-09-04 15:23:18.2330;;;
LT-M0268;Belli Değil;Kupel Soğutma Rafı;Cupel cooling racks;;;2025-09-04 15:23:18.2331;;;
LT-M0269;Belli Değil;Kupel Kırma Masası;Knock-up benches;;;2025-09-04 15:23:18.2332;;;
LT-M0270;Belli Değil;Fırın Fırçası;Furnace brushes;;;2025-09-04 15:23:18.2333;;;
LT-M0271;Belli Değil;Fırın Tırmığı;Furnace rakes;;;2025-09-04 15:23:18.2334;;;
LT-M0272;Belli Değil;Fırın Küüreği;Furnace shovels;;;2025-09-04 15:23:18.2335;;;
LT-M0273;Belli Değil;Prill Çalışma Masası(140 x 75 x 90 cm);Prill Bench(140 x 75 x 90 cm);;;2025-09-04 15:23:18.2336;;;
LT-M0274;Belli Değil;Kupelasyon Fırını Çemberi;Furnace Chamber;;;2025-09-04 15:23:18.2337;;;
LT-M0275;Belli Değil;Kupelasyon Fırını Çember Tuğlası;Furnace tile;;;2025-09-04 15:23:18.2338;;;
